,ACT. FUEL RATEKG/THM.,ACTUALKG/THM.,BELLY - 15162_TEMP. OC.2CT-17DEG. OC,BELLY - 15162_TEMP. OC.3DT-03DEG. OC,BELLY - 15162_TEMP. OCAT-07DEG. OC,BOSH - 12975_TEMP. OC.1BT-12DEG. OC,BOSH - 12975_TEMP. OC.2CT-17DEG. OC,BOSH - 12975_TEMP. OC.3DT-03DEG. OC,BOSH - 12975_TEMP. OCAT-07DEG. OC,BOTTOMBAR,CHARGES/HRS.,CHEM_PCT_C,CHEM_PCT_CR,CHEM_PCT_FE,CHEM_PCT_MN,CHEM_PCT_P,CHEM_PCT_S,CHEM_PCT_SI,CHEM_PCT_TI,COKE RATE KG/THM,COKE_ASH%,COKE_CALC_MT,COKE_DISCHARGE_TIME,COKE_FC%,COKE_IM%,COKE_MOIST%,COKE_VM%,DIFFERENTIAL PRESSURETOTALBAR,FLUX_AL2O3%,FLUX_CALC_MT,FLUX_CAO%,FLUX_FE2O3%,FLUX_LOI%,FLUX_MGO%,FLUX_SIO2%,FLUX_TM%,FURNACE TOP GAS ANALYSISCO2%,FURNACE TOP GAS ANALYSISH2%,FURNACE TOP GAS ANALYSISONLINE (ANALYZER)CO%,FURNACE TOP GAS_UPTAKE TEMP. OC.1BT-12DEG. OC,FURNACE TOP GAS_UPTAKE TEMP. OC.2CT-08DEG. OC,FURNACE TOP GAS_UPTAKE TEMP. OC.3DT-04DEG. OC,FURNACE TOP GAS_UPTAKE TEMP. OC.4AVG.DEG. OC,FURNACE TOP GAS_UPTAKE TEMP. OCAT-16DEG. OC,FURNACETOPGASANALYSISCO2ETACO,GEOMIN TYPE,HEARTH PAD CENTER_TEMP. OC.1B5.4 MTR.DEG. OC,HEARTH PAD CENTER_TEMP. OC.2C5.7 MTR.DEG. OC,HEARTH PAD CENTER_TEMP. OC.3D6.1 MTR.DEG. OC,HEARTH PAD CENTER_TEMP. OCA4.3 MTR.DEG. OC,HMT_GT_1480C,HOT BLAST PRESSUREBAR,HOT BLAST TEMP.OC,HOT BLAST VOLUMENM3/HR.,LLOYDS_PELLET_PCT_AL2O3,LLOYDS_PELLET_PCT_CAO,LLOYDS_PELLET_PCT_FE2O3,LLOYDS_PELLET_PCT_K2O,LLOYDS_PELLET_PCT_LOI,LLOYDS_PELLET_PCT_MGO,LLOYDS_PELLET_PCT_MNO,LLOYDS_PELLET_PCT_NA2O,LLOYDS_PELLET_PCT_P,LLOYDS_PELLET_PCT_SIO2,LLOYDS_PELLET_PCT_TIO2,LLOYDS_PELLET_PCT_TM,LOWER STACK - 18660_TEMP. OC.1BT-12DEG. OC,LOWER STACK - 18660_TEMP. OC.2CT-17DEG. OC,LOWER STACK - 18660_TEMP. OC.3DT-03DEG. OC,LOWER STACK - 18660_TEMP. OCAT-07DEG. OC,NON_COKE_DISCHARGE_TIME,NUTCOKE_ASH%,NUTCOKE_CALC_MT,NUTCOKE_FC%,NUTCOKE_IM%,NUTCOKE_MOIST%,NUTCOKE_VM%,O2 ENRICHMENT %,ORE_AL2O3%,ORE_CALC_MT,ORE_CAO%,ORE_FE(T)%,ORE_K2O%,ORE_LOI%,ORE_MGO%,ORE_MNO%,ORE_NA2O%,ORE_P%,ORE_SIO2%,ORE_TIO2%,ORE_TM%,OXYGENFLOWNM3/HR.,PCI_2_ASH%,PCI_2_CALC_MT,PCI_2_FC%,PCI_2_IM%,PCI_2_VM%,PERMEABILITYKGS/HR.,PRODUCTIONTONNESPERHR,RAFTOC,SINTER_CALC_MT,SINTER_SP_02_AL2O3%,SINTER_SP_02_BASICITY,SINTER_SP_02_CAO%,SINTER_SP_02_COLD_STRENGTH_AI,SINTER_SP_02_COLD_STRENGTH_TI,SINTER_SP_02_FE(T)%,SINTER_SP_02_FEO%,SINTER_SP_02_HOT_STRENGTH_RDI,SINTER_SP_02_HOT_STRENGTH_RI,SINTER_SP_02_K2O%,SINTER_SP_02_MGO%,SINTER_SP_02_MNO%,SINTER_SP_02_NA2O%,SINTER_SP_02_P%,SINTER_SP_02_SIO2%,SINTER_SP_02_TIO2%,SLAG_BASICITY,SLAG_PCT_AL2O3,SLAG_PCT_CAO,SLAG_PCT_FEO,SLAG_PCT_K2O,SLAG_PCT_MGO,SLAG_PCT_MNO,SLAG_PCT_NA2O,SLAG_PCT_S,SLAG_PCT_SIO2,SLAG_PCT_TIO2,SLAG_T_BASICITY,STEAMKGS/HR.,STOCKRODLEVEL,TOPBAR,TOPPRESSUREBAR,TOTAL HEAT LOAD,TOTAL OXYGENNM3/HR.,TOTAL_COKE_PORTIONS,TOTAL_NON_COKE_PORTIONS,TOTAL_PELLET_CALC_MT,TUYEREVELOCITYM/S,UNITCOST LAKHS/THM,WEIGHTED_COKE_ANGLE,WEIGHTED_NON_COKE_ANGLE
2026-03-06 13:00:00,535.0,187.56976575342475,50.36849315068495,47.55753424657529,2.453424657534246,56.64246575342459,62.54109589041097,52.70136986301373,54.1328767123287,1.143696842465754,6.5,4.49,0.013,94.8536,0.15,0.1,0.0368,0.306,0.0506,285.0,11.372390853737532,30.876,105.0,87.70816686099236,0.3878685710584273,2.278685710584273,0.9194422852701128,1.4152703424657531,0.0,0.0,0.0,0.0,0.0,0.0,0.0,0.0,18.683766027397265,3.682695945205478,23.776755342465755,155.6547945205479,179.59315068493146,199.20958904109585,184.93767123287665,205.29315068493156,44.00426369863013,1.0,397.7739726027394,512.5,674.0054794520544,65.12465753424657,1489.6,2.764935260273972,1213.182890410959,109644.53698630138,0.0,0.0,0.0,0.0,0.0,0.0,0.0,0.0,0.0,0.0,0.0,0.0,37.18356164383562,31.047945205479422,27.130136986301363,67.67808219178082,60.0,11.51,5.629,87.48499999999999,0.405,4.9,1.005,5.101512438356165,4.674635159315134,60.917,0.0252352216950933,59.20637162040153,0.0281133017055994,4.218078204770426,0.0349836334684899,0.0969518853522005,0.0181495477452927,0.0762907726907103,5.517985619777731,0.3962860449464025,3.202022423953905,5943.822630136988,7.82,18.202707917541115,71.60000000000001,1.06,19.52,1301.912904109589,97.04500000000006,2273.3430821917805,118.372,2.57,1.841620626151013,10.0,5.065555555555555,79.44666666666666,54.88,8.32,38.89,71.63,0.051,2.41,0.19,0.029,0.044,5.43,0.14,1.104008806275865,19.226,36.536,0.286,0.3399999999999999,8.184000000000001,0.214,0.2,0.376,33.1,1.31,1.351303157220039,0.0,0.9049776438356166,0.2715735328767123,1.3486610684931504,1.251513472260274,,22.0,8.0,0.0,216.84706986301364,96.10299396232878,27.40909090909091,28.25
2026-03-06 14:00:00,533.6111111111111,191.92186750000025,51.01916666666665,47.84388888888881,4.940000000000003,56.423333333333154,62.5680555555556,53.08027777777795,54.17555555555588,1.1569411805555558,6.5,4.49,0.013,94.85687272727272,0.15,0.1,0.0375272727272727,0.3023636363636363,0.0502363636363636,285.0,11.368767783386875,26.148,105.0,87.71226250573659,0.3874747590637907,2.2747475906379075,0.918969710876549,1.4534062250000006,0.0,0.0,0.0,0.0,0.0,0.0,0.0,0.0,18.32200052777776,3.688673475,24.24775800000001,194.58055555555552,213.1408333333333,226.8283333333333,216.10104166666667,229.85444444444445,43.038661333333344,1.0,397.8416666666657,512.6730555555541,674.2672222222175,65.28527777777806,1485.6,2.801781855555556,1191.516458333332,109213.47027777784,0.0,0.0,0.0,0.0,0.0,0.0,0.0,0.0,0.0,0.0,0.0,0.0,37.18388888888904,31.344722222222288,28.91111111111115,63.88555555555558,60.0,11.51,4.751,87.48499999999999,0.405,4.9,1.005,4.939477447222218,4.650854361932227,52.706,0.025232781846469,59.26516070276629,0.0281246347664402,4.194565324630972,0.0349487914089477,0.0963382537092551,0.0181865821728076,0.0759765871058323,5.486567563465261,0.3929566273289568,3.196321101961826,5744.745063888885,7.82,18.625057631537352,71.60000000000001,1.06,19.52,1254.117825,97.0449999999991,2226.8618944444456,101.277,2.57,1.841620626151013,10.0,5.065555555555555,79.44666666666666,54.88,8.32,38.89,71.63,0.051,2.41,0.19,0.029,0.044,5.43,0.14,1.1184925459536352,19.349636363636364,36.73236363636364,0.2641818181818182,0.3218181818181818,8.224,0.1994545454545454,0.1636363636363636,0.3723636363636363,32.845454545454544,1.2736363636363637,1.3689103086990109,0.0,0.7256076358333338,0.2964650736111109,1.3482409249999976,1.137792569722223,,22.0,8.0,0.0,209.84582388888893,96.67964744375004,27.40909090909091,28.25
2026-03-06 15:00:00,530.0,184.4784994444444,51.93694444444459,48.17222222222216,6.578055555555564,56.08472222222238,61.720833333333296,54.01249999999999,54.16027777777785,1.1595219722222223,6.5,4.452941176470588,0.0133088235294117,94.74689705882352,0.1561764705882353,0.1055588235294117,0.0318235294117647,0.4297058823529411,0.0635882352941176,285.0,11.374085095275388,30.648,105.0,87.70625163142783,0.3880527277473244,2.280527277473245,0.9196632732967892,1.4372593944444452,0.0,0.0,0.0,0.0,0.0,0.0,0.0,0.0,17.962215888888885,3.620362344444447,23.90644327777775,160.71111111111122,186.2527777777777,194.01194444444465,185.64791666666676,201.61583333333328,42.90012216666665,1.0,398.0111111111136,512.8838888888863,674.4955555555571,65.68055555555588,1491.3382352941176,2.7853651694444417,1209.4432916666658,109095.83000000002,0.0,0.0,0.0,0.0,0.0,0.0,0.0,0.0,0.0,0.0,0.0,0.0,37.339444444444325,31.044722222222124,29.38722222222228,60.40916666666666,60.0,11.51,5.553,87.48499999999999,0.405,4.9,1.005,4.756020247222218,4.702426524885541,60.939,0.0251234677300251,59.1417693102939,0.0282148870181657,4.242236006498302,0.035018018018018,0.0976535223748338,0.0180962930143258,0.0766718357701964,5.552436863092601,0.3998856889676561,3.211268645694875,5787.587538888884,7.82,17.90271597858594,71.60000000000001,1.06,19.52,1267.1405888888896,97.0449999999991,2250.446516666666,118.628,2.57,1.841620626151013,10.0,5.065555555555555,79.44666666666666,54.88,8.32,38.89,71.63,0.051,2.41,0.19,0.029,0.044,5.43,0.14,1.1359763879080431,19.396029411764705,36.998970588235295,0.25,0.3130882352941176,8.321029411764705,0.1776470588235294,0.1369117647058823,0.360735294117647,32.57191176470588,1.206764705882353,1.391465384979673,0.0,0.8864800425555561,0.27773739,1.3480443777777784,1.1605304911805558,,22.0,8.0,0.0,213.13533305555535,95.69340117638887,27.40909090909091,28.25
2026-03-06 16:00:00,530.0,179.68679527777795,52.41722222222212,48.43972222222221,7.371388888888882,56.00777777777752,59.7286111111111,55.54222222222207,54.05305555555554,1.1786200513888885,6.5,4.379904761904762,0.0138761904761904,94.5259619047619,0.1675238095238095,0.1165142857142857,0.0189904761904761,0.6865714285714285,0.0906571428571428,285.0,11.36057013060761,26.415,105.0,87.68296687488169,0.394847245883021,2.2292598902138936,0.9564629945106946,1.4663237888888887,0.0,0.0,0.0,0.0,0.0,0.0,0.0,0.0,18.017168527777784,3.682733705555554,23.561101444444432,149.85500000000002,193.39583333333331,235.7111111111112,197.6786111111112,211.7525000000001,43.33113119444445,1.0,398.17444444444334,513.1422222222244,674.8408333333304,65.82527777777797,1508.7619047619048,2.8144570611111104,1176.8768694444418,109472.43583333332,0.0,0.0,0.0,0.0,0.0,0.0,0.0,0.0,0.0,0.0,0.0,0.0,36.90027777777774,30.73638888888883,29.06694444444449,63.006111111111096,60.0,11.51,4.683,87.48499999999999,0.405,4.9,1.005,4.532368211111113,4.746914962706393,50.813,0.0246499124239859,59.04889890382383,0.0286727412276385,4.272370653179304,0.0350567768090842,0.0987368980379036,0.0179853974376635,0.077317556530809,5.6017619506819125,0.4048991203038592,3.232712101233936,5923.6374194444425,7.53,17.437705047731928,71.85999999999999,0.93,19.68,1247.007391666666,97.0449999999991,2204.215597222222,99.985,2.5872,1.914459024511018,10.8255,5.065555555555555,79.44666666666666,54.32,8.86,38.89,71.63,0.056203,2.2968,0.1881,0.026076,0.045,5.654599999999999,0.14364,1.1416528347901664,19.28161904761905,37.16019047619048,0.2636190476190476,0.3162857142857143,8.421809523809523,0.15,0.1287619047619047,0.34,32.56771428571428,1.11,1.4004284491881336,0.0,0.7410517830444443,0.2877037494444446,1.3481438722222223,1.1749006475694437,,22.0,8.0,0.0,208.01066472222217,95.05850037430558,27.40909090909091,28.25
2026-03-06 17:00:00,530.0,178.84016027777798,52.57972222222236,48.659444444444816,5.515555555555561,55.94027777777772,58.11333333333337,57.340555555555554,54.04722222222232,1.1676182444444438,6.5,4.425619047619048,0.0133047619047619,94.6642476190476,0.1560952380952381,0.1096571428571428,0.0235619047619047,0.5322857142857143,0.0752285714285714,285.0,11.387156999767065,25.758000000000003,105.0,87.6551576209333,0.3957640344747262,2.253707585992701,0.9576853792996348,1.4478157249999997,0.0,0.0,0.0,0.0,0.0,0.0,0.0,0.0,17.755497916666688,4.116512355555558,23.79120855555555,163.62750000000008,214.93916666666672,231.6777777777777,208.3125,223.0055555555555,42.73851744444443,1.0,398.3513888888884,513.3961111111098,675.0541666666713,66.0055555555557,1503.047619047619,2.795866224999996,1161.6971666666682,109418.68138888894,0.0,0.0,0.0,0.0,0.0,0.0,0.0,0.0,0.0,0.0,0.0,0.0,36.85972222222219,30.76416666666682,26.671666666666624,68.5425,60.0,11.51,4.695,87.48499999999999,0.405,4.9,1.005,4.44735706111111,4.784532520325203,49.2,0.0240560975609756,58.97729268292683,0.0292536585365853,4.292247967479675,0.0350788617886178,0.0996268292682926,0.0178747967479674,0.0778869918699187,5.639646341463414,0.4086467479674796,3.2552032520325205,5812.985216666666,7.53,17.3683304256168,71.85999999999999,0.93,19.68,1260.673472222223,97.11649999999986,2138.6610388888885,87.005,2.5872,1.914459024511018,10.8255,5.065555555555555,79.44666666666666,54.32,8.86,38.89,71.63,0.056203,2.2968,0.1881,0.026076,0.045,5.654599999999999,0.14364,1.0844974633227618,19.10447619047619,36.46876190476191,0.3264761904761905,0.2991428571428571,8.153238095238095,0.15,0.123047619047619,0.34,33.664857142857144,1.11,1.3270293812472849,0.0,0.7226369516666663,0.2801974850000003,1.3481077166666688,1.2282866913194426,,22.0,8.0,0.0,205.85026083333327,94.9463212368056,27.40909090909091,28.25
2026-03-06 18:00:00,532.6805555555555,193.54254833333377,52.38861111111084,48.584166666666896,5.0161111111111145,55.704999999999856,57.113333333333394,58.92444444444453,54.00222222222215,1.138220858611111,6.1375,4.438524590163935,0.0127704918032786,94.79767213114754,0.1477049180327868,0.102327868852459,0.0280655737704918,0.4109836065573771,0.0619508196721311,285.0,11.355330802957925,30.562,105.0,87.68844709115898,0.3946665794123422,2.224442117662457,0.9562221058831228,1.4100747694444435,0.0,0.0,0.0,0.0,0.0,0.0,0.0,0.0,17.85098411111109,4.012683263888886,24.041908333333303,159.98999999999998,205.2025000000001,210.0275,198.23027777777776,217.7011111111111,42.61099558333333,1.0,398.5605555555582,513.5875000000029,675.2144444444466,66.15666666666681,1494.4918032786886,2.7580696444444475,1198.564791666667,108982.75527777772,0.0,0.0,0.0,0.0,0.0,0.0,0.0,0.0,0.0,0.0,0.0,0.0,37.06277777777795,31.047222222222263,24.551111111111037,69.30555555555554,60.0,11.51,5.568,87.48499999999999,0.405,4.9,1.005,4.394224736111112,4.74825830308376,58.95400000000001,0.0241831258269158,59.06228788547002,0.0291399396139362,4.2601706415171146,0.0350329409370017,0.0987084845811988,0.0179426671642297,0.0773918987685313,5.5943070868812965,0.4039004986938969,3.243559385283441,5696.490763888888,7.53,17.758617486417847,71.85999999999999,0.93,19.68,1290.4475166666657,91.7556250000005,2187.7749861111124,117.857,2.5872,1.914459024511018,10.8255,5.065555555555555,79.44666666666666,54.32,8.86,38.89,71.63,0.056203,2.2968,0.1881,0.026076,0.045,5.654599999999999,0.14364,1.0588206803801536,19.05360655737705,36.109180327868856,0.3531147540983606,0.3175409836065573,8.071967213114753,0.15,0.1291803278688524,0.3101639344262295,34.105409836065576,1.153606557377049,1.2955382618182922,0.0,0.9112582108333318,0.2718539166666668,1.3479557750000006,1.2895236271527772,,22.0,8.0,0.0,213.41741750000008,96.89438765416672,27.40909090909091,28.25
2026-03-06 19:00:00,533.5388888888889,182.53066611111092,51.7861111111114,48.14194444444446,13.035277777777765,55.15555555555554,57.20583333333367,57.840000000000174,53.79305555555538,1.15561817888889,6.725,4.413934426229509,0.0122786885245901,94.92554098360657,0.1427868852459016,0.0944590163934426,0.0324918032786885,0.3273770491803279,0.0511311475409836,285.0,11.353506912442398,30.38,105.0,87.69035483870968,0.3946036866359447,2.222764976958526,0.9561382488479264,1.446109972222222,0.0,0.0,0.0,0.0,0.0,0.0,0.0,0.0,18.110411722222224,3.6803224388888913,23.479625027777804,144.86888888888882,171.92499999999995,188.9763888888889,173.56652777777774,188.49583333333328,43.54526861111114,1.0,398.67277777777593,513.7208333333293,675.3658333333311,66.06361111111133,1482.688524590164,2.7939452527777786,1206.926911111111,109916.70166666656,0.0,0.0,0.0,0.0,0.0,0.0,0.0,0.0,0.0,0.0,0.0,0.0,37.07222222222243,31.160833333333333,29.337222222222216,57.45222222222223,60.0,11.51,5.529,87.48499999999999,0.405,4.9,1.005,4.239848683333331,4.720828420930963,60.561,0.0243269926190122,59.12484866498242,0.0290060434933373,4.237299582239395,0.0350008586383976,0.0980205082478823,0.0179981506249896,0.0770117237165832,5.560967454302275,0.4004329849242912,3.2336767886923927,5526.196452777777,7.53,18.35140500747849,71.85999999999999,0.93,19.68,1271.0633222222216,95.81497757663124,2210.5904722222226,117.75,2.5872,1.914459024511018,10.8255,5.065555555555555,79.44666666666666,54.32,8.86,38.89,71.63,0.056203,2.2968,0.1881,0.026076,0.045,5.654599999999999,0.14364,1.0691194271801696,19.14704918032787,36.12885245901639,0.3383606557377049,0.3765573770491803,8.204754098360656,0.15,0.1488524590163934,0.2462295081967213,33.7955737704918,1.247049180327869,1.3119419406885635,0.0,0.9569999119444444,0.2904917777777776,1.348013658333335,1.3067815408333332,,22.0,8.0,0.0,214.06318472222205,95.4353132597222,27.40909090909091,28.25
2026-03-06 20:00:00,533.0,191.7677594444449,50.89111111111112,47.66527777777798,13.705277777777772,54.25055555555565,57.2205555555557,56.33416666666665,53.21305555555575,1.1439025944444454,6.275,4.4,0.0122363636363636,94.99681818181818,0.14,0.0911818181818181,0.035,0.28,0.0447636363636363,285.0,11.353856399265156,26.128,105.0,87.68998928352725,0.394615737905695,2.223086344151868,0.9561543172075936,1.4356952805555556,0.0,0.0,0.0,0.0,0.0,0.0,0.0,0.0,17.80509724999996,3.658813983333336,24.09693319444443,192.1958333333332,217.08944444444444,221.8058333333334,212.7440972222222,219.88527777777784,42.49114366666666,1.0,398.798611111112,513.8749999999976,675.4480555555532,65.83583333333337,1475.7636363636364,2.784231816666668,1199.472055555556,110811.13999999993,0.0,0.0,0.0,0.0,0.0,0.0,0.0,0.0,0.0,0.0,0.0,0.0,37.25083333333328,32.226666666666695,24.77277777777773,61.23833333333327,60.0,11.51,4.689,87.48499999999999,0.405,4.9,1.005,4.26512954722222,4.851819836773099,48.889,0.022354435558101,58.87209474523922,0.0309335024238581,4.309274888011618,0.0350830248113072,0.1011322792448198,0.017621305406124,0.0789830636748552,5.694770193704105,0.4137249278978911,3.309848841252634,5629.417983333334,7.53,17.989973223182748,71.85999999999999,0.93,19.68,1289.4249944444434,93.81125000000036,2220.210619444445,103.235,2.5872,1.914459024511018,10.8255,5.065555555555555,79.44666666666666,54.32,8.86,38.89,71.63,0.056203,2.2968,0.1881,0.026076,0.045,5.654599999999999,0.14364,1.0867122244385083,19.093636363636364,36.338545454545454,0.3394545454545454,0.41,8.251636363636363,0.176,0.16,0.2549090909090909,33.44509090909091,1.3189090909090908,1.333441684854643,0.0,0.9210648225,0.2917926408333337,1.3482264777777773,1.2499586099305555,,22.0,8.0,0.0,215.25037277777776,96.65922812638894,27.40909090909091,28.25
2026-03-06 21:00:00,540.0,187.29580111111096,50.29444444444447,47.68583333333348,12.27388888888888,53.85138888888861,55.90472222222213,55.01611111111116,53.01361111111101,1.1795403641666666,7.0875,4.4,0.0127818181818181,94.9940909090909,0.14,0.0939090909090909,0.035,0.28,0.0442181818181818,285.0,11.35214849187935,25.86,105.0,87.69177571539056,0.3945568445475638,2.221515854601701,0.9560757927300848,1.452389472222223,0.0,0.0,0.0,0.0,0.0,0.0,0.0,0.0,18.328825055555576,3.867492930555558,23.799238111111123,142.56972222222225,157.58555555555557,165.22944444444437,158.718125,169.48777777777778,43.50757708333333,1.0,398.854999999998,513.9994444444452,675.4788888888893,65.74833333333326,1475.2181818181818,2.800435558333336,1218.8884333333335,109879.43500000008,0.0,0.0,0.0,0.0,0.0,0.0,0.0,0.0,0.0,0.0,0.0,0.0,37.79666666666655,32.81722222222233,26.50388888888891,63.89777777777775,60.0,11.51,4.694,87.48499999999999,0.405,4.9,1.005,4.350724711111107,4.590651148719592,56.193,0.0253396686420016,59.409944299111984,0.0280400405744487,4.138316160375847,0.0348668339472888,0.0948000640649191,0.0182901784919829,0.0751674941718719,5.409264855053121,0.3848152616873988,3.179339063584432,5694.331800000002,7.53,19.845511906106232,71.85999999999999,0.93,19.68,1263.3517305555558,97.69009447791346,2190.545838888889,100.79,2.5872,1.914459024511018,10.8255,5.065555555555555,79.44666666666666,54.32,8.86,38.89,71.63,0.056203,2.2968,0.1881,0.026076,0.045,5.654599999999999,0.14364,1.1138433953731155,18.848181818181818,36.79672727272727,0.3612727272727273,0.41,8.186181818181819,0.236,0.16,0.3585454545454545,33.04145454545455,1.3625454545454545,1.3616055144075483,0.0,1.1248095161111105,0.2728491358333333,1.347944922222222,1.2164461360416658,,22.0,8.0,0.0,215.9382427777777,96.0666936472222,27.40909090909091,28.25
2026-03-06 22:00:00,539.5694444444445,203.42961472222217,49.656388888889005,47.36166666666632,14.373333333333337,53.57638888888886,55.664166666666674,54.11805555555575,52.61361111111113,1.1610113552777783,6.4125,4.382000000000001,0.013,94.966,0.143,0.0968,0.0329,0.3175,0.0487999999999999,285.0,11.358062399724965,34.904,105.0,87.68558990373596,0.394760772404309,2.2269539307815727,0.9563476965390786,1.4460211166666666,0.0,0.0,0.0,0.0,0.0,0.0,0.0,0.0,18.171658027777784,3.784674008333337,23.5307920833333,144.6124999999999,165.96833333333333,185.4080555555557,169.01395833333336,180.06694444444446,43.57410216666666,1.0,399.05000000000194,514.1472222222237,675.627500000005,65.58638888888876,1481.0,2.794379255555559,1221.058730555554,110510.57666666665,0.0,0.0,0.0,0.0,0.0,0.0,0.0,0.0,0.0,0.0,0.0,0.0,39.26833333333315,33.44805555555575,29.38305555555554,58.70249999999995,60.0,11.51,6.208,87.48499999999999,0.405,4.9,1.005,4.308985027777776,4.779133792262555,78.73400000000001,0.0250370487972159,58.95551375517565,0.0282728046333223,4.315347245154571,0.0351251936901465,0.0996201132928595,0.0179686285467523,0.077696700281962,5.65191505575736,0.4103854116391901,3.231784235527218,5671.258749999997,7.53,19.502161445873536,71.85999999999999,0.93,19.68,1275.0122416666663,95.86687500000032,2198.5146555555543,134.414,2.5872,1.914459024511018,10.8255,5.065555555555555,79.44666666666666,54.32,8.86,38.89,71.63,0.056203,2.2968,0.1881,0.026076,0.045,5.654599999999999,0.14364,1.1245642197750336,18.885,36.9605,0.358,0.4009999999999999,8.1375,0.245,0.16,0.391,32.8665,1.344,1.3721553938689692,0.0,0.9588228319444436,0.2850097630555554,1.3483090416666654,1.1660669363194445,,22.0,8.0,0.0,217.3825913888891,98.20442395069443,27.40909090909091,28.25
2026-03-06 23:00:00,530.1388888888889,195.52995166666648,49.3511111111112,47.09694444444437,16.81555555555554,53.50805555555569,55.73694444444448,53.9722222222221,52.42555555555536,1.1861335091666672,6.3625,4.352,0.013,94.921,0.148,0.0998,0.0294,0.38,0.0567999999999999,285.0,11.354562483275355,26.159,105.0,87.68925073588441,0.3946400856301846,2.223735616804924,0.9561867808402462,1.4907197277777786,0.0,0.0,0.0,0.0,0.0,0.0,0.0,0.0,18.59252047222221,3.594368880555559,23.26058538888888,154.40694444444443,176.18222222222212,194.88222222222208,179.64611111111105,193.11305555555555,44.42240291666669,1.0,399.1927777777765,514.3641666666662,675.8099999999972,65.48166666666673,1491.0,2.838613972222225,1209.806163888887,109260.96333333336,0.0,0.0,0.0,0.0,0.0,0.0,0.0,0.0,0.0,0.0,0.0,0.0,39.638055555555766,34.73777777777779,35.78111111111112,49.73499999999999,60.0,11.51,4.647,87.48499999999999,0.405,4.9,1.005,4.351718969444443,4.815305316031813,59.725,0.0248449225617413,58.87310171619925,0.0284517873587275,4.345437254081206,0.0351673670992046,0.1005270154876517,0.0178952532440351,0.0781983256592716,5.695832063624948,0.4149518627040603,3.2448706571787365,5661.723886111112,7.53,18.594626834122597,71.85999999999999,0.93,19.68,1224.1215833333329,95.09861111111071,2212.563138888889,101.549,2.5872,1.914459024511018,10.8255,5.065555555555555,79.44666666666666,54.32,8.86,38.89,71.63,0.056203,2.2968,0.1881,0.026076,0.045,5.654599999999999,0.14364,1.124344813155159,19.11,36.928,0.3379999999999999,0.3859999999999999,8.1,0.22,0.16,0.376,32.844,1.2839999999999998,1.3709626399360673,0.0,0.8679133019444449,0.3045862300000003,1.3480353027777796,1.1758072156249988,,22.0,8.0,0.0,211.5585527777777,97.1577185958333,27.40909090909091,28.25
2026-03-07 00:00:00,525.0,195.25098694444415,48.575277777777885,46.07249999999989,64.32944444444423,53.19250000000013,55.737222222222165,56.570000000000086,51.63222222222238,1.206144619444444,6.1375,4.322,0.013,94.876,0.153,0.1028,0.0259,0.4425,0.0648,285.0,11.401976499406745,26.127,105.0,87.67178780571821,0.3909124660313086,2.2026600834385883,0.9262356948750337,1.5126013472222215,0.0,0.0,0.0,0.0,0.0,0.0,0.0,0.0,18.51181600000001,3.632426725,23.54104038888889,183.1858333333333,211.1488888888891,227.2858333333336,211.3672222222224,223.84833333333356,44.02116069444445,1.0,399.30416666666514,514.3633333333308,675.9288888888884,64.9469444444447,1501.0,2.85531597777778,1174.2199055555557,108185.46583333336,0.0,0.0,0.0,0.0,0.0,0.0,0.0,0.0,0.0,0.0,0.0,0.0,40.305555555555614,35.89166666666658,43.399444444444455,38.97861111111104,60.0,11.98,4.624,86.975,0.49,7.35,1.045,4.396802333333335,4.7191141359732125,54.952,0.0422800989954869,59.25431649439511,0.0269440966661813,4.164077740573592,0.0491048915417091,0.0902081088950356,0.0192138593681758,0.0735484786722958,5.426000145581599,0.3817771145727179,3.3122798078322897,5368.30466388889,7.64,17.87606710858958,71.45,1.24,19.67,1193.9656888888878,91.5542983333342,2177.0221444444446,101.045,2.45,2.035714285714286,10.9725,5.065555555555555,79.44666666666666,54.57,8.75,38.89,71.63,0.049,2.23938,0.1881,0.028,0.044,5.39,0.14364,1.124125406535284,19.335,36.8955,0.318,0.371,8.0625,0.195,0.16,0.361,32.8215,1.224,1.3697698860031653,0.0,0.7133704844444435,0.3064567527777777,1.3425045166666674,1.242061298611112,,22.0,8.0,0.0,203.05782888888905,97.12075577013886,27.40909090909091,28.25
2026-03-07 01:00:00,527.1,187.1957430555555,48.11916666666659,45.46861111111112,59.97277777777758,54.39833333333327,55.183611111111176,66.24222222222228,51.18055555555577,1.1693543444444434,6.3625,4.292,0.013,94.831,0.158,0.1058,0.0224,0.505,0.0728,285.0,11.401170643500135,25.439,105.0,87.67264829592357,0.3908168560084909,2.2008844687291167,0.9261810605762804,1.4522464027777775,0.0,0.0,0.0,0.0,0.0,0.0,0.0,0.0,17.98659391666666,4.060554924999999,24.147859361111102,188.5152777777779,209.1080555555557,227.68138888888885,212.06770833333331,222.966111111111,42.69313908333336,1.0,399.57166666666944,514.5391666666688,676.1108333333392,64.60444444444451,1511.0,2.8000015416666617,1186.0562027777817,110134.0138888889,0.0,0.0,0.0,0.0,0.0,0.0,0.0,0.0,0.0,0.0,0.0,0.0,40.92277777777769,36.743611111111136,43.94083333333331,38.15388888888892,60.0,11.98,4.583,86.975,0.49,7.35,1.045,4.384113319444438,4.735595407020164,53.56,0.042265571321882,59.21308924570575,0.0269656460044809,4.180278192681104,0.049179854368932,0.0905718633308439,0.0191751306945481,0.0737831030619865,5.448595407020163,0.3841651605675877,3.318784540702016,5376.153258333336,7.64,17.74251600445228,71.45,1.24,19.67,1265.852644444445,94.7805527777771,2159.466502777777,100.251,2.45,2.035714285714286,10.9725,5.065555555555555,79.44666666666666,54.57,8.75,38.89,71.63,0.049,2.23938,0.1881,0.028,0.044,5.39,0.14364,1.1239059999154095,19.56,36.863,0.298,0.356,8.025,0.1699999999999999,0.16,0.346,32.799,1.164,1.3685771320702635,0.0,0.7632981355555581,0.2828920658333332,1.3480009583333332,1.2446776944444442,,22.0,8.0,0.0,211.1861888888889,96.0534359548611,27.40909090909091,28.25
2026-03-07 02:00:00,533.0,197.51800416666697,47.68111111111131,45.16222222222247,62.99222222222223,55.08194444444433,54.06638888888905,79.50666666666672,50.76611111111124,1.1196557311111102,6.5,4.294823529411765,0.013,94.87441176470588,0.1557647058823529,0.1044588235294117,0.0254470588235294,0.4643529411764706,0.0677411764705882,285.0,11.394974544480172,29.856,105.0,87.67926446945337,0.3900817256162915,2.1872320471597,0.9257609860664524,1.3775056469444438,0.0,0.0,0.0,0.0,0.0,0.0,0.0,0.0,18.169439999999973,4.037615705555557,24.279176361111077,177.82055555555544,190.48833333333343,208.7016666666667,194.93291666666667,202.72111111111116,42.80231069444442,1.0,399.6622222222201,514.6886111111115,676.2044444444472,64.43611111111106,1511.8235294117646,2.7250634194444423,1216.5071472222255,110553.33805555558,0.0,0.0,0.0,0.0,0.0,0.0,0.0,0.0,0.0,0.0,0.0,0.0,40.77861111111096,35.56166666666654,32.3697222222222,51.60388888888888,60.0,11.98,5.489,86.975,0.49,7.35,1.045,4.3793667694444425,4.7389046292739145,62.47200000000001,0.0420253873735433,59.20564909079267,0.0269606703803303,4.183853566397746,0.0490805480855423,0.090521753745678,0.0191349724676655,0.0738384236137789,5.452594442310154,0.38450052823665,3.316349724676655,5432.379616666668,7.64,19.129618703541624,71.45,1.24,19.67,1341.7286527777774,96.84999999999935,2191.8733777777798,116.888,2.45,2.035714285714286,10.9725,5.065555555555555,79.44666666666666,54.57,8.75,38.89,71.63,0.049,2.23938,0.1881,0.028,0.044,5.39,0.14364,1.1221296419738216,19.66270588235294,36.75682352941177,0.2921176470588235,0.3690588235294118,8.012117647058822,0.1790588235294117,0.1663529411764706,0.3463529411764706,32.75611764705882,1.1992941176470588,1.3667299914092303,0.0,1.009796978333333,0.2578498724999998,1.34802805277778,1.265099713888889,,22.0,8.0,0.0,221.3816672222222,97.42113555208336,27.40909090909091,28.25
2026-03-07 03:00:00,531.5555555555555,205.40072583333296,47.17027777777787,45.06194444444446,60.792777777777694,53.84222222222228,53.25722222222212,76.37111111111122,50.38472222222209,1.1418643041666658,6.1375,4.319529411764706,0.013,94.97676470588236,0.1487058823529412,0.1002235294117647,0.0328588235294117,0.3549411764705882,0.0539764705882352,285.0,11.3953164804251,25.594,105.0,87.67889935141048,0.3901222942877236,2.18798546534344,0.9257841681644136,1.4228665627777777,0.0,0.0,0.0,0.0,0.0,0.0,0.0,0.0,18.06233180555556,3.949660813888889,24.46800288888889,202.6644444444446,212.00083333333347,235.6122222222223,221.90326388888897,237.3355555555556,42.47007199999998,1.0,399.5824999999995,514.7194444444472,676.1697222222248,63.846944444444325,1506.529411764706,2.7716289750000005,1191.2042805555548,110100.94222222216,0.0,0.0,0.0,0.0,0.0,0.0,0.0,0.0,0.0,0.0,0.0,0.0,41.26111111111104,36.24972222222227,26.71305555555564,57.10222222222225,60.0,11.98,4.767,86.975,0.49,7.35,1.045,4.362777769444444,4.758883082089693,53.003,0.0423831481236911,59.154348433107565,0.0270015093485274,4.202981340678829,0.0493523385468747,0.0911575193856951,0.0191392562685131,0.0741098428390845,5.480835047072807,0.3876233043412637,3.3301530102069696,5389.150208333336,7.64,18.78788879701111,71.45,1.24,19.67,1293.5998583333344,91.4694372222231,2176.189844444444,97.234,2.45,2.035714285714286,10.9725,5.065555555555555,79.44666666666666,54.57,8.75,38.89,71.63,0.049,2.23938,0.1881,0.028,0.044,5.39,0.14364,1.1193153164844247,19.683882352941172,36.6015294117647,0.2956470588235294,0.4008235294117647,8.015647058823529,0.2108235294117647,0.1769411764705882,0.3569411764705882,32.69964705882353,1.2981176470588234,1.364446592929443,0.0,0.8145760858333324,0.2810022486111109,1.3482233833333337,1.2643345486111093,,22.0,8.0,0.0,214.1208425,98.46559617291662,27.40909090909091,28.25
2026-03-07 04:00:00,533.775,191.28357083333336,46.91361111111085,44.94249999999981,64.7899999999999,52.85083333333316,51.90194444444458,67.1194444444444,50.19916666666693,1.1649842955555554,6.725,4.344235294117647,0.013,95.07911764705884,0.1416470588235294,0.0959882352941176,0.0402705882352941,0.2455294117647058,0.0402117647058823,285.0,11.399933198380568,29.64,105.0,87.67396963562751,0.39067004048583,2.198157894736842,0.9260971659919028,1.432201941666666,0.49,0.707,0.0,0.68,1.18,0.0,96.83,0.1,18.110677499999998,4.00587546388889,23.92626383333333,143.47111111111107,156.5786111111111,169.50222222222223,159.8531944444444,169.8608333333332,43.08358055555554,1.0,399.6069444444451,514.7022222222203,676.169444444449,63.49416666666662,1501.235294117647,2.780229186111109,1205.4542527777764,110257.42305555556,0.0,0.0,0.0,0.0,0.0,0.0,0.0,0.0,0.0,0.0,0.0,0.0,42.231666666666456,36.86055555555533,28.89583333333329,57.25833333333331,60.0,11.98,5.469,86.975,0.49,7.35,1.045,4.304108125,4.769239437550602,60.521,0.0409323375357313,59.13353265808561,0.026958526792353,4.21512103236893,0.0487045818806695,0.0906378281918672,0.018918160638456,0.074307166107632,5.491765502883296,0.3882481783182696,3.311510054361296,5321.227091666666,7.64,19.08584951687952,71.45,1.24,19.67,1285.4892666666674,99.7777772222223,2177.224419444445,116.475,2.45,2.035714285714286,10.9725,5.065555555555555,79.44666666666666,54.57,8.75,38.89,71.63,0.049,2.23938,0.1881,0.028,0.044,5.39,0.14364,1.116500990995028,19.705058823529413,36.44623529411764,0.2991764705882352,0.4325882352941176,8.019176470588235,0.2425882352941176,0.1875294117647059,0.3675294117647059,32.64317647058824,1.396941176470588,1.3621631944496555,0.0,1.2520086044444438,0.267217638611111,1.3481281777777778,1.2017433013194434,,22.0,8.0,0.0,215.75659916666672,96.59507313541668,27.40909090909091,28.25
2026-03-07 05:00:00,534.5472222222222,187.5261649999997,46.7594444444447,44.89083333333315,61.43722222222229,52.62222222222236,51.95527777777781,60.32138888888893,50.103055555555656,1.1635616811111096,7.0,4.368399999999999,0.0123866666666666,95.05454666666668,0.1461333333333333,0.095,0.0389333333333333,0.2445333333333333,0.0400666666666666,285.0,11.404377904838332,29.907,105.0,87.66922359313872,0.3911973785401411,2.2079513157454773,0.9263985020229376,1.4486202250000004,0.49,0.756,0.0,0.6800000000000002,1.18,0.0,96.83,0.1,18.62121436111109,3.846137166666665,23.90613013888888,155.02555555555543,178.60555555555544,208.0147222222224,183.28326388888888,191.4872222222223,43.78711127777781,1.0,399.81250000000017,514.9177777777769,676.4061111111095,63.40527777777777,1488.96,2.79670615833333,1206.8734499999991,110723.29166666672,0.0,0.0,0.0,0.0,0.0,0.0,0.0,0.0,0.0,0.0,0.0,0.0,42.62472222222252,37.00444444444461,27.95583333333331,57.70249999999992,60.0,11.98,5.329,86.975,0.49,7.35,1.045,4.279865224999999,4.701754812430195,60.884,0.0410380067012679,59.30217971880953,0.0268721010446094,4.148723474147559,0.0484198968530319,0.0891723605544971,0.0190830431640496,0.073344868931082,5.399351061034097,0.3784980783128572,3.285603771105709,5329.397977777781,7.64,19.48021802019996,71.45,1.24,19.67,1277.0732694444443,94.676944868842,2186.3038027777784,117.316,2.45,2.035714285714286,10.9725,5.065555555555555,79.44666666666666,54.57,8.75,38.89,71.63,0.049,2.23938,0.1881,0.028,0.044,5.39,0.14364,1.1209153951084776,19.82653333333333,36.41,0.3306666666666666,0.4461333333333333,7.995466666666667,0.25,0.1838666666666666,0.3761333333333333,32.482800000000005,1.4322666666666666,1.367061048638782,0.0,1.03273536,0.2850585819444445,1.3481088944444457,1.204440707638888,,22.0,8.0,0.0,216.39220222222235,96.09721686249996,27.40909090909091,28.25
2026-03-07 06:00:00,538.2568578553615,203.49775511221952,46.58129675810483,44.86807980049855,63.52418952618447,52.266832917705685,52.507481296758165,57.23516209476326,49.95685785536146,1.1574433840398997,6.703241895261845,4.412823529411765,0.012,94.93975294117648,0.1481764705882353,0.0964588235294117,0.0355411764705882,0.3074117647058824,0.047835294117647,285.0,11.404333606845624,25.593,105.0,87.66927089438518,0.3911921228460907,2.207853709998828,0.9263954987691948,1.448512658354116,0.49,0.64,0.0,0.68,1.18,0.0,96.83,0.1,18.59528683291768,3.85537889276808,23.786822194513697,131.80099750623444,152.18553615960104,178.7079800498754,156.95798004987537,165.13740648379053,43.87291765586034,1.0,400.0219451371577,515.0678304239412,676.5154613466333,63.37481296758094,1484.1882352941177,2.796441234413962,1208.9777880299264,109803.5259351621,0.0,0.0,0.0,0.0,0.0,0.0,0.0,0.0,0.0,0.0,0.0,0.0,42.66234413965104,37.126932668329374,28.729675810473907,57.71496259351622,60.0,11.98,4.527,86.975,0.49,7.35,1.045,4.3617881521197,4.725714393982456,52.779,0.0409593588359006,59.24244889065727,0.0269011728149453,4.17235301919324,0.0485011462892438,0.0896713086644309,0.0190188900888611,0.0736879440686636,5.432068436309895,0.3819347467742852,3.2941529775099947,5384.963286783042,7.64,20.243165016473775,71.45,1.24,19.67,1264.0619950124692,99.4761097256853,2161.212216957608,100.513,2.45,2.035714285714286,10.9725,5.065555555555555,79.44666666666666,54.57,8.75,38.89,71.63,0.049,2.23938,0.1881,0.028,0.044,5.39,0.14364,1.1270929541425283,19.85623529411765,36.52305882352941,0.3427058823529412,0.4317647058823529,7.9836470588235295,0.2390588235294117,0.1763529411764706,0.3763529411764706,32.40458823529412,1.3998823529411766,1.373466923142991,0.0,1.0746787960099755,0.2910692249376557,1.3479776034912732,1.1772855331047372,,22.0,8.0,0.0,214.0550376558604,98.21345255236908,27.40909090909091,28.25
2026-03-07 07:00:00,536.3348837209302,205.1794758139536,46.60790697674427,44.700930232558186,61.0906976744184,51.96000000000012,52.353488372093,56.9551162790696,49.902790697674064,1.1608963513953472,6.5,4.465636363636364,0.0120545454545454,94.79534,0.1454909090909091,0.0991090909090909,0.0327272727272727,0.3916363636363636,0.0580054545454545,285.0,11.40443825346976,29.613,105.0,87.66915915307467,0.3912045385472597,2.2080842873062507,0.9264025934555772,1.4468001046511636,0.49,0.743,0.0,0.68,1.18,0.0,96.83,0.1,18.26354593023256,3.884400574418605,23.84924095348836,169.60255813953506,188.3060465116281,220.7025581395352,198.81761627907,216.6593023255816,43.371579790697695,1.0,400.1893023255828,515.2988372092988,676.6420930232603,63.25000000000031,1487.4545454545455,2.795185888372094,1212.9896558139526,109080.89441860464,0.0,0.0,0.0,0.0,0.0,0.0,0.0,0.0,0.0,0.0,0.0,0.0,42.91023255813949,37.51255813953499,44.77999999999984,36.35744186046514,60.0,11.98,5.136,86.975,0.49,7.35,1.045,4.401354616279067,4.715465650818143,62.214,0.0415182113350692,59.266144436943456,0.0269093290899154,4.161531488089498,0.048719532581091,0.0897304786703957,0.0191180120230173,0.0735230173272896,5.419263992027518,0.380783730350082,3.2987768026489213,5402.420783720934,7.64,19.791612237013823,71.45,1.24,19.67,1257.5415116279069,96.45999999999933,2180.717790697676,117.3,2.45,2.035714285714286,10.9725,5.065555555555555,79.44666666666666,54.57,8.75,38.89,71.63,0.049,2.23938,0.1881,0.028,0.044,5.39,0.14364,1.1314299798225418,19.76309090909091,36.72272727272727,0.3289090909090909,0.4,7.982909090909091,0.2194545454545454,0.17,0.3691272727272727,32.45727272727272,1.3267272727272728,1.377387408584074,0.0,0.8894157932558128,0.2859037041860462,1.3483354116279074,1.171640385988371,,22.0,8.0,0.0,214.05741372093007,98.43628054534884,27.40909090909091,28.25
2026-03-07 08:00:00,534.0403337969402,202.98586536856752,46.49332406119675,44.48484005563337,61.650625869262896,51.53435326842892,52.5798331015297,57.731015299026375,49.64506258692601,1.1715344787204445,6.138386648122392,4.422,0.0126,94.81874,0.1504,0.1002,0.03,0.408,0.05806,285.0,11.338687279423048,26.068,105.0,87.73131272057695,0.4177048488568359,1.9540969771367196,0.93,1.4572376105702358,0.49,0.577,0.0,0.68,1.18,0.0,96.83,0.1,18.565148678720437,3.6284078400556266,23.903147454798333,139.21933240611978,167.56314325452033,194.14561891516004,172.1313282336579,187.5972183588314,43.71682560500698,1.0,400.2445062586889,515.3420027816446,676.677468706543,63.18150208623035,1482.0,2.793919471488187,1216.0002712100115,109085.93435326844,0.0,0.0,0.0,0.0,0.0,0.0,0.0,0.0,0.0,0.0,0.0,0.0,42.84881780250321,37.80458970792793,41.66272600834485,41.258414464534106,60.0,11.98,4.56,86.975,0.49,7.35,1.045,4.414707276773294,4.747105976972249,52.719,0.0406785409434928,59.18986361653294,0.0269188717540165,4.193736224131717,0.0484721827045277,0.090007473586373,0.018932870502096,0.0740015364479599,5.460801798213168,0.384875149376885,3.298465448889395,5416.403883171076,7.68,18.518290393975416,71.66,1.03,19.63,1250.362692628651,91.229457579971,2219.888154381085,100.643,2.5382,2.020745798319328,10.773,5.065555555555555,79.44666666666666,54.68,8.42,38.89,71.63,0.051,2.22024,0.1881,0.027,0.045,5.3312,0.14364,1.1228805643569335,19.594,36.75,0.318,0.4,7.912,0.214,0.17,0.3604,32.73,1.294,1.3646441647917602,0.0,0.915638050625868,0.285703174687065,1.3367622823365808,1.1849578568845602,,22.0,8.0,0.0,214.0570984700973,98.1456271613352,27.40909090909091,28.25
2026-03-07 09:00:00,533.6527777777778,185.87821138888955,46.578333333333255,44.54694444444441,65.28361111111118,51.20555555555542,53.12111111111117,56.95916666666622,49.661944444444586,1.150922606388888,6.722222222222222,4.406,0.0128222222222222,94.84000666666668,0.1497333333333333,0.1008222222222222,0.0308444444444444,0.4039999999999999,0.0557711111111111,285.0,11.33481911307054,30.848,105.0,87.73518088692947,0.4174899507261411,1.949799014522822,0.9300000000000002,1.4142611333333346,0.4899999999999999,0.675,0.0,0.68,1.18,0.0,96.83,0.1,18.380618638888887,3.7097881361111087,24.12070819444443,142.18388888888902,161.93083333333328,190.3955555555557,168.80562500000005,180.71222222222224,43.24769491666671,1.0,400.3049999999946,515.4469444444441,676.6394444444408,63.38166666666653,1474.977777777778,2.756204911111108,1223.788919444445,109480.0125,0.0,0.0,0.0,0.0,0.0,0.0,0.0,0.0,0.0,0.0,0.0,0.0,43.06861111111113,35.21666666666691,36.50444444444438,51.970277777777866,60.0,11.98,5.578,86.975,0.49,7.35,1.045,4.460158713888883,4.721573722863368,61.955,0.0405197320635945,59.25437172141071,0.0268783794689694,4.168885481397789,0.0482686627390848,0.0893498506980873,0.0189681220240497,0.0736443386328787,5.425386974416916,0.3810655314341054,3.2855298200306677,5493.556722222212,7.68,18.597584908270576,71.66,1.03,19.63,1293.9011694444437,95.53008254325374,2226.0524611111105,116.879,2.5382,2.020745798319328,10.773,5.065555555555555,79.44666666666666,54.68,8.42,38.89,71.63,0.051,2.22024,0.1881,0.027,0.045,5.3312,0.14364,1.1184836356515142,19.409555555555556,36.77355555555556,0.3135555555555555,0.4053333333333333,7.94,0.2153333333333333,0.1842222222222222,0.3586222222222222,32.87844444444445,1.2913333333333332,1.359999755207951,0.0,1.153469823611112,0.2633385200000006,1.3422772527777789,1.1342980611805558,,22.0,8.0,0.0,217.77362833333305,95.87886300902788,27.40909090909091,28.25
2026-03-07 10:00:00,538.4305555555555,188.9169966666676,47.254722222222064,45.25805555555556,69.48722222222212,51.45138888888859,54.78694444444447,56.21888888888908,50.20277777777799,1.1429083627777774,7.0,4.466,0.0121555555555555,94.85540666666668,0.1337333333333333,0.1001555555555555,0.0415111111111111,0.344,0.0470377777777777,285.0,11.338671849480628,30.614,105.0,87.73132815051937,0.4177039916378127,1.9540798327562556,0.93,1.4038024833333331,0.4899999999999999,0.675,0.0,0.68,1.18,0.0,96.83,0.1,18.11996058333334,4.028975347222215,23.97974586111108,171.11805555555566,179.21249999999998,209.17777777777775,190.56527777777785,202.75277777777785,43.04173344444443,1.0,400.4158333333318,515.5583333333309,676.6119444444396,63.88611111111128,1463.6444444444444,2.7415806083333387,1231.270494444446,109042.300277778,0.0,0.0,0.0,0.0,0.0,0.0,0.0,0.0,0.0,0.0,0.0,0.0,43.674444444444525,33.39666666666673,34.62194444444446,55.60194444444452,60.0,11.98,5.722,86.975,0.49,7.35,1.045,4.4925045777777886,4.728682685010253,61.929,0.0399715480631045,59.23850231716966,0.0268664276833147,4.176609988858209,0.0480398036461108,0.0892254840220252,0.0188774564420546,0.0737642945954237,5.43390479419981,0.3817664099210386,3.279791373992798,5509.054222222223,7.68,19.69081856256691,71.66,1.03,19.63,1297.7862388888875,94.44564670492584,2205.177752777774,117.229,2.5382,2.020745798319328,10.773,5.065555555555555,79.44666666666666,54.68,8.42,38.89,71.63,0.051,2.22024,0.1881,0.027,0.045,5.3312,0.14364,1.125506045536614,19.18288888888889,36.78688888888889,0.3268888888888889,0.4253333333333333,8.24,0.2353333333333333,0.2375555555555555,0.3759555555555555,32.68511111111111,1.3713333333333333,1.3776271396975297,0.0,1.0653115433333369,0.2608940994444444,1.3375457444444414,1.1237182822222218,,22.0,8.0,0.0,219.94510361111108,96.28150205833346,27.40909090909091,28.25
2026-03-07 11:00:00,540.0,219.0175405555553,48.10249999999994,46.08055555555541,73.38138888888903,52.0530555555556,55.672222222222295,55.654166666666704,50.86999999999976,1.1739389666666673,6.277777777777778,4.217333333333333,0.0125333333333333,95.20458666666669,0.1360666666666666,0.0980666666666666,0.0496,0.2493333333333333,0.03248,285.0,11.340418237915666,26.253,105.0,87.72958176208434,0.417801013217537,1.9560202643507407,0.93,1.457676213888888,0.49,0.455,0.0,0.68,1.1800000000000002,0.0,96.83,0.1,18.186463805555512,4.046376663888879,23.812210999999984,155.50055555555534,168.18472222222218,193.1697222222224,175.45534722222226,184.9663888888892,43.30161330555548,1.0,400.5011111111112,515.6713888888949,676.4844444444487,64.4833333333329,1472.2,2.8055232972222237,1230.8991444444412,108942.16388888888,0.0,0.0,0.0,0.0,0.0,0.0,0.0,0.0,0.0,0.0,0.0,0.0,43.12222222222241,32.101944444444555,33.18472222222229,59.24416666666715,60.0,11.98,4.893,86.975,0.49,7.35,1.045,4.563013636111118,4.7252832818503725,53.092000000000006,0.0405599713704512,59.2449387855044,0.0268849355835154,4.17247268891735,0.0483065056882392,0.0894543057334438,0.0189653431778799,0.0736956415279138,5.430571272508098,0.3816294545317562,3.2876798764408948,5589.577933333333,7.68,20.481966765083254,71.66,1.03,19.63,1245.9203944444469,93.51747222222028,2186.692997222223,100.926,2.5382,2.020745798319328,10.773,5.065555555555555,79.44666666666666,54.68,8.42,38.89,71.63,0.051,2.22024,0.1881,0.027,0.045,5.3312,0.14364,1.0665872306622977,19.505333333333333,35.80533333333333,0.5046666666666667,0.4093333333333333,7.797333333333333,0.2426666666666666,0.1673333333333333,0.354,33.57,1.3853333333333333,1.2988581074371957,0.0,1.1728299397222253,0.2837372194444448,1.347850877777777,1.076824389652779,,22.0,8.0,0.0,215.3327083333334,100.26982412361107,27.40909090909091,28.25
2026-03-07 12:00:00,534.1050119331742,194.9253116945104,48.81431980906908,46.90715990453457,74.9140811455848,52.600477326969,55.3517899761334,57.33150357995234,51.47995226730309,1.1618953520286404,6.620525059665871,4.279555555555556,0.0134222222222222,95.07889777777775,0.1445111111111111,0.0998444444444444,0.0455999999999999,0.2982222222222222,0.0399466666666666,285.0,11.33506896551724,26.1,105.0,87.73493103448276,0.4175038314176244,1.9500766283524904,0.93,1.4730886229116955,0.49,0.316,0.0,0.68,1.18,0.0,96.83,0.1,18.56168026252981,3.858676133651554,23.27408183770881,168.6064439140811,198.27112171837717,217.11766109785196,198.05298329355608,208.21670644391412,44.36514928400948,1.0,400.5116945107405,515.8291169451047,676.4083532219528,64.97684964200425,1477.5333333333333,2.8212979021479745,1167.0098711217183,106765.25465393788,0.0,0.0,0.0,0.0,0.0,0.0,0.0,0.0,0.0,0.0,0.0,0.0,43.157279236277006,34.22195704057302,32.421479713603794,60.27637231503578,60.0,11.98,4.903,86.975,0.49,7.35,1.045,4.708536293556088,4.715420759323804,53.653,0.0407433321529085,59.26899278698303,0.0268788884125771,4.162540771252307,0.0483458334109928,0.089327288315658,0.0190123571841276,0.0735491957579259,5.417445995564088,0.3803065252641976,3.2865412931243365,5652.069546539382,7.68,19.208735732952373,71.66,1.03,19.63,1209.7198520286404,98.5440811455852,2172.1087398568,101.385,2.5382,2.020745798319328,10.773,5.065555555555555,79.44666666666666,54.68,8.42,38.89,71.63,0.051,2.22024,0.1881,0.027,0.045,5.3312,0.14364,1.072809717671201,19.38088888888889,36.01422222222222,0.4291111111111111,0.3915555555555555,7.792888888888889,0.2471111111111111,0.1628888888888889,0.3606666666666666,33.57,1.394222222222222,1.3049482011054845,0.0,0.9280964489260136,0.3111932477326968,1.34802591646778,1.0980113520883048,,22.0,8.0,0.0,201.623889260143,97.07760379952262,27.40909090909091,28.25
2026-03-07 13:00:00,530.5972222222222,204.7724338888894,49.15222222222258,47.37472222222219,75.2941666666668,52.929999999999744,55.66777777777779,60.384722222222265,51.73194444444452,1.1804670738888878,5.916666666666667,4.3284,0.013832,94.9796944,0.14832,0.100496,0.0419919999999999,0.34176,0.0455056,285.0,11.336090497143234,30.454,105.0,87.73390950285678,0.4175605831746239,1.9512116634924803,0.93,1.4500296416666651,0.4899999999999999,0.39,0.0,0.68,1.18,0.0,96.83,0.1,17.746407361111135,3.733932927777775,23.501278416666647,154.86722222222227,171.8047222222222,204.4061111111112,180.4763888888889,190.8275,43.02513966666663,1.0,400.627500000001,515.9049999999972,676.151111111112,65.34749999999995,1483.016,2.798060452777776,1200.393402777777,107879.35972222214,0.0,0.0,0.0,0.0,0.0,0.0,0.0,0.0,0.0,0.0,0.0,0.0,41.79111111111106,34.15694444444462,30.970277777777863,62.15333333333334,60.0,11.98,5.547,86.975,0.49,7.35,1.045,4.613117016666664,4.717231637509648,62.192,0.04057068433239,59.26506688963211,0.0268745497813223,4.164553318754823,0.0482716265757653,0.0892784763313609,0.018984756881914,0.0735808946488294,5.419540937741189,0.3804650115770517,3.2845591072806792,5594.529886111111,7.68,18.052985205002155,71.66,1.03,19.63,1242.2689999999996,88.16120833333358,2233.91941111111,118.073,2.5382,2.020745798319328,10.773,5.065555555555555,79.44666666666666,54.68,8.42,38.89,71.63,0.051,2.22024,0.1881,0.027,0.045,5.3312,0.14364,1.0821584508971502,19.32016,36.2424,0.36656,0.37664,7.7984,0.24328,0.16,0.36416,33.49272,1.38152,1.3150061976457637,0.0,1.1028839119444434,0.2695625880555554,1.3481449999999988,1.0859024290277774,,22.0,8.0,0.0,209.34642111111117,98.38234749027784,27.40909090909091,28.25
2026-03-07 14:00:00,538.8888888888889,199.09860333333324,49.47194444444441,47.8983333333332,77.72194444444455,53.50305555555563,59.343055555555445,66.16027777777774,52.0930555555559,1.1721136749999996,6.583333333333333,4.3524,0.013352,94.9296784,0.14352,0.099056,0.0391119999999999,0.37536,0.0475216,285.0,11.337574781408192,26.076,105.0,87.73242521859181,0.4176430434115661,1.952860868231324,0.93,1.4419408722222222,0.49,0.324,0.0,0.68,1.18,0.0,96.83,0.1,18.175299138888896,3.894764355555556,23.391758638888877,151.49361111111105,184.6222222222223,199.85055555555567,182.0524305555556,192.2433333333333,43.72547263888889,1.0,400.7655555555556,515.9555555555554,675.9458333333303,65.8102777777779,1488.776,2.7901676194444454,1234.4507111111127,108555.75777777776,0.0,0.0,0.0,0.0,0.0,0.0,0.0,0.0,0.0,0.0,0.0,0.0,40.88805555555557,34.328611111110995,32.1038888888889,63.48833333333335,60.0,11.98,4.238,86.975,0.49,7.35,1.045,4.578975038888886,4.740915373631603,52.525000000000006,0.0403141742027605,59.2066549262256,0.0268962779628748,4.188153831508805,0.0482657782008567,0.0896788957639219,0.0188969443122322,0.0739262065683008,5.451476439790575,0.3837535268919562,3.2901913374583525,5591.459230555552,7.68,19.504454098070912,71.66,1.03,19.63,1255.9743972222227,97.96379166666664,2211.8837694444446,100.955,2.5382,2.020745798319328,10.773,5.065555555555555,79.44666666666666,54.68,8.42,38.89,71.63,0.051,2.22024,0.1881,0.027,0.045,5.3312,0.14364,1.0973130699547555,19.37776,36.5064,0.32816,0.36704,7.8224,0.22408,0.16,0.3617599999999999,33.27192,1.32872,1.3324331566625975,0.0,1.092267146388891,0.2698272147222223,1.3481450361111105,1.0434875206250007,,22.0,8.0,0.0,214.9660980555553,97.63056494166663,27.40909090909091,28.25
2026-03-07 15:00:00,535.0,200.29946555555588,49.58138888888906,48.09166666666695,74.73416666666675,54.03305555555571,58.471666666666685,69.32916666666664,52.30166666666644,1.1600388091666658,6.6375,4.371142857142857,0.0128857142857142,94.90294285714286,0.14,0.0976571428571428,0.0366571428571428,0.3897142857142857,0.049,285.0,11.334196481518086,30.354,105.0,87.73580351848192,0.4174553600843381,1.949107201686763,0.93,1.4441136138888897,0.49,0.364,0.0,0.68,1.18,0.0,96.83,0.1,17.86738108333333,3.975252355555553,23.671827305555567,151.95777777777775,178.89027777777767,187.9441666666667,176.10534722222218,185.62916666666663,43.01304372222225,1.0,400.81583333333367,515.9530555555532,675.6191666666663,66.07333333333337,1491.7428571428572,2.792193066666668,1222.3977777777775,110807.24444444444,0.0,0.0,0.0,0.0,0.0,0.0,0.0,0.0,0.0,0.0,0.0,0.0,41.0480555555555,34.0188888888888,32.89166666666663,59.25000000000002,60.0,11.98,5.103,86.975,0.49,7.35,1.045,4.480878294444443,4.678780984774343,62.32899999999999,0.0411577275425564,59.35929663559499,0.0268459625535465,4.126005872065973,0.0483633461149705,0.0887169375411125,0.0191506040526881,0.0730143753309053,5.368080187392707,0.375229716504356,3.2781048949927003,5581.9236055555575,7.68,19.81227667523696,71.66,1.03,19.63,1281.0801416666668,98.91327777777693,2196.880766666667,115.671,2.5382,2.020745798319328,10.773,5.065555555555555,79.44666666666666,54.68,8.42,38.89,71.63,0.051,2.22024,0.1881,0.027,0.045,5.3312,0.14364,1.108006662675478,19.446285714285715,36.676,0.3057142857142857,0.36,7.829714285714285,0.2111428571428571,0.16,0.3611428571428571,33.100857142857144,1.298,1.3445472703966193,0.0,1.126210475277777,0.284074808888889,1.348079941666666,1.043253577638888,,22.0,8.0,0.0,218.06478972222217,97.78967918611116,27.40909090909091,28.25
2026-03-07 16:00:00,535.0,191.5109505555559,49.79638888888861,48.47888888888903,82.09055555555567,54.60694444444461,56.85444444444441,63.01305555555549,52.46194444444432,1.1959465916666665,6.5,4.3754285714285714,0.0124571428571428,94.94022857142858,0.14,0.0963714285714285,0.0353714285714285,0.3511428571428571,0.049,285.0,11.47750676982592,25.85,105.0,87.60505609284334,0.3974371373307543,1.8933655705996133,0.9174371373307544,1.477882008333334,0.42,0.314,0.0,0.53,1.28,0.0,96.72,0.1,18.08058436111109,3.724762063888893,23.42546872222222,143.20916666666662,174.64166666666674,195.6177777777777,178.31243055555552,199.78111111111104,43.56092897222223,1.0,400.894444444442,515.931944444443,675.288611111114,66.32388888888872,1487.0285714285717,2.825520788888889,1211.388538888889,109455.24277777772,0.0,0.0,0.0,0.0,0.0,0.0,0.0,0.0,0.0,0.0,0.0,0.0,40.9152777777778,33.98416666666679,29.777500000000035,68.38555555555553,60.0,11.98,3.989,86.98499999999999,0.5,6.5,1.035,4.49529501388889,4.685323280742809,52.988,0.0477155204952064,58.8345500868121,0.0298614025817166,4.300492375632218,0.0560806786442213,0.1115212878387559,0.0184723144862987,0.0804269268513625,5.823062202762889,0.400288480410659,2.8985959085075863,5533.704155555555,7.53,18.54783556130546,71.85999999999999,1.01,19.6,1237.0487055555554,96.84999999999935,2220.009308333332,101.02,2.6264,1.967463141840366,10.836,5.065555555555555,79.44666666666666,54.43,8.17,38.89,71.63,0.053909,2.23938,0.1881,0.02544,0.046,5.5076,0.1539,1.10643243296977,19.544857142857143,36.586000000000006,0.3271428571428571,0.36,7.791142857142857,0.2154285714285714,0.16,0.3654285714285714,33.06657142857143,1.328,1.3420510596029078,0.0,1.0897015333333335,0.2819354041666669,1.3481432333333327,1.0354968341666668,,22.0,8.0,0.0,212.196679722222,96.62520094861117,27.40909090909091,28.25
2026-03-07 17:00:00,535.6222222222223,187.30525916666664,49.77638888888884,48.78416666666668,82.13361111111134,55.47694444444456,56.47444444444433,61.68305555555554,52.64194444444468,1.215724591666666,6.5,4.379714285714286,0.0120285714285714,94.97751428571428,0.14,0.0950857142857142,0.0340857142857142,0.3125714285714285,0.049,285.0,11.479619016606966,30.71,105.0,87.60281015955715,0.397570823835884,1.896841419732986,0.9175708238358842,1.470477238888889,0.42,0.372,0.0,0.53,1.28,0.0,96.71999999999998,0.1,18.06122188888892,3.704266322222226,23.35669905555556,137.45749999999998,176.21500000000012,178.24722222222232,167.05277777777786,176.29138888888895,43.60457097222223,1.0,400.8933333333314,515.7855555555584,674.8602777777772,66.46888888888904,1482.3142857142857,2.820734405555556,1217.736411111109,109246.80611111116,0.0,0.0,0.0,0.0,0.0,0.0,0.0,0.0,0.0,0.0,0.0,0.0,40.76472222222226,33.87138888888897,29.190277777777712,70.69583333333337,60.0,11.98,5.023,86.98499999999999,0.5,6.5,1.035,4.440872961111113,4.686834293130018,61.645,0.0476020764052234,58.83190510179253,0.0298419823181117,4.301452510341472,0.0560154919295968,0.1115003649931056,0.0184559980533701,0.0804522021250709,5.824571335874767,0.4004871765755536,2.897850596155405,5457.842263888886,7.53,18.140514350291596,71.85999999999999,1.01,19.6,1239.9178805555557,96.84999999999935,2231.08363611111,117.794,2.6264,1.967463141840366,10.836,5.065555555555555,79.44666666666666,54.43,8.17,38.89,71.63,0.053909,2.23938,0.1881,0.02544,0.046,5.5076,0.1539,1.104858203264062,19.64342857142857,36.496,0.3485714285714285,0.36,7.752571428571429,0.2197142857142857,0.16,0.3697142857142857,33.03228571428571,1.358,1.3395548488091962,0.0,1.2178120705555548,0.2547526141666667,1.3501868027777792,1.0905151304861087,,22.0,8.0,0.0,212.69466777777788,96.06794683958331,27.40909090909091,28.25
2026-03-07 18:00:00,535.0,185.3369491666667,49.66750000000005,48.7152777777778,84.52166666666677,56.49916666666681,57.20055555555557,63.45611111111114,52.92444444444448,1.1862669422222207,6.5,4.373,0.0127,94.9282,0.14,0.0964,0.0347,0.359,0.0559999999999999,285.0,11.479825462408773,25.897,105.0,87.60259064756535,0.3975838900258717,1.8971811406726649,0.9175838900258716,1.4580877111111108,0.4199999999999999,0.318,0.0,0.53,1.28,0.0,96.72,0.1,18.182653472222214,3.802171700000002,23.49650397222223,165.4724999999999,193.23916666666665,203.75611111111107,192.0780555555555,205.8444444444444,43.62599280555553,1.0,400.9391666666661,515.7172222222248,674.4508333333308,66.51083333333322,1485.5,2.8172260249999983,1204.6594638888903,108234.74388888874,0.0,0.0,0.0,0.0,0.0,0.0,0.0,0.0,0.0,0.0,0.0,0.0,40.5575,34.19027777777788,28.080833333333302,76.18249999999996,60.0,11.98,5.007,86.98499999999999,0.5,6.5,1.035,4.515037841666667,4.668636710391664,53.745000000000005,0.0479038050051167,58.87330914503675,0.0298760256768071,4.284632058796167,0.0561293515675876,0.1112531398269606,0.0185286259186901,0.080221918317983,5.802990789840915,0.3979886128942227,2.895536328960833,5485.121491666672,7.53,17.94988352679155,71.85999999999999,1.01,19.6,1239.2729000000006,96.84999999999935,2216.325977777776,101.0,2.6264,1.967463141840366,10.836,5.065555555555555,79.44666666666666,54.43,8.17,38.89,71.63,0.053909,2.23938,0.1881,0.02544,0.046,5.5076,0.1539,1.1152468173357442,19.72,36.672,0.322,0.346,7.757,0.199,0.153,0.363,32.883,1.318,1.351146207453088,0.0,1.0431665324999997,0.2718207669444447,1.3590850055555566,1.138731560138887,,22.0,8.0,0.0,209.4242755555554,95.80714576458334,27.40909090909091,28.25
2026-03-07 19:00:00,537.4722222222222,200.3669494444442,49.667777777777886,48.66833333333345,87.58388888888888,56.97250000000008,58.23138888888896,62.3877777777777,53.28222222222197,1.1353715077777782,6.5,4.3772,0.01228,94.92292,0.14,0.09556,0.0476,0.3584,0.04604,285.0,11.478569975723378,30.482,105.0,87.60392559543338,0.3975044288432517,1.8951151499245456,0.9175044288432518,1.4134724611111107,0.4199999999999999,0.386,0.0,0.53,1.28,0.0,96.72,0.1,17.96149233333332,3.9447257444444497,24.378062666666665,164.28749999999994,183.7819444444444,198.0586111111112,186.6214583333333,200.35777777777767,42.42233758333332,1.0,400.9919444444442,515.5352777777779,673.9199999999989,66.6991666666668,1471.16,2.77240057222222,1222.2430222222242,110946.39222222232,0.0,0.0,0.0,0.0,0.0,0.0,0.0,0.0,0.0,0.0,0.0,0.0,39.85472222222232,34.55916666666684,29.36611111111108,77.8347222222222,60.0,11.98,6.207,86.98499999999999,0.5,6.5,1.035,4.399323925000005,4.661167850515134,62.508,0.0481835925001599,58.88890366033148,0.0299192743328853,4.278498592180201,0.0562744128751519,0.1112248032251871,0.0185765821974787,0.0801165450822294,5.794632367057017,0.3969785947398733,2.896240481218404,5488.661216666665,7.53,19.40553905369432,71.85999999999999,1.01,19.6,1310.8529777777774,96.84999999999935,2200.415619444444,118.038,2.6264,1.967463141840366,10.836,5.065555555555555,79.44666666666666,54.43,8.17,38.89,71.63,0.053909,2.23938,0.1881,0.02544,0.046,5.5076,0.1539,1.1186122637185842,19.6924,36.6204,0.4576,0.3652,7.6916,0.244,0.1536,0.3564,32.7372,1.39,1.3535553706895955,0.0,1.1199484991666664,0.278100904722222,1.358867377777778,1.2182836874305571,,22.0,8.0,0.0,218.85633388888905,97.79862080138886,27.40909090909091,28.25
2026-03-07 20:00:00,541.4444444444445,192.54413388888912,49.36249999999998,48.28833333333341,89.65055555555554,56.11944444444436,62.25694444444451,60.23500000000024,53.21750000000013,1.1642802336111104,6.861111111111111,4.3892,0.01108,94.95112,0.14,0.0931599999999999,0.0686,0.3224,0.0244399999999999,285.0,11.480984194929206,30.37,105.0,87.60135857754364,0.397657227527165,1.8990879157062888,0.9176572275271648,1.4306569388888897,0.42,0.373,0.0,0.53,1.28,0.0,96.72,0.1,18.08909691666665,3.971281819444445,24.25930763888889,162.125,175.53361111111116,193.61861111111128,179.5922222222223,187.09166666666667,42.71704658333331,1.0,400.9752777777771,515.3624999999988,673.3847222222208,66.49833333333336,1444.76,2.789492433333333,1230.2985333333354,109737.76027777788,0.0,0.0,0.0,0.0,0.0,0.0,0.0,0.0,0.0,0.0,0.0,0.0,40.229999999999954,35.87083333333328,31.60694444444437,76.26166666666673,60.0,11.98,6.064,86.98499999999999,0.5,6.5,1.035,4.441829616666663,4.640068150476251,62.362,0.0479543632340207,58.94210560918509,0.0298500368814342,4.256135787819506,0.0560413072063115,0.1106665918347711,0.01859340624098,0.0798898527949713,5.767757608800231,0.3940241172508899,2.887415413232417,5482.220258333338,7.53,19.68389377642439,71.85999999999999,1.01,19.6,1280.570294444445,94.3986909224027,2196.286447222222,117.916,2.6264,1.967463141840366,10.836,5.065555555555555,79.44666666666666,54.43,8.17,38.89,71.63,0.053909,2.23938,0.1881,0.02544,0.046,5.5076,0.1539,1.1167259390813682,19.5964,36.4044,0.7036,0.4072,7.5776,0.334,0.1596,0.3504,32.5992,1.54,1.349172233681294,0.0,1.0905792255555553,0.266376726388889,1.358960830555556,1.207748916736111,,22.0,8.0,0.0,216.6391877777777,96.7620977402778,27.40909090909091,28.25
2026-03-07 21:00:00,547.4861111111111,190.49801833333345,49.175277777777936,48.05472222222232,87.92472222222224,55.833611111111175,63.24111111111112,59.92222222222209,53.09555555555566,1.174156774722223,7.0,4.387268292682927,0.0112731707317073,94.83635609756098,0.1454634146341463,0.0995560975609756,0.0555219512195122,0.4238048780487805,0.0407560975609756,285.0,11.478826243747331,25.789,105.0,87.60365310791423,0.3975206483384388,1.8955368567994104,0.9175206483384388,1.4359424500000002,0.42,0.311,0.0,0.53,1.28,0.0,96.72,0.1,18.163773388888885,3.995434647222221,23.705584833333333,154.35916666666668,163.19999999999993,181.4116666666666,168.13395833333334,173.5650000000001,43.38930863888889,1.0,400.9527777777769,515.1236111111123,672.8122222222235,66.35194444444416,1457.7512195121951,2.795078491666668,1234.114516666669,108329.36527777772,0.0,0.0,0.0,0.0,0.0,0.0,0.0,0.0,0.0,0.0,0.0,0.0,40.5875000000001,36.28194444444447,31.142222222222223,75.70805555555555,60.0,11.98,5.085,86.98499999999999,0.5,6.5,1.035,4.444806636111112,4.615489017858808,53.587,0.0480806912124209,59.00055199955213,0.0298432269020471,4.232027917218728,0.0560177841640696,0.110200794968929,0.0186587791815179,0.0795983914008994,5.737709519099782,0.3906214566965868,2.881307033422285,5927.895355555559,7.53,19.868943312166667,71.85999999999999,1.01,19.6,1260.8291249999995,96.5233859422768,2188.6842361111103,100.7,2.6264,1.967463141840366,10.836,5.065555555555555,79.44666666666666,54.43,8.17,38.89,71.63,0.053909,2.23938,0.1881,0.02544,0.046,5.5076,0.1539,1.113308307153791,19.63917073170732,36.463756097560974,0.5998048780487805,0.3881463414634146,7.616439024390244,0.2935609756097561,0.1818536585365853,0.3418048780487804,32.753902439024394,1.438,1.3458402654626411,0.0,1.1238306180555546,0.2617856713888887,1.359048811111112,1.223391822916666,,22.0,8.0,0.0,214.65055166666647,96.49098742916668,27.40909090909091,28.25
2026-03-07 22:00:00,540.5416666666666,210.05889722222207,48.82972222222225,47.55999999999995,74.26000000000008,55.356388888889086,62.13472222222208,59.350555555555424,52.746388888888994,1.1808978388888882,6.277777777777778,4.384341463414634,0.0115658536585365,94.71138048780487,0.1513170731707317,0.106580487804878,0.0400097560975609,0.5350243902439024,0.059780487804878,285.0,11.478579750438552,30.213,105.0,87.60391520206535,0.397505047496111,1.8951312348988845,0.917505047496111,1.449731683333333,0.42,0.358,0.0,0.53,1.28,0.0,96.72,0.1,17.780213305555566,3.957626013888889,23.693552694444463,176.3002777777777,192.3361111111111,214.0427777777778,199.99777777777777,217.3119444444445,42.87347533333331,1.0,400.8455555555553,514.9219444444404,672.2330555555568,65.97250000000001,1473.5560975609756,2.79543621388889,1227.1351694444415,108195.43055555547,0.0,0.0,0.0,0.0,0.0,0.0,0.0,0.0,0.0,0.0,0.0,0.0,41.96222222222221,35.99138888888892,31.34888888888893,64.55000000000003,60.0,11.98,6.243,86.98499999999999,0.5,6.5,1.035,4.323729680555556,4.641700494766578,61.241,0.0481734458940905,58.936183439199226,0.0298931924690975,4.258860240688428,0.0561862967619731,0.110804199800787,0.0186155353439689,0.0798933720873271,5.770480886987476,0.3942726604725592,2.890233666987802,5366.64831111111,7.53,19.64867433029999,71.85999999999999,1.01,19.6,1245.0840638888894,93.53888166666744,2182.745769444445,117.873,2.6264,1.967463141840366,10.836,5.065555555555555,79.44666666666666,54.43,8.17,38.89,71.63,0.053909,2.23938,0.1881,0.02544,0.046,5.5076,0.1539,1.1097812961340452,19.691853658536584,36.54278048780488,0.4710243902439024,0.3647317073170731,7.66619512195122,0.2438048780487805,0.2052682926829268,0.3330243902439024,32.92951219512195,1.318,1.3425833807289635,0.0,1.057952448333335,0.2688338205555555,1.345678347222224,1.2164795960416654,,22.0,8.0,0.0,213.25741499999995,99.08280388194444,27.40909090909091,28.25
2026-03-07 23:00:00,535.5083333333333,200.52401249999983,48.66388888888904,47.09861111111106,72.96916666666655,55.507777777777655,60.05805555555552,58.99777777777768,52.485000000000014,1.1726320475000005,6.361111111111111,4.381414634146341,0.0118585365853658,94.58640487804878,0.157170731707317,0.1136048780487805,0.0244975609756097,0.6462439024390243,0.0788048780487804,285.0,11.48128312863607,21.658,105.0,87.60104072398191,0.3976761473820298,1.899579831932773,0.9176761473820296,1.4766570777777768,0.42,0.203,0.0,0.53,1.28,0.0,96.72,0.1,18.253979555555567,3.873697922222219,23.66782388888887,208.6761111111112,219.2844444444445,240.61138888888885,230.3441666666667,252.80472222222215,43.54438494444448,1.0,400.78416666666914,514.6994444444462,671.6686111111115,65.70583333333329,1489.360975609756,2.8249219638888925,1202.401988888891,109327.19138888884,0.0,0.0,0.0,0.0,0.0,0.0,0.0,0.0,0.0,0.0,0.0,0.0,43.389166666666775,36.52722222222221,34.37194444444446,55.12333333333333,60.0,11.98,4.433,86.98499999999999,0.5,6.5,1.035,4.371934330555557,4.633281538530828,44.406000000000006,0.0483767959284781,58.954766698193936,0.029920911588524,4.2513932801873615,0.0562791739854974,0.1107197225600144,0.0186565554204386,0.0797823942710444,5.76070080619736,0.3931230464351664,2.889839210917444,5092.041794444444,7.53,19.005776749967872,71.85999999999999,1.01,19.6,1236.3564194444448,94.7805527777771,2195.2615916666678,84.227,2.6264,1.967463141840366,10.836,5.065555555555555,79.44666666666666,54.43,8.17,38.89,71.63,0.053909,2.23938,0.1881,0.02544,0.046,5.5076,0.1539,1.1062542851142994,19.744536585365854,36.62180487804878,0.3422439024390244,0.3413170731707317,7.7159512195121955,0.1940487804878049,0.2286829268292682,0.3242439024390244,33.10512195121951,1.198,1.339326495995286,0.0,0.7371359024999985,0.3040249966666663,1.3482993361111122,1.2012072584722229,,22.0,8.0,0.0,211.38265805555528,97.81943165624998,27.40909090909091,28.25
2026-03-08 00:00:00,531.2611111111111,212.1761302777779,48.46611111111105,46.49222222222197,66.92722222222218,57.078611111111584,58.55500000000008,61.05388888888878,52.11916666666679,1.1853844524999997,5.777777777777778,4.366,0.012,94.5658,0.158,0.1164,0.0178,0.6779999999999999,0.086,285.0,10.584782478547194,30.066000000000003,105.0,88.48763586775759,0.373646976651367,1.8364697665136696,0.9275816536952038,1.4759997861111116,0.0,0.0,0.0,0.0,0.0,0.0,0.0,0.0,17.685257916666718,4.198358730555555,23.799117777777774,199.38222222222225,219.674166666667,234.48194444444457,220.9089583333334,230.09749999999977,42.63195286111112,1.0,400.7136111111116,514.4061111111087,671.0558333333317,65.39611111111108,1498.6,2.8241704472222247,1196.052677777776,109597.93444444449,0.0,0.0,0.0,0.0,0.0,0.0,0.0,0.0,0.0,0.0,0.0,0.0,43.898611111111045,37.3772222222225,43.48444444444443,42.244722222222286,60.0,11.98,5.731,86.98499999999999,0.5,6.5,1.035,4.416081461111115,4.708333973497215,62.484,0.0473036297292106,58.782467351642026,0.0298126560399462,4.321611772613789,0.0559175628961014,0.1118196658344536,0.0183769444977914,0.0807202323794891,5.850253504897253,0.4034448818897638,2.901200307278664,5107.78762222222,7.59,18.26600730435816,71.74000000000001,0.96,19.71,1239.6690111111116,86.08888888888947,2161.367569444445,118.284,2.63,1.906191369606004,10.16,5.065555555555555,79.44666666666666,55.14,8.45,38.89,71.63,0.053,2.17,0.18,0.028,0.043,5.33,0.15,1.1140067942432486,19.912,36.732,0.28,0.33,7.782,0.164,0.242,0.316,32.98,1.112,1.350040075873237,0.0,0.8741078630555551,0.2906153436111107,1.3480286888888893,1.254112221666667,,22.0,8.0,0.0,210.6313702777778,99.36333726180555,27.40909090909091,28.25
2026-03-08 01:00:00,532.1222222222223,194.6160333333337,47.99111111111102,45.85638888888881,64.42250000000021,56.842777777777954,57.46222222222234,79.2627777777778,51.62916666666691,1.1739148333333331,6.222222222222222,4.338903225806451,0.012,94.64283225806452,0.1541290322580645,0.1152387096774193,0.0193483870967741,0.6354193548387096,0.0821290322580645,285.0,10.57805994060644,25.592,105.0,88.49452563301031,0.3733459674898405,1.8334596748984064,0.9274144263832448,1.4516347527777766,0.0,0.0,0.0,0.0,0.0,0.0,0.0,0.0,18.19779691666666,3.8336226722222224,23.88898602777776,173.49055555555563,181.2333333333332,209.59750000000005,192.6030555555555,206.09083333333308,43.236040916666674,1.0,400.6075000000007,514.0944444444463,670.4933333333304,65.02083333333343,1501.6967741935484,2.7995755250000007,1199.830775,109015.56083333332,0.0,0.0,0.0,0.0,0.0,0.0,0.0,0.0,0.0,0.0,0.0,0.0,43.80694444444463,38.44611111111102,44.67388888888886,40.15694444444446,60.0,11.98,4.889,86.98499999999999,0.5,6.5,1.035,4.3986993166666695,4.732767791184437,52.793,0.0467300589093251,58.72838539200273,0.0297353247589642,4.343364650616559,0.0556584774496618,0.1120726232644479,0.0182598261133104,0.0810411607599492,5.878690735514178,0.4067829825923891,2.902521167579035,5100.713772222228,7.59,18.04306869037028,71.74000000000001,0.96,19.71,1252.875708333333,92.71111111111048,2210.1807222222237,101.299,2.63,1.906191369606004,10.16,5.065555555555555,79.44666666666666,55.14,8.45,38.89,71.63,0.053,2.17,0.18,0.028,0.043,5.33,0.15,1.1323111125435577,20.18683870967742,36.87135483870968,0.28,0.33,7.863290322580645,0.1523870967741935,0.2458709677419354,0.308258064516129,32.57354838709677,1.057806451612903,1.3738228000652926,0.0,0.9977117383333348,0.2777199008333335,1.3479364388888904,1.295106102083336,,22.0,8.0,0.0,210.861231388889,97.03662441666673,27.40909090909091,28.25
2026-03-08 02:00:00,531.3231197771588,202.1961827298053,47.659331476323416,45.40083565459594,64.06072423398341,56.021448467966536,56.279944289693525,82.42033426183859,51.321448467966505,1.1334120529247906,6.139275766016713,4.311806451612902,0.012,94.71986451612902,0.150258064516129,0.1140774193548387,0.0208967741935483,0.5928387096774194,0.078258064516129,285.0,10.56755194111362,25.269,105.0,88.50529502552534,0.3728754600498634,1.8287546004986348,0.9271530333610354,1.4178834206128148,0.0,0.0,0.0,0.0,0.0,0.0,0.0,0.0,17.884773760445665,4.219926713091927,24.06820668523677,197.52674094707527,210.2055710306408,243.99693593314743,220.7928969359332,231.44233983286912,42.62959311977716,1.0,400.4855153203332,513.756824512537,669.945961002785,64.74874651810576,1504.7935483870967,2.766026353760449,1193.4404456824495,110855.83732590528,0.0,0.0,0.0,0.0,0.0,0.0,0.0,0.0,0.0,0.0,0.0,0.0,43.75459610027833,38.8428969359332,43.47465181058496,41.517827298050086,60.0,11.98,5.001,86.98499999999999,0.5,6.5,1.035,4.375821637883012,4.714506717484516,52.475,0.047311100524059,58.76743763697,0.0298217246307765,4.327859742734636,0.0559481848499285,0.1119550262029537,0.0183650881372081,0.0807907003334921,5.857925107193902,0.4043033063363506,2.9031500714626017,5119.884885793874,7.59,18.49593659801013,71.74000000000001,0.96,19.71,1306.5568997214486,91.47520169916524,2155.372325905293,100.995,2.63,1.906191369606004,10.16,5.065555555555555,79.44666666666666,55.14,8.45,38.89,71.63,0.053,2.17,0.18,0.028,0.043,5.33,0.15,1.1506154308438663,20.46167741935484,37.01070967741936,0.28,0.33,7.944580645161291,0.1407741935483871,0.2497419354838709,0.300516129032258,32.167096774193546,1.0036129032258063,1.397605524257348,0.0,0.9147830779944296,0.2844713579387185,1.3481984011142063,1.2768579199164336,,22.0,8.0,0.0,216.27235264623968,98.0409942116992,27.40909090909091,28.25
2026-03-08 03:00:00,532.2,194.4019641666665,47.72527777777788,45.47888888888888,64.99916666666665,55.49694444444446,55.52444444444453,75.28277777777782,51.38972222222195,1.1532929083333332,6.359722222222223,4.4108,0.01256,94.81348,0.1444,0.10224,0.02772,0.4276,0.0612,285.0,10.585515169720637,29.961,105.0,88.48688495043558,0.3736797837188345,1.8367978371883449,0.927599879843797,1.4668242861111107,0.0,0.0,0.0,0.0,0.0,0.0,0.0,0.0,18.55965477777778,4.111569222222219,23.8970872777778,175.71388888888893,183.5,218.0944444444446,198.6461111111112,217.2761111111112,43.71516761111109,1.0,400.3674999999999,513.417499999996,669.4405555555528,64.76666666666662,1498.84,2.8150076694444435,1187.8453777777793,109614.4933333333,0.0,0.0,0.0,0.0,0.0,0.0,0.0,0.0,0.0,0.0,0.0,0.0,43.97444444444443,38.686111111111074,41.38833333333337,43.41750000000001,60.0,11.98,5.538,86.98499999999999,0.5,6.5,1.035,4.400118836111111,4.6639538805824925,61.666,0.0475432166834236,58.8878951123796,0.0298025167839652,4.278139331236014,0.0558823338630687,0.1109840106379528,0.018496318879123,0.0801931696558881,5.7960354165991,0.3973021762397431,2.890292868031006,5091.77577222222,7.59,18.44448021051261,71.74000000000001,0.96,19.71,1246.321347222222,94.87805480555546,2146.6257861111108,118.161,2.63,1.906191369606004,10.16,5.065555555555555,79.44666666666666,55.14,8.45,38.89,71.63,0.053,2.17,0.18,0.028,0.043,5.33,0.15,1.1635301665098363,20.3904,37.0872,0.3024,0.3468,7.9612,0.168,0.1996,0.3279999999999999,31.876800000000003,1.1344,1.413294830852312,0.0,0.7873336331111112,0.3135314147222223,1.3481613166666655,1.2405575159722215,,22.0,8.0,0.0,209.5349833333332,97.0082602520833,27.40909090909091,28.25
2026-03-08 04:00:00,530.0,196.81520916666628,47.62027777777796,45.60222222222235,65.22305555555555,54.2675000000002,54.06555555555544,67.89,51.14750000000006,1.1320890261111125,6.1402777777777775,4.474,0.013,94.90124,0.1416,0.09428,0.033,0.2952,0.04768,285.0,10.585499633357776,30.002,105.0,88.48690087327512,0.3736790880607959,1.83679088060796,0.9275994933671088,1.419945919444444,0.0,0.0,0.0,0.0,0.0,0.0,0.0,0.0,18.03079213888889,3.955713066666672,24.461347749999984,180.7905555555555,202.3777777777777,238.1980555555556,214.69083333333333,237.39694444444447,42.43664741666665,1.0,400.2302777777783,513.0963888888894,668.9652777777759,64.60083333333309,1492.88,2.7680442222222217,1182.4961277777802,108857.33555555563,0.0,0.0,0.0,0.0,0.0,0.0,0.0,0.0,0.0,0.0,0.0,0.0,43.93999999999978,38.81305555555556,42.57694444444447,41.36555555555554,60.0,11.98,5.482,86.98499999999999,0.5,6.5,1.035,4.429212638888893,4.688057993197279,58.8,0.0479977891156462,58.82538894557823,0.0299177891156462,4.304638095238095,0.0562701360544217,0.1117120748299319,0.0184995238095238,0.0804387244897959,5.827353401360544,0.400696462585034,2.9024183673469386,5109.702466666664,7.59,18.030820823207552,71.74000000000001,0.96,19.71,1280.9749138888883,91.61294444444464,2176.213316666665,118.459,2.63,1.906191369606004,10.16,5.065555555555555,79.44666666666666,55.14,8.45,38.89,71.63,0.053,2.17,0.18,0.028,0.043,5.33,0.15,1.1688470485932752,20.3568,37.0376,0.3728,0.3631999999999999,7.9364,0.1916,0.1632,0.3530399999999999,31.687600000000003,1.2592,1.41930813019649,0.0,0.9083381658333336,0.2878568711111108,1.3481920750000005,1.2029342131944412,,22.0,8.0,0.0,209.94396416666677,97.32801521458327,27.40909090909091,28.25
2026-03-08 05:00:00,532.6722222222222,188.24248555555528,47.44194444444416,45.63666666666674,63.82111111111116,53.94527777777751,53.48305555555567,63.609166666666646,50.94083333333313,1.1580527255555555,6.719444444444444,4.414,0.013,94.96964,0.1476,0.09908,0.033,0.2772,0.04648,285.0,10.584746466842676,25.756,105.0,88.48767277527566,0.3736453641869855,1.8364536418698556,0.9275807578816586,1.451850350000001,0.0,0.0,0.0,0.0,0.0,0.0,0.0,0.0,18.57147038888887,3.743489588888888,23.76372049999998,167.3138888888889,175.8713888888889,220.9916666666669,193.92916666666667,211.53972222222205,43.87011002777776,1.0,400.08277777777926,512.7861111111148,668.5147222222197,64.40944444444405,1488.68,2.7999935388888906,1210.8020055555526,109474.06583333324,0.0,0.0,0.0,0.0,0.0,0.0,0.0,0.0,0.0,0.0,0.0,0.0,43.88444444444409,38.916388888889045,43.0983333333333,40.76638888888899,60.0,11.98,4.628,86.98499999999999,0.5,6.5,1.035,4.356482761111112,4.72796481384067,51.327,0.0473002513297095,58.73491261908936,0.0298364018937401,4.341347828628208,0.0559978373955228,0.1122374189023321,0.018336080425507,0.0809462271319188,5.874564264422235,0.4061721900753989,2.907113215266819,5077.944269444449,7.59,18.872083062718445,71.74000000000001,0.96,19.71,1258.0443027777785,93.16686244565182,2204.4471583333348,101.235,2.63,1.906191369606004,10.16,5.065555555555555,79.44666666666666,55.14,8.45,38.89,71.63,0.053,2.17,0.18,0.028,0.043,5.33,0.15,1.1543285013422124,20.4948,36.6536,0.5708,0.3752,7.8104,0.1976,0.1752,0.36444,31.7536,1.3312000000000002,1.4003021880575783,0.0,1.0171224266666674,0.2937976311111109,1.3480528083333336,1.1842043103472228,,22.0,8.0,0.0,213.59630361111107,96.19212933611108,27.40909090909091,28.25
2026-03-08 06:00:00,535.7875,192.29728833333343,47.21375000000005,45.45208333333332,64.89250000000003,53.73625000000002,53.56916666666681,60.02291666666672,50.65875000000003,1.13527192125,6.710416666666666,4.3732,0.01324,95.003048,0.15264,0.101,0.03276,0.2772,0.0469119999999999,285.0,10.597375430691756,30.184,105.0,88.47472965809702,0.374210840180228,1.8421084018022795,0.9278949112112378,1.4379854833333334,0.0,0.0,0.0,0.0,0.0,0.0,0.0,0.0,18.3266425,3.825496745833333,24.369647166666663,167.90374999999997,172.1466666666666,223.0379166666667,194.15156249999995,213.51791666666665,42.92400416666666,1.0,399.8895833333341,512.4883333333325,668.1570833333341,64.23958333333351,1485.56,2.7859036666666657,1205.0934208333315,110085.23249999998,0.0,0.0,0.0,0.0,0.0,0.0,0.0,0.0,0.0,0.0,0.0,0.0,43.694166666666646,39.03625000000011,39.95083333333333,45.70208333333335,60.0,11.98,5.153,86.98499999999999,0.5,6.5,1.035,4.321912325000001,4.744011502040952,60.511,0.0473707259837054,58.69538331873544,0.0298695609062815,4.357842210507181,0.0561096329592966,0.1126132438730148,0.0183111996165986,0.0811258614136272,5.894670721025929,0.4084088182313959,2.9127233065062548,5067.599608333335,7.59,19.28601985829933,71.74000000000001,0.96,19.71,1278.548070833334,93.69838525582192,2182.770629166666,118.515,2.63,1.906191369606004,10.16,5.065555555555555,79.44666666666666,55.14,8.45,38.89,71.63,0.053,2.17,0.18,0.028,0.043,5.33,0.15,1.145485921210938,20.334,36.608,0.5612,0.3824,7.8104,0.2024,0.18,0.3666,31.96,1.3288,1.3898628617394757,0.0,1.0016529520833333,0.3027135662499999,1.348020575,1.18479503625,,22.0,8.0,0.0,214.30817916666663,96.72939070416668,27.40909090909091,28.25
2026-03-08 07:00:00,534.5,177.60955000000024,46.99791666666666,45.29958333333328,62.549166666666615,52.92624999999968,52.647916666666646,59.40583333333315,50.34041666666641,1.1624215570833325,7.358333333333333,4.3452,0.01364,95.013128,0.15704,0.101,0.03236,0.2892,0.0484319999999999,285.0,10.602667423827054,25.534,105.0,88.46930602334142,0.3744477950967337,1.8444779509673377,0.9280265528315188,1.4561778500000002,0.0,0.0,0.0,0.0,0.0,0.0,0.0,0.0,18.62138316666667,3.766902945833332,23.89098649999998,148.13666666666657,149.2116666666666,184.42291666666657,164.8724999999999,177.71874999999986,43.80427604166665,1.0,399.66083333333455,512.0320833333326,667.6520833333344,64.13875000000014,1483.16,2.804241341666668,1246.0183041666664,110084.16583333332,0.0,0.0,0.0,0.0,0.0,0.0,0.0,0.0,0.0,0.0,0.0,0.0,43.637500000000095,39.34833333333346,41.388333333333314,43.09250000000001,60.0,11.98,4.685,86.98499999999999,0.5,6.5,1.035,4.277399895833335,4.711156338107063,53.557,0.047146964915884,58.77703138712026,0.0297867505648187,4.323677950594694,0.0558306290494239,0.1118064865470433,0.0183528950463991,0.0807635976623037,5.853249061747298,0.4038214985902869,2.900393972776668,5017.665108333337,7.59,19.53830856764586,71.74000000000001,0.96,19.71,1262.019183333333,94.9012382902874,2213.0947499999997,102.247,2.63,1.906191369606004,10.16,5.065555555555555,79.44666666666666,55.14,8.45,38.89,71.63,0.053,2.17,0.18,0.028,0.043,5.33,0.15,1.140427319159523,19.974,36.788,0.4132,0.3864,7.8944,0.2064,0.18,0.3626,32.26,1.2768,1.3851346126352455,0.0,1.0427698537500003,0.2937563354166668,1.348222150000001,1.2637493145833334,,22.0,8.0,0.0,220.0566995833334,94.78326537500004,27.40909090909091,28.25
2026-03-08 08:00:00,530.1805555555555,188.4522119444445,46.92861111111097,45.11305555555559,60.30777777777779,52.57416666666658,51.62472222222215,59.303611111111096,50.396111111110905,1.1218218713888888,6.420833333333333,4.311111111111112,0.0139111111111111,95.0341422222222,0.1612222222222222,0.1007777777777777,0.0327111111111111,0.2973333333333333,0.0487911111111111,285.0,11.47551649004655,30.291,105.0,87.60629295830445,0.3672377934039814,1.8171338021194416,0.9181905516490048,1.4316736833333326,0.0,0.0,0.0,0.0,0.0,0.0,0.0,0.0,18.65880611111109,3.6649868,24.474079055555528,170.59805555555545,173.17583333333334,210.5838888888888,189.41687499999995,203.30972222222223,43.25869522222223,1.0,399.4724999999971,511.7663888888918,667.3644444444423,63.96583333333365,1479.888888888889,2.779650472222222,1178.111852777776,109124.34805555554,0.0,0.0,0.0,0.0,0.0,0.0,0.0,0.0,0.0,0.0,0.0,0.0,43.63888888888894,40.0763888888888,44.92499999999999,37.403055555555525,60.0,11.81,5.388,87.21000000000001,0.5,6.550000000000001,0.98,4.3568052166666655,4.892267506422475,60.335,0.1426748653352117,59.032557885141294,0.0255415596254247,4.302025358415514,0.0663806579928731,0.0811486367779895,0.0150500870141708,0.0825533604044087,5.247022789425706,0.4304300986160604,2.628822408220768,5062.786891666667,7.48,18.11650004738185,71.85,1.07,19.6,1272.49413888889,96.1331250000004,2199.7356638888905,120.384,2.6852,1.948051948051948,10.71,5.065555555555555,79.44666666666666,54.48,8.52,38.89,71.63,0.051,2.23938,0.198,0.029,0.047,5.4978,0.16416,1.1331160352432414,19.64111111111111,36.89844444444445,0.2871111111111111,0.3926666666666666,7.971777777777778,0.2148888888888888,0.18,0.3594,32.565555555555555,1.2384444444444445,1.377912620650322,0.0,0.7763117244444443,0.3098518355555554,1.3481510472222222,1.409275125277777,,22.0,8.0,0.0,209.36268527777764,96.2199180826389,27.40909090909091,28.25
2026-03-08 09:00:00,538.5694444444445,193.01539805555535,46.89166666666668,45.02777777777782,56.333611111111146,52.16472222222241,52.725,57.16083333333353,50.61250000000007,1.0946750200000004,6.719444444444444,4.222222222222222,0.0130222222222222,95.15356444444444,0.1634444444444444,0.0985555555555555,0.0398222222222222,0.2706666666666666,0.0387022222222222,285.0,11.448687282541542,30.753,105.0,87.63284557604136,0.3661314343316099,1.783943029948298,0.9184671414170976,1.3535924972222224,0.0,0.0,0.0,0.0,0.0,0.0,0.0,0.0,18.457417166666676,3.981939638888894,24.540629999999982,142.93166666666656,147.63055555555545,177.42833333333357,155.14319444444442,152.5822222222222,42.92415597222224,1.0,399.2333333333342,511.46694444444194,667.0672222222228,64.04083333333321,1468.7777777777778,2.7018067777777786,1249.702133333332,109939.1902777779,0.0,0.0,0.0,0.0,0.0,0.0,0.0,0.0,0.0,0.0,0.0,0.0,43.68555555555561,40.79138888888898,47.51888888888901,33.17138888888879,60.0,11.81,5.527,87.21000000000001,0.5,6.550000000000001,0.98,4.383817155555553,4.821935187197966,59.803,0.1491690048994197,59.195128505258936,0.0255886326772904,4.230192632476632,0.0680894938381017,0.0799339163587111,0.0153008377506145,0.0821836028292894,5.160130261023695,0.421253381937361,2.619977258665953,5135.4791166666655,7.48,19.519191474557225,71.85,1.07,19.6,1357.0010194444435,95.5658437800017,2216.374563888888,118.369,2.6852,1.948051948051948,10.71,5.065555555555555,79.44666666666666,54.48,8.52,38.89,71.63,0.051,2.23938,0.198,0.029,0.047,5.4978,0.16416,1.1055306145431636,19.55222222222222,36.38288888888889,0.3582222222222222,0.4193333333333333,7.9895555555555555,0.2637777777777778,0.18,0.3634,32.92111111111111,1.3228888888888888,1.3482469427391557,0.0,1.1774715597222214,0.2589174661111111,1.348091972222221,1.393808187499999,,22.0,8.0,0.0,225.6964291666665,96.82454024236108,27.40909090909091,28.25
2026-03-08 10:00:00,540.0,208.9993958333337,47.498888888888914,45.64194444444441,58.755833333333285,52.595277777777824,54.970277777777554,55.9038888888887,51.57583333333325,1.1113231983333336,6.6402777777777775,4.133333333333334,0.0121333333333333,95.27298666666664,0.1656666666666666,0.0963333333333333,0.0469333333333333,0.244,0.0286133333333333,285.0,11.444523684801318,26.726,105.0,87.63696625009354,0.3659597395794358,1.7787921873830728,0.918510065105141,1.3900178866666684,0.0,0.0,0.0,0.0,0.0,0.0,0.0,0.0,17.986835055555563,4.417052466666664,24.259283416666676,166.54499999999996,177.88027777777785,218.6286111111112,193.30395833333336,210.1619444444444,42.57742113888891,1.0,399.0169444444432,511.2019444444456,666.8652777777731,64.56250000000021,1457.6666666666667,2.7381686277777795,1219.3104111111113,108702.71055555563,0.0,0.0,0.0,0.0,0.0,0.0,0.0,0.0,0.0,0.0,0.0,0.0,44.46583333333351,37.29972222222221,44.793611111111126,39.22111111111112,60.0,11.81,4.892,87.21000000000001,0.5,6.550000000000001,0.98,4.454440177777779,4.796620573420413,52.213,0.1483353570949763,59.27205619290215,0.0254768161185911,4.198594411353494,0.0676464865071917,0.0789474268860245,0.0153478635588838,0.0816742956734912,5.115738034589088,0.4175372416831057,2.609014996265298,5158.955675,7.48,20.88660135800211,71.85,1.07,19.6,1307.007922222223,99.9361805555558,2154.977730555556,102.26,2.6852,1.948051948051948,10.71,5.065555555555555,79.44666666666666,54.48,8.52,38.89,71.63,0.051,2.23938,0.198,0.029,0.047,5.4978,0.16416,1.0779451938430855,19.46333333333333,35.867333333333335,0.4293333333333333,0.446,8.007333333333333,0.3126666666666666,0.18,0.3674,33.276666666666664,1.407333333333333,1.318581264827989,0.0,0.8367380358333316,0.2786946549999999,1.3481992305555552,1.5089682500694437,,22.0,8.0,0.0,217.5324016666668,98.9424199479167,27.40909090909091,28.25
2026-03-08 11:00:00,541.9861111111111,214.82915111111132,48.26277777777783,46.50138888888884,59.784166666666586,53.52361111111123,55.81222222222196,56.36749999999997,52.64638888888884,1.1044567022222227,6.5,4.178285714285715,0.0123642857142857,95.18358142857144,0.1696428571428571,0.0974571428571428,0.0421714285714285,0.2800714285714285,0.0364257142857142,285.0,11.444524680073126,30.632,105.0,87.63696526508227,0.3659597806215722,1.7787934186471663,0.918510054844607,1.39501176111111,0.0,0.0,0.0,0.0,0.0,0.0,0.0,0.0,18.36400438888886,4.255529847222221,23.704331333333336,158.73555555555578,170.67277777777767,200.38666666666663,180.9126388888889,193.85555555555536,43.65080577777778,1.0,398.7700000000005,511.02555555555534,666.7502777777813,65.31805555555523,1459.642857142857,2.743023366666665,1242.2388833333343,107462.7041666667,0.0,0.0,0.0,0.0,0.0,0.0,0.0,0.0,0.0,0.0,0.0,0.0,44.5672222222224,35.174166666666565,37.9627777777778,51.53249999999994,60.0,11.81,5.718,87.21000000000001,0.5,6.550000000000001,0.98,4.567156466666666,4.908884735202492,62.595,0.1427006310408179,58.98508842559309,0.0255937854461218,4.321822829299465,0.0664974678488697,0.0817058710759645,0.015012109593418,0.082825816758527,5.274006070772425,0.4328015336688234,2.63473919642144,5228.243911111113,7.48,20.93591235257091,71.85,1.07,19.6,1286.0693500000011,97.453777777778,2169.923313888888,118.226,2.6852,1.948051948051948,10.71,5.065555555555555,79.44666666666666,54.48,8.52,38.89,71.63,0.051,2.23938,0.198,0.029,0.047,5.4978,0.16416,1.088949108218063,19.402642857142855,36.09964285714285,0.4145,0.4317857142857143,8.01,0.3054285714285714,0.1763571428571428,0.3672714285714286,33.155142857142856,1.3872142857142855,1.3305523605198093,0.0,0.9180773055555544,0.2905550738888886,1.347969000000001,1.4985367932638871,,22.0,8.0,0.0,217.72581666666665,99.71486252222226,27.40909090909091,28.25
2026-03-08 12:00:00,536.7916666666666,201.9761425000001,48.82305555555534,47.10527777777792,56.810000000000045,53.94416666666639,56.60361111111125,57.24416666666657,53.69083333333322,1.1201034363888895,6.1402777777777775,4.246857142857143,0.0127928571428571,95.05732428571427,0.1739285714285714,0.0991714285714285,0.0353142857142857,0.3272142857142857,0.0473971428571428,285.0,11.451262911495878,26.914,105.0,87.63029649996285,0.3662376458348815,1.7871293750464443,0.9184405885412796,1.4400952166666663,0.0,0.0,0.0,0.0,0.0,0.0,0.0,0.0,18.095076388888906,3.9010738250000014,23.724224027777773,192.71194444444444,223.2616666666667,239.65305555555543,220.1929861111111,225.1452777777777,43.27008413888888,1.0,398.62138888889166,510.9202777777744,666.757222222222,65.71416666666677,1463.928571428571,2.787888899999997,1195.917666666665,107578.58194444452,0.0,0.0,0.0,0.0,0.0,0.0,0.0,0.0,0.0,0.0,0.0,0.0,44.16416666666673,36.5327777777778,38.451944444444415,51.2044444444444,60.0,11.81,4.568,87.21000000000001,0.5,6.550000000000001,0.98,4.558454358333337,4.94338771900111,53.139,0.1439644705395284,58.87949754417659,0.0257513690509795,4.365121285684714,0.0671438491503415,0.083072526769416,0.0149497544176593,0.083535124861213,5.335039048533093,0.4378831366792752,2.649993413500442,5222.949077777781,7.48,18.56563860292737,71.85,1.07,19.6,1248.2452666666663,91.91995833333316,2204.6650944444445,101.009,2.6852,1.948051948051948,10.71,5.065555555555555,79.44666666666666,54.48,8.52,38.89,71.63,0.051,2.23938,0.198,0.029,0.047,5.4978,0.16416,1.1067629052533434,19.34692857142857,36.463928571428575,0.3845,0.4103571428571428,8.01,0.2882857142857143,0.1720714285714285,0.3664142857142857,32.94942857142857,1.3486428571428573,1.3498711221415685,0.0,0.6719666477777773,0.3199917988888889,1.3479430638888896,1.4502407502083332,,22.0,8.0,0.0,209.2851547222225,98.01183888125,27.40909090909091,28.25
2026-03-08 13:00:00,526.0277777777778,191.18216166666627,49.143611111111326,47.26749999999978,60.35444444444444,54.33499999999989,56.85833333333331,57.8924999999999,54.1633333333337,1.1339585808333328,6.0,4.269310344827587,0.013,94.98789793103448,0.1747172413793103,0.1,0.0298620689655172,0.3692413793103448,0.0559710344827586,285.0,11.45469717006083,26.467,105.0,87.62689764612536,0.3663792647447765,1.7913779423432956,0.918405183813806,1.437043159444444,0.0,0.0,0.0,0.0,0.0,0.0,0.0,0.0,18.299962250000014,3.518767655555556,23.589409972222256,161.9197222222223,187.3144444444444,217.88944444444445,188.3932638888889,186.4494444444444,43.68548697222224,1.0,398.417499999998,510.78500000000247,666.7611111111089,65.92722222222235,1469.6344827586206,2.7848667638888878,1197.9206527777808,109227.56861111104,0.0,0.0,0.0,0.0,0.0,0.0,0.0,0.0,0.0,0.0,0.0,0.0,43.291944444444574,36.07583333333336,37.89750000000003,52.524444444444434,60.0,11.81,4.761,87.21000000000001,0.5,6.550000000000001,0.98,4.522459494444446,4.930397972308391,52.868,0.1435986608156162,58.91861182567904,0.0256965082847847,4.349019444654611,0.0669372020882197,0.0825770598471665,0.0149747295150185,0.0832811341454188,5.312516266928956,0.4359843383521223,2.64452031474616,5258.481238888885,7.48,17.171981760899918,71.85,1.07,19.6,1269.214116666666,89.81999999999977,2252.653463888886,101.603,2.6852,1.948051948051948,10.71,5.065555555555555,79.44666666666666,54.48,8.52,38.89,71.63,0.051,2.23938,0.198,0.029,0.047,5.4978,0.16416,1.1253652352164332,19.548758620689654,36.714827586206894,0.3550344827586207,0.3807586206896552,8.020689655172413,0.2607586206896552,0.1678620689655172,0.3606551724137931,32.63193103448276,1.295793103448276,1.3712072178440882,0.0,0.7495924988888881,0.3030845908333333,1.347860447222221,1.448769716319445,,22.0,8.0,0.0,212.4228544444446,96.58163642083328,27.40909090909091,28.25
2026-03-08 14:00:00,534.3055555555555,190.5146380555556,49.18666666666697,47.31444444444416,66.19861111111096,54.60555555555579,56.94277777777773,58.400277777777774,54.16055555555561,1.1275847775000003,6.359722222222223,4.248620689655173,0.013,94.97163586206896,0.1722344827586207,0.1,0.0257241379310344,0.4064827586206896,0.0623020689655172,285.0,11.453409664347427,26.158,105.0,87.62817187858398,0.366326171725667,1.789785151770013,0.9184184570685832,1.404263641666668,0.0,0.0,0.0,0.0,0.0,0.0,0.0,0.0,18.131992527777754,3.6597222194444474,23.688681527777767,152.0261111111111,170.20694444444436,193.8836111111112,175.08118055555553,184.20805555555555,43.35648305555551,1.0,398.28000000000014,510.580277777779,666.7858333333303,65.98444444444459,1476.6689655172413,2.7523791,1221.961758333331,109456.1263888889,0.0,0.0,0.0,0.0,0.0,0.0,0.0,0.0,0.0,0.0,0.0,0.0,42.28416666666669,34.738611111111126,34.030277777777755,59.41555555555561,60.0,11.81,4.873,87.21000000000001,0.5,6.550000000000001,0.98,4.506374755555556,4.934713064026106,53.322,0.1440790668016953,58.90353437605491,0.0257293049773076,4.355018378905517,0.0671255954390308,0.0828038145605941,0.0149713251565957,0.0834080867184276,5.32148269007164,0.4366618656464499,2.647218783991598,5253.178141666672,7.48,18.137954054189112,71.85,1.07,19.6,1300.7339333333334,95.20504166666684,2238.3635000000027,100.626,2.6852,1.948051948051948,10.71,5.065555555555555,79.44666666666666,54.48,8.52,38.89,71.63,0.051,2.23938,0.198,0.029,0.047,5.4978,0.16416,1.1447052250152152,19.99151724137931,36.8596551724138,0.3260689655172413,0.3435172413793103,8.041379310344828,0.2235172413793103,0.1637241379310345,0.3503103448275862,32.20986206896551,1.2295862068965515,1.3944304970415131,0.0,0.8660566261111105,0.2766788402777779,1.3482143388888863,1.3517695588888905,,22.0,8.0,0.0,217.2640411111111,96.49318954236112,27.40909090909091,28.25
2026-03-08 15:00:00,535.0,194.4530286111112,49.761388888888696,47.50444444444457,68.88638888888886,55.352499999999765,56.4233333333332,58.264722222222304,54.08166666666682,1.1332512433333333,6.5,4.2395000000000005,0.01295,94.9559,0.1685,0.0997,0.02285,0.4335,0.0671,285.0,11.444671568950737,30.326,105.0,87.63681989052299,0.3659658378948757,1.7789751368462707,0.9185085405262812,1.4260753166666675,0.0,0.0,0.0,0.0,0.0,0.0,0.0,0.0,17.911772250000016,3.831018522222223,23.951846666666647,183.68222222222224,209.5288888888888,242.0355555555556,216.9490972222222,232.5497222222223,42.78709102777774,1.0,398.138055555558,510.4655555555531,666.7877777777757,66.05194444444436,1482.7,2.7568399083333315,1234.0540805555577,110167.81694444446,0.0,0.0,0.0,0.0,0.0,0.0,0.0,0.0,0.0,0.0,0.0,0.0,41.923333333333154,34.3352777777778,34.71666666666667,58.45249999999999,60.0,11.81,5.625,87.21000000000001,0.5,6.550000000000001,0.98,4.486445686111112,4.931782799648646,62.615,0.1431514812744549,58.917265032340495,0.0256826159865846,4.349855465942666,0.0667970134951688,0.0825456679709334,0.0149654395911522,0.0832505310229178,5.312906332348479,0.4361234209055339,2.64391120338577,5266.539255555553,7.48,18.921251949004223,71.85,1.07,19.6,1289.8572083333322,97.30500000000023,2232.70148888889,117.456,2.6852,1.948051948051948,10.71,5.065555555555555,79.44666666666666,54.48,8.52,38.89,71.63,0.051,2.23938,0.198,0.029,0.047,5.4978,0.16416,1.1602460010417952,20.3745,36.961,0.305,0.3145,8.0555,0.1915,0.163,0.34215,31.857,1.1765,1.4131160034905084,0.0,0.7776282819444429,0.2928240666666667,1.3307876138888874,1.37455046638889,,22.0,8.0,0.0,221.1620641666668,97.01502629097224,27.40909090909091,28.25
2026-03-08 16:00:00,534.3055555555555,195.3879283333337,50.357499999999874,47.679166666666816,72.57472222222239,55.714444444444254,55.63583333333328,58.16305555555572,54.02333333333351,1.1412027983333326,6.5,4.3345,0.01245,94.9449,0.1535,0.0967,0.03135,0.3685,0.0581,285.0,11.463511596703087,26.085,105.0,87.58903201073413,0.3778953421506613,1.804389495878857,0.9474563925627756,1.4461067249999997,0.0,0.0,0.0,0.0,0.0,0.0,0.0,0.0,18.16833061111112,3.722937563888893,23.53701338888891,137.90749999999986,162.38833333333343,185.04305555555547,166.66090277777778,181.30472222222235,43.56220833333331,1.0,398.0291666666666,510.32055555555326,666.7705555555508,66.2619444444444,1479.7,2.7942506555555537,1223.285405555556,110108.15388888885,0.0,0.0,0.0,0.0,0.0,0.0,0.0,0.0,0.0,0.0,0.0,0.0,41.69361111111122,34.49861111111117,34.75500000000001,59.62305555555557,60.0,11.81,4.859,87.21000000000001,0.5,6.550000000000001,0.98,4.463642830555553,4.9337783052984925,53.921,0.142824576695536,58.913480833070594,0.0256754882142393,4.351635169970884,0.0667009328462009,0.0825554236753769,0.014956380630923,0.08324409784685,5.314781624969864,0.436365200942119,2.6438122438382075,5234.240375000004,7.73,19.00777729110551,71.5,0.98,19.79,1272.6181583333343,97.2822500000003,2216.76133888889,100.972,2.6362,1.859299670134484,10.2585,5.065555555555555,79.44666666666666,54.92,8.62,38.89,71.63,0.048174,2.22024,0.21,0.024,0.047,5.517399999999999,0.15,1.1415938531185572,20.2195,36.671,0.355,0.3595,8.0105,0.2065,0.193,0.35365,32.126999999999995,1.2415,1.3909615552036318,0.0,0.972106553888891,0.3049039025000002,1.3480823638888872,1.3102339751388885,,22.0,8.0,0.0,216.86462361111103,97.13890050416671,27.40909090909091,28.25
2026-03-08 17:00:00,530.0,184.56010583333327,50.69305555555545,47.63444444444479,71.17249999999987,55.089444444444496,54.699444444444495,57.971666666666685,53.97944444444439,1.1495707138888898,6.5,4.424,0.012,94.932,0.1413333333333333,0.094,0.039,0.308,0.0496666666666666,285.0,11.481571592210768,30.555,105.0,87.56935951562757,0.3817653411880216,1.8269644902634596,0.9490688921616756,1.4414043694444452,0.0,0.0,0.0,0.0,0.0,0.0,0.0,0.0,18.35684311111112,3.673771869444446,23.58027158333332,147.14861111111108,182.2169444444444,206.43027777777783,182.4453472222222,193.98555555555552,43.77185333333333,1.0,397.9022222222208,510.2513888888923,666.8469444444413,66.23777777777761,1477.3333333333333,2.7892553249999947,1197.469058333337,107899.47499999998,0.0,0.0,0.0,0.0,0.0,0.0,0.0,0.0,0.0,0.0,0.0,0.0,41.50194444444441,34.29638888888897,36.94611111111109,56.348888888888986,60.0,11.81,5.464,87.21000000000001,0.5,6.550000000000001,0.98,4.574897708333338,4.955230320608782,64.128,0.1437686813872255,58.84691102170658,0.0257798933383233,4.378842471307385,0.0671556418413173,0.083432556761477,0.0149197698353293,0.0837038890968063,5.353383389471058,0.4395452844311378,2.653684817864272,5248.862983333335,7.73,17.934628284354115,71.5,0.98,19.79,1250.1746472222233,97.1749999999997,2214.1022083333323,116.452,2.6362,1.859299670134484,10.2585,5.065555555555555,79.44666666666666,54.92,8.62,38.89,71.63,0.048174,2.22024,0.21,0.024,0.047,5.517399999999999,0.15,1.12297811514679,20.063333333333333,36.37933333333333,0.4,0.4026666666666667,7.984,0.2226666666666666,0.2173333333333333,0.3644,32.396,1.304,1.3694256881003868,0.0,0.8748505172222214,0.2918336522222221,1.3479322722222211,1.2797915747916673,,22.0,8.0,0.0,208.74481694444444,95.70421402291666,27.40909090909091,28.25
2026-03-08 18:00:00,530.9444444444445,184.70677888888892,50.65472222222226,47.62194444444457,71.65277777777791,54.49194444444432,54.41333333333325,58.02361111111093,53.82222222222186,1.169255526666667,6.5,4.464,0.012,94.902,0.1546666666666666,0.094,0.039,0.288,0.0463333333333333,285.0,11.469735094282006,26.198,105.0,87.58225284372853,0.3792289487747156,1.812168867852508,0.9480120619894647,1.4636559083333338,0.0,0.0,0.0,0.0,0.0,0.0,0.0,0.0,18.120708055555525,3.622966483333332,23.256004138888883,138.59,170.30277777777775,200.79611111111103,174.94777777777776,190.10222222222225,43.79367855555552,1.0,397.8013888888905,510.1216666666681,666.9491666666656,66.21361111111126,1480.6666666666667,2.8119051583333303,1184.9774138888904,109187.71416666656,0.0,0.0,0.0,0.0,0.0,0.0,0.0,0.0,0.0,0.0,0.0,0.0,41.54111111111135,34.71500000000021,37.35527777777774,55.51833333333331,60.0,11.81,4.713,87.21000000000001,0.5,6.550000000000001,0.98,4.433018597222224,4.961144975588429,54.892,0.1445489688843547,58.8255372367558,0.0258297930481673,4.387285761130948,0.0674545106755082,0.0837644647671791,0.0149167638271514,0.0838923522553377,5.366177402900241,0.4404898345842745,2.657682358084967,5154.230288888889,7.73,17.948881238527726,71.5,0.98,19.79,1245.989102777777,97.1749999999997,2213.8223611111107,99.523,2.6362,1.859299670134484,10.2585,5.065555555555555,79.44666666666666,54.92,8.62,38.89,71.63,0.048174,2.22024,0.21,0.024,0.047,5.517399999999999,0.15,1.1046900667382595,19.896666666666665,36.07266666666667,0.4,0.4293333333333333,8.124,0.2493333333333333,0.1906666666666666,0.3684,32.656,1.344,1.3534570516498228,0.0,0.9729842191666668,0.2944004186111111,1.3482463277777756,1.3172180937499989,,22.0,8.0,0.0,209.19806361111105,95.72364820277778,27.40909090909091,28.25
2026-03-08 19:00:00,530.1611111111112,182.28824222222215,50.52250000000016,47.7177777777775,76.61194444444453,54.21055555555584,53.97249999999979,58.191388888889165,53.43583333333333,1.1392344097222211,6.5,4.44,0.012,94.848,0.168,0.0952,0.037,0.348,0.0518,285.0,11.468664348224864,26.167,105.0,87.58341919211219,0.3789995031910421,1.8108304352810791,0.947916459662934,1.4398082694444445,0.0,0.0,0.0,0.0,0.0,0.0,0.0,0.0,18.41572638888889,3.692684191666668,23.56650252777776,151.5794444444445,178.33583333333343,205.5330555555557,185.13951388888893,205.10972222222205,43.86550055555559,1.0,397.6986111111123,509.9930555555553,666.9461111111102,66.32138888888873,1486.0,2.786434116666667,1195.654611111109,108639.07666666668,0.0,0.0,0.0,0.0,0.0,0.0,0.0,0.0,0.0,0.0,0.0,0.0,41.87305555555559,34.93833333333333,29.000277777777796,69.66527777777763,60.0,11.81,4.795,87.21000000000001,0.5,6.550000000000001,0.98,4.461711533333333,4.9525238890009735,54.523,0.1438144636208572,58.85435210828457,0.0257734167232177,4.37570860004035,0.0671532931056618,0.0833504576050474,0.0149266364653449,0.083665443941089,5.349195385433671,0.4391655631568329,2.652843754012069,5164.443350000003,7.73,17.713859937944385,71.5,0.98,19.79,1259.8247833333328,97.1749999999997,2223.2795138888887,99.906,2.6362,1.859299670134484,10.2585,5.065555555555555,79.44666666666666,54.92,8.62,38.89,71.63,0.048174,2.22024,0.21,0.024,0.047,5.517399999999999,0.15,1.0966530637647145,19.862,36.014,0.364,0.432,8.116,0.248,0.184,0.366,32.84,1.312,1.3438000106689427,0.0,0.819876061666667,0.3005738702777779,1.346669938888888,1.2654496089583307,,22.0,8.0,0.0,210.15923499999985,95.40319209444444,27.40909090909091,28.25
2026-03-08 20:00:00,534.8055555555555,200.8671833333333,50.29194444444427,47.76805555555555,74.35083333333326,53.93027777777751,54.43527777777773,58.26388888888903,53.5166666666666,1.103665002777778,6.1402777777777775,4.3854,0.012,94.78326,0.1802399999999999,0.09694,0.03394,0.4464,0.06182,285.0,11.465757447950615,26.081,105.0,87.5865856370538,0.3783765959894176,1.8071968099382687,0.9476569149955908,1.4081258638888892,0.0,0.0,0.0,0.0,0.0,0.0,0.0,0.0,18.28330008333332,3.851843791666666,23.818022000000013,186.47083333333345,210.45944444444447,233.9033333333332,216.46944444444443,235.04416666666668,43.42463022222225,1.0,397.59361111111326,509.9097222222183,666.962499999998,66.28527777777748,1491.4,2.75614060833333,1214.567447222224,108216.63527777772,0.0,0.0,0.0,0.0,0.0,0.0,0.0,0.0,0.0,0.0,0.0,0.0,42.2863888888889,35.984722222222295,28.298888888888936,69.71555555555547,60.0,11.81,5.001,87.21000000000001,0.5,6.550000000000001,0.98,4.440963519444446,4.990874300634092,53.620000000000005,0.1400559865721745,58.76696885490488,0.0257389220440134,4.414483401715777,0.0661489742633345,0.0839751585229391,0.0147869451697127,0.0838412719134651,5.395676426706452,0.4441410667661319,2.6571335322640803,5119.876258333328,7.73,18.439035516491995,71.5,0.98,19.79,1283.8300083333318,91.79715277777828,2216.3756777777785,100.447,2.6362,1.859299670134484,10.2585,5.065555555555555,79.44666666666666,54.92,8.62,38.89,71.63,0.048174,2.22024,0.21,0.024,0.047,5.517399999999999,0.15,1.094251122829002,19.9148,36.0794,0.3142,0.4206,8.018799999999999,0.2318,0.19,0.36,32.972,1.2472,1.3374521223956806,0.0,0.7978154102777775,0.3044608166666666,1.3480509999999994,1.2584390790972202,,22.0,8.0,0.0,213.94268805555555,97.86490179166664,27.40909090909091,28.25
2026-03-08 21:00:00,535.0972222222222,201.4212138888884,49.85277777777752,47.50916666666667,73.50583333333329,53.4855555555555,54.517500000000005,58.83583333333325,53.90027777777761,1.1453100058333323,6.359722222222223,4.4394,0.012,94.76586,0.18264,0.09634,0.03334,0.4104,0.06002,285.0,11.46541562705187,30.46,105.0,87.58695797767564,0.3783033486539723,1.806769533814839,0.9476263952724884,1.4382353472222225,0.0,0.0,0.0,0.0,0.0,0.0,0.0,0.0,18.43120669444442,3.903412733333337,23.73500202777774,143.79472222222225,164.26305555555555,191.62555555555568,169.12486111111113,176.81611111111107,43.70833216666667,1.0,397.4811111111113,509.7952777777754,666.8994444444415,66.10777777777813,1485.4,2.786337697222224,1210.1957611111102,109263.7794444444,0.0,0.0,0.0,0.0,0.0,0.0,0.0,0.0,0.0,0.0,0.0,0.0,42.84583333333326,36.359166666666674,27.56916666666672,68.01416666666675,60.0,11.81,6.01,87.21000000000001,0.5,6.550000000000001,0.98,4.395542816666667,4.949576201862572,63.568,0.1441160961490058,58.86099452554745,0.0257765857034986,4.372751384344324,0.0672347407500629,0.0833046501384344,0.0149375471935565,0.0836534419833878,5.345675497105462,0.4387847973823307,2.6525453058142463,5114.2780972222245,7.73,19.184299173959403,71.5,0.98,19.79,1269.8271416666676,95.24468055555552,2195.6033083333355,118.172,2.6362,1.859299670134484,10.2585,5.065555555555555,79.44666666666666,54.92,8.62,38.89,71.63,0.048174,2.22024,0.21,0.024,0.047,5.517399999999999,0.15,1.0810584676238773,19.9628,35.7734,0.3562,0.4266,8.0068,0.2498,0.19,0.36,33.092,1.3192000000000002,1.3230170356728777,0.0,0.9950786386111116,0.2929253227777779,1.3479261944444438,1.2311301729166662,,22.0,8.0,0.0,214.24437277777795,97.93831084027772,27.40909090909091,28.25
2026-03-08 22:00:00,530.0,194.79644583333356,49.408611111111085,47.27305555555562,66.76333333333349,53.16305555555565,54.61500000000037,58.9430555555556,54.366388888888814,1.1274755000000003,6.1402777777777775,4.424782608695652,0.0117739130434782,94.7155304347826,0.1853565217391304,0.0980347826086956,0.0296086956521739,0.4691304347826087,0.0657826086956521,285.0,11.461171902033913,26.009,105.0,87.59158060671307,0.3773939790072667,1.8014648775423887,0.9472474912530278,1.4441258750000006,0.0,0.0,0.0,0.0,0.0,0.0,0.0,0.0,18.352479388888877,3.950922716666668,23.60619230555554,171.97083333333336,184.12027777777783,222.09722222222243,196.27680555555563,206.91888888888897,43.73867252777777,1.0,397.33916666666727,509.7175000000021,666.8683333333288,65.76777777777801,1486.0695652173913,2.792221222222221,1171.7597694444455,109243.41916666666,0.0,0.0,0.0,0.0,0.0,0.0,0.0,0.0,0.0,0.0,0.0,0.0,43.61166666666688,36.43333333333336,28.207500000000017,63.19111111111115,60.0,11.81,4.99,87.21000000000001,0.5,6.550000000000001,0.98,4.43685262222222,4.897150196433968,52.944,0.1448813841039589,59.00584088848595,0.0256461922030825,4.311825324871562,0.0671486854034451,0.0816932608038682,0.0150689029918404,0.0828943034149289,5.264047295255364,0.4314134179510425,2.63595497129042,5134.918380555555,7.73,17.965486398858395,71.5,0.98,19.79,1262.249150000001,92.22697222222187,2170.679313888888,102.005,2.6362,1.859299670134484,10.2585,5.065555555555555,79.44666666666666,54.92,8.62,38.89,71.63,0.048174,2.22024,0.21,0.024,0.047,5.517399999999999,0.15,1.086876029680819,20.08269565217391,35.789913043478265,0.3777391304347826,0.4209565217391304,8.040695652173913,0.2441739130434782,0.2013043478260869,0.3464347826086956,32.938434782608695,1.3057391304347827,1.3310562605718352,0.0,0.6978756747222212,0.3166503774999998,1.3479931250000012,1.2413353762500006,,22.0,8.0,0.0,207.90968555555563,97.0605290729167,27.40909090909091,28.25
2026-03-08 23:00:00,528.6805555555555,186.35237944444413,48.95944444444436,47.0316666666666,65.55750000000002,53.13694444444455,54.583333333333535,58.140000000000015,54.42,1.1210317699999994,6.359722222222223,4.320434782608695,0.0112521739130434,94.62213913043476,0.1884869565217391,0.1027304347826087,0.0217826086956521,0.6517391304347826,0.0814347826086956,285.0,11.45982504970179,30.18,105.0,87.5930477137177,0.3771053677932405,1.7997813121272364,0.9471272365805168,1.4287345555555562,0.0,0.0,0.0,0.0,0.0,0.0,0.0,0.0,18.86783838888888,3.653870874999998,23.34252030555553,168.08666666666673,175.53333333333333,203.83916666666676,186.101875,196.94833333333327,44.70021438888888,1.0,397.26166666666734,509.608888888892,666.803611111107,65.63611111111155,1495.4608695652173,2.7768534472222197,1210.3293999999978,108633.76194444436,0.0,0.0,0.0,0.0,0.0,0.0,0.0,0.0,0.0,0.0,0.0,0.0,44.00361111111114,37.461944444444455,31.779722222222198,57.59111111111109,60.0,11.81,5.797,87.21000000000001,0.5,6.550000000000001,0.98,4.402473058333333,4.870987078769499,61.99100000000001,0.1468761917052475,59.06876046522882,0.0256466099917729,4.284341597973899,0.0676438999209562,0.0811684760691068,0.0151564420641706,0.0827068122792018,5.229982578116178,0.4279448952267264,2.6316320110983846,5090.783044444447,7.73,17.800943518126687,71.5,0.98,19.79,1269.307658333335,95.52302777777795,2234.833483333335,118.165,2.6362,1.859299670134484,10.2585,5.065555555555555,79.44666666666666,54.92,8.62,38.89,71.63,0.048174,2.22024,0.21,0.024,0.047,5.517399999999999,0.15,1.117553106618925,20.29660869565217,36.22817391304348,0.3725217391304348,0.4000869565217391,8.134608695652174,0.2076521739130434,0.227391304347826,0.3151304347826087,32.427130434782605,1.1805217391304348,1.3684849698992494,0.0,0.8216146036111114,0.3077027758333331,1.3480539972222234,1.253095758402777,,22.0,8.0,0.0,213.5269847222223,95.94169027638884,27.40909090909091,28.25
2026-03-09 00:00:00,520.0138888888889,188.62713972222252,48.58305555555557,46.50444444444428,65.85305555555549,52.9052777777775,54.087777777777774,56.70444444444444,53.89222222222199,1.128180401111112,6.1402777777777775,4.311333333333333,0.0114592592592592,94.60891851851852,0.1877037037037037,0.1036222222222222,0.0196074074074074,0.6734074074074075,0.0839481481481481,285.0,11.327521027680074,26.156,105.0,87.76209512157823,0.3633506652393332,1.8483407248814805,0.9103838507417036,1.4200242638888907,0.0,0.0,0.0,0.0,0.0,0.0,0.0,0.0,18.87692930555555,3.477993172222221,23.83342983333334,149.11055555555552,163.0533333333333,192.21444444444427,172.23798611111107,184.57361111111115,44.19637941666663,1.0,397.1750000000008,509.6000000000034,666.7994444444404,65.31194444444425,1497.9333333333334,2.767915677777782,1211.6093583333309,108838.90916666674,0.0,0.0,0.0,0.0,0.0,0.0,0.0,0.0,0.0,0.0,0.0,0.0,43.72444444444463,37.63083333333322,36.23222222222223,52.07305555555559,60.0,11.865,4.876,87.12,0.435,6.399999999999999,1.015,4.409885225000005,3.765177887653816,53.798,0.0351079965797985,38.7738607383174,0.0171161381463994,3.396884642551768,0.0412598981374772,0.0699042715342577,0.0091777761255065,0.0553351053942525,4.354548124465594,0.3392705676790958,1.7113126882040222,5110.73151388889,7.84,17.396509975518583,71.36999999999999,0.93,19.86,1280.9398138888885,92.22697222222187,2244.991719444442,100.855,2.68,1.837545126353791,10.18,5.244444444444443,79.02222222222223,54.7,8.23,38.89,71.63,0.052,2.46,0.22,0.028,0.043,5.54,0.18,1.130534304685441,20.37474074074074,36.39866666666666,0.3562222222222222,0.4037777777777778,8.17311111111111,0.1991851851851852,0.2308148148148148,0.3091851851851852,32.19607407407408,1.152148148148148,1.3843891518191795,0.0,0.9962770136111104,0.2918438786111112,1.347950336111114,1.2741460511111116,,22.0,8.0,0.0,214.02921555555545,96.24309601319447,27.40909090909091,28.25
2026-03-09 01:00:00,524.5972222222222,184.09383749999972,48.25333333333341,46.22666666666687,59.84472222222224,52.49194444444426,54.40444444444446,55.70972222222213,53.195000000000135,1.149702535555556,6.359722222222223,4.391333333333334,0.0123481481481481,94.67069629629628,0.1832592592592592,0.1009555555555555,0.0227185185185185,0.5445185185185185,0.0741703703703703,285.0,11.330021634341673,26.347,105.0,87.75929783277034,0.3637321137131362,1.852579041257069,0.9106805328879948,1.4326524750000007,0.0,0.0,0.0,0.0,0.0,0.0,0.0,0.0,18.623529611111085,3.999670441666672,24.129678055555537,189.74555555555563,191.92722222222235,232.83222222222224,209.7251388888889,224.39555555555543,43.562310694444434,1.0,397.1197222222244,509.5983333333367,666.7580555555569,64.99000000000035,1493.9333333333334,2.78078773888889,1212.8935888888896,110219.51916666677,0.0,0.0,0.0,0.0,0.0,0.0,0.0,0.0,0.0,0.0,0.0,0.0,43.51805555555556,37.370833333333145,30.62999999999999,55.58750000000016,60.0,11.865,4.832,87.12,0.435,6.399999999999999,1.015,4.374122991666669,4.477926403491371,50.41,0.0395679428684784,44.53403253322754,0.0199287244594326,4.059731204126166,0.0472049196587978,0.0850010910533624,0.0103034715334259,0.0658824439595318,5.207850426502678,0.4101004562586788,2.0211783376314223,5084.766794444441,7.84,17.585200753230218,71.36999999999999,0.93,19.86,1283.9202833333327,95.52302777777795,2191.774419444446,100.65,2.68,1.837545126353791,10.18,5.244444444444443,79.02222222222223,54.7,8.23,38.89,71.63,0.052,2.46,0.22,0.028,0.043,5.54,0.18,1.1269612934849853,20.32585185185185,36.318666666666665,0.3295555555555555,0.4304444444444444,8.159777777777778,0.2169629629629629,0.213037037037037,0.3269629629629629,32.227185185185185,1.2143703703703703,1.3801574855192056,0.0,0.901451580833334,0.2829499500000001,1.3480709027777782,1.2998293723611103,,22.0,8.0,0.0,216.05905055555567,95.64243346874996,27.40909090909091,28.25
2026-03-09 02:00:00,532.5138888888889,192.29525277777745,47.98444444444432,46.07222222222232,62.54333333333334,52.415277777777725,54.581666666666976,55.11583333333338,52.643611111111234,1.136452606944444,6.5,4.458888888888889,0.0128222222222222,94.7448,0.1746666666666666,0.0981111111111111,0.0287333333333333,0.4197777777777778,0.0622,285.0,11.327764452142087,30.601,105.0,87.76182281624784,0.363387797784386,1.8487533087154011,0.910412731610078,1.4025321119444445,0.0,0.0,0.0,0.0,0.0,0.0,0.0,0.0,18.249759388888883,4.207634041666664,24.26514272222224,173.94611111111118,171.57361111111112,200.98666666666665,186.70951388888892,200.3316666666668,42.92434711111114,1.0,397.0897222222243,509.5508333333346,666.5705555555573,64.87611111111096,1491.888888888889,2.7505746055555598,1211.9694333333312,110805.0124999999,0.0,0.0,0.0,0.0,0.0,0.0,0.0,0.0,0.0,0.0,0.0,0.0,43.52611111111119,37.44361111111096,31.41361111111114,57.3436111111112,60.0,11.865,5.811,87.12,0.435,6.399999999999999,1.015,4.3675438,3.788115896086605,63.09100000000001,0.0357558130319696,39.32366074400469,0.017305273335341,3.413645369387076,0.0418815678939943,0.0699601369450476,0.0093551061165617,0.0556578434325022,4.375322787719326,0.3400261368499468,1.7245344026881804,5107.684449999997,7.84,18.77378552869447,71.36999999999999,0.93,19.86,1320.0779611111118,97.63000000000012,2161.3875111111124,117.157,2.68,1.837545126353791,10.18,5.244444444444443,79.02222222222223,54.7,8.23,38.89,71.63,0.052,2.46,0.22,0.028,0.043,5.54,0.18,1.1235715363181105,20.247333333333334,36.25111111111111,0.3473333333333333,0.4517777777777778,8.135777777777777,0.2353333333333333,0.2,0.3417777777777778,32.26422222222222,1.2635555555555555,1.375733636196278,0.0,0.9451172072222216,0.2660795036111107,1.3481106722222225,1.3063247657638897,,22.0,8.0,0.0,219.44709916666656,96.72912099305552,27.40909090909091,28.25
2026-03-09 03:00:00,535.5555555555555,204.46225749999985,47.75416666666667,45.92555555555542,64.06083333333339,52.58083333333341,54.84083333333334,55.49972222222222,52.72666666666666,1.1162872172222214,6.1402777777777775,4.492222222222222,0.0121555555555555,94.8528,0.1546666666666666,0.0947777777777777,0.0427333333333333,0.3064444444444444,0.0442,285.0,11.326297635816804,26.267,105.0,87.76346366162866,0.3631640461415464,1.846267179350516,0.910238702554536,1.4191029472222223,0.0,0.0,0.0,0.0,0.0,0.0,0.0,0.0,18.69757922222222,4.117605402777779,24.31170458333335,166.01583333333338,191.5727777777777,224.5769444444445,200.4648611111111,219.6938888888888,43.47333377777778,1.0,397.02583333333337,509.4444444444405,666.4388888888853,64.68999999999994,1495.2222222222222,2.7671480694444446,1213.1059999999998,110981.86277777786,0.0,0.0,0.0,0.0,0.0,0.0,0.0,0.0,0.0,0.0,0.0,0.0,43.79472222222189,37.717222222222425,34.72861111111101,57.23472222222219,60.0,11.865,4.992,87.12,0.435,6.399999999999999,1.015,4.3765074666666655,3.738850555738968,54.522000000000006,0.0351437951652543,38.7060133524082,0.0170514654634826,3.3705827005612408,0.0412114375848281,0.069175635523275,0.0091923076923076,0.0549388687135468,4.320369942408568,0.3360482557499725,1.7011591651076627,5122.110436111111,7.84,18.856934942945266,71.36999999999999,0.93,19.86,1305.8274888888882,92.22697222222187,2153.826094444443,99.992,2.68,1.837545126353791,10.18,5.244444444444443,79.02222222222223,54.7,8.23,38.89,71.63,0.052,2.46,0.22,0.028,0.043,5.54,0.18,1.120685727743583,20.087333333333333,36.217777777777776,0.4873333333333334,0.4584444444444445,8.082444444444445,0.2553333333333333,0.2,0.3484444444444444,32.31755555555556,1.276888888888889,1.3707812835602275,0.0,0.7245442788888883,0.3028157505555553,1.3480467916666676,1.3153581342361118,,22.0,8.0,0.0,218.40227083333332,98.34124911875,27.40909090909091,28.25
2026-03-09 04:00:00,536.8194444444445,189.1036308333336,47.640000000000185,45.64472222222236,65.44027777777777,52.53722222222213,55.51416666666682,55.66916666666668,53.191666666666734,1.1406450177777787,6.719444444444444,4.4885,0.012575,94.840625,0.15575,0.09515,0.041975,0.32025,0.045175,285.0,11.324462994610228,30.428,105.0,87.76551597213094,0.3628841856185092,1.8431576179834364,0.9100210332588408,1.4327427027777777,0.0,0.0,0.0,0.0,0.0,0.0,0.0,0.0,18.603660444444447,4.086556355555551,24.244550361111116,160.4347222222221,169.5725000000001,207.59500000000003,184.57791666666665,200.7094444444444,43.41792883333336,1.0,396.9361111111096,509.3083333333312,666.2738888888894,64.5588888888891,1482.775,2.7809806972222217,1213.829002777779,110568.3244444445,0.0,0.0,0.0,0.0,0.0,0.0,0.0,0.0,0.0,0.0,0.0,0.0,44.218333333333234,38.460555555555416,39.9241666666666,48.73916666666664,60.0,11.865,5.709,87.12,0.435,6.399999999999999,1.015,4.32148325,3.636088001923539,54.06700000000001,0.0407451865278265,42.38808108458024,0.0178671278228864,3.2184095659089644,0.0456831338894334,0.0616745889359498,0.0107772393511753,0.053211367377513,4.114542881979766,0.3069659681506279,1.6967207353838756,5063.643525,7.84,19.085483551242216,71.36999999999999,0.93,19.86,1289.2525527777775,94.31480481399264,2173.74676388889,120.184,2.68,1.837545126353791,10.18,5.244444444444443,79.02222222222223,54.7,8.23,38.89,71.63,0.052,2.46,0.22,0.028,0.043,5.54,0.18,1.0855774987765914,19.912,35.76725,0.4337499999999999,0.46575,8.024000000000001,0.26,0.2,0.3615,32.9625,1.34325,1.3290921337400845,0.0,0.9163893883333332,0.2920976816666665,1.3482216194444443,1.2758087902777784,,22.0,8.0,0.0,217.2448191666668,96.3062310854167,27.40909090909091,28.25
2026-03-09 05:00:00,537.3888888888889,213.07502444444444,47.44749999999977,45.38916666666654,62.30916666666671,52.56833333333343,58.56888888888897,55.92694444444439,53.00305555555547,1.1367725316666657,6.280555555555556,4.462666666666667,0.013,94.834125,0.1610833333333333,0.0951333333333333,0.0405166666666666,0.3456666666666667,0.0478083333333333,285.0,11.323456780637724,26.03,105.0,87.7666415674222,0.3627306953515175,1.8414521705724165,0.9099016519400692,1.4258922888888903,0.0,0.0,0.0,0.0,0.0,0.0,0.0,0.0,18.58294736111112,3.975831091666668,24.110243111111117,184.01194444444448,188.1283333333332,230.4277777777775,204.9027777777777,217.04305555555555,43.52658566666669,1.0,396.8277777777789,509.225000000003,666.0550000000004,64.26416666666665,1473.2166666666667,2.774016119444445,1214.8318305555551,110222.98388888902,0.0,0.0,0.0,0.0,0.0,0.0,0.0,0.0,0.0,0.0,0.0,0.0,44.02583333333344,39.08833333333354,44.29416666666661,40.366111111111024,60.0,11.865,4.856,87.12,0.435,6.399999999999999,1.015,4.283539058333333,3.653695540418969,46.68600000000001,0.0464396178725956,46.5658659983721,0.0190286809750246,3.184163346613545,0.0505954675919976,0.0572860172214368,0.0123675620100244,0.0532869811078267,4.061576489739965,0.2918405089320138,1.740358994131003,5026.260522222223,7.84,20.10020751844088,71.36999999999999,0.93,19.86,1291.170125,94.33394444444416,2169.8806138888885,106.936,2.68,1.837545126353791,10.18,5.244444444444443,79.02222222222223,54.7,8.23,38.89,71.63,0.052,2.46,0.22,0.028,0.043,5.54,0.18,1.0501837580055908,19.760166666666667,35.323,0.3678333333333333,0.47,7.953166666666667,0.2665,0.1978333333333333,0.3656666666666666,33.64233333333333,1.3856666666666666,1.28664537618587,0.0,0.982453241944444,0.2891197624999997,1.348189677777778,1.2696503745138887,,22.0,8.0,0.0,216.94167777777773,99.4824407388889,27.40909090909091,28.25
2026-03-09 06:00:00,542.5103734439834,209.50905186721988,47.275518672199176,45.03568464730292,58.69045643153529,52.63692946058104,59.479668049792586,56.43775933609952,52.36265560165961,1.133433096680498,6.580912863070539,4.422666666666667,0.013,94.882875,0.1635833333333333,0.0931333333333333,0.0440166666666666,0.3356666666666666,0.0450583333333333,285.0,11.329402594887684,30.984,105.0,87.75999031758327,0.3636376839659179,1.851529821843532,0.9106070875290472,1.4072749543568468,0.0,0.0,0.0,0.0,0.0,0.0,0.0,0.0,18.55964041493776,4.080437385892117,24.221631784232358,161.43526970954355,172.998755186722,214.9721991701245,184.9728215767635,190.48506224066384,43.38219456431536,1.0,396.7692946058097,509.0933609958509,665.8369294605817,64.15311203319506,1473.7166666666667,2.7554520373443987,1219.1500497925304,111082.189626556,0.0,0.0,0.0,0.0,0.0,0.0,0.0,0.0,0.0,0.0,0.0,0.0,44.11327800829878,39.66639004149383,42.672614107883824,39.90248962655602,60.0,11.865,5.393,87.12,0.435,6.399999999999999,1.015,4.27593301659751,3.6250257289879935,54.219,0.0460875338903336,46.20937494236337,0.0188817757612645,3.1590661945074605,0.0502089673361736,0.0568260019550342,0.0122739630018997,0.0528684409524336,4.0295427802062,0.2895132702558143,1.7267821243475536,5054.214224066389,7.84,20.650081484198697,71.36999999999999,0.93,19.86,1316.9871120331954,98.56414937759337,2162.5961452282154,124.393,2.68,1.837545126353791,10.18,5.244444444444443,79.02222222222223,54.7,8.23,38.89,71.63,0.052,2.46,0.22,0.028,0.043,5.54,0.18,1.0272409634263484,19.645166666666665,35.053,0.3628333333333333,0.47,7.868166666666667,0.2815,0.1928333333333333,0.3556666666666666,34.13233333333333,1.3756666666666668,1.2578289003737462,0.0,1.0331914307053935,0.2738418319502075,1.3481495809128636,1.260692895020747,,22.0,8.0,0.0,220.3805879668049,99.00994937240664,27.40909090909091,28.25
2026-03-09 07:00:00,535.6458333333334,200.7149312500002,47.23791666666677,44.70458333333341,56.20624999999999,52.80875000000013,58.72791666666668,55.31583333333345,51.549999999999805,1.130926797083334,6.570833333333334,4.409904761904762,0.0127523809523809,94.8493380952381,0.1687142857142857,0.0942285714285714,0.0425333333333333,0.3745714285714285,0.0479571428571428,285.0,11.331221057394975,26.518,105.0,87.75795610528696,0.3639150765517761,1.8546119616864016,0.910822837318048,1.4122328708333325,0.0,0.0,0.0,0.0,0.0,0.0,0.0,0.0,18.711950583333326,3.8651740958333343,24.078305666666648,191.14875,196.15625000000003,242.54916666666665,217.10718750000007,238.57458333333355,43.73076258333336,1.0,396.57874999999984,508.922499999998,665.4991666666645,63.81208333333322,1474.990476190476,2.759886162500001,1209.4165500000013,111225.32041666664,0.0,0.0,0.0,0.0,0.0,0.0,0.0,0.0,0.0,0.0,0.0,0.0,43.53916666666653,40.6241666666666,48.09208333333334,32.221249999999955,60.0,11.865,4.563,87.12,0.435,6.399999999999999,1.015,4.320192404166667,3.6224200078359674,45.94200000000001,0.0458125462539724,46.00137825954464,0.0188209046188672,3.158987854251012,0.0499664794741195,0.0569913804362021,0.0121974663706412,0.0528384484785163,4.029853293282835,0.290036045448609,1.7239824126072003,5115.907079166671,7.84,19.703833549682894,71.36999999999999,0.93,19.86,1317.6369916666674,98.16825000000031,2185.8931999999995,106.658,2.68,1.837545126353791,10.18,5.244444444444443,79.02222222222223,54.7,8.23,38.89,71.63,0.052,2.46,0.22,0.028,0.043,5.54,0.18,1.0188290651467062,19.498285714285718,35.075809523809525,0.3748571428571428,0.4452380952380952,7.815047619047619,0.2726666666666666,0.185047619047619,0.3443047619047619,34.42733333333333,1.3056190476190477,1.2458307072669772,0.0,0.9470667137499998,0.2813060620833335,1.3479039666666666,1.2960641311458323,,22.0,8.0,0.0,219.7605420833333,97.84472839062502,27.40909090909091,28.25
2026-03-09 08:00:00,535.0,196.79827722222228,47.437222222222296,44.50722222222223,55.70611111111111,52.82333333333327,57.01500000000025,54.13444444444473,51.1386111111112,1.16570931111111,6.5,4.432761904761906,0.0121809523809523,94.70819523809524,0.1772857142857142,0.0993714285714285,0.0345333333333333,0.4774285714285714,0.0582428571428571,285.0,11.296666666666669,26.4,105.0,87.7572727272727,0.3675757575757576,2.175757575757576,0.946060606060606,1.4407478666666669,0.0,0.0,0.0,0.0,0.0,0.0,0.0,0.0,18.273607194444416,3.882233783333333,24.38527211111111,214.26277777777784,221.51444444444456,254.4274999999999,234.91444444444448,249.4530555555556,42.84025613888888,1.0,396.5,508.7969444444449,665.2511111111153,63.670833333333285,1477.2761904761903,2.7824314666666665,1213.2550805555566,109760.05805555548,0.0,0.0,0.0,0.0,0.0,0.0,0.0,0.0,0.0,0.0,0.0,0.0,43.35472222222217,41.393055555555584,48.52194444444447,32.21722222222225,60.0,11.865,4.562,87.12,0.435,6.399999999999999,1.015,4.387008311111109,3.646379497880086,45.049,0.0455748185309329,45.914871806255405,0.0188396412794956,3.1847839019734074,0.0498355124420075,0.0578294079779795,0.0121268396634775,0.0532058425270261,4.063677773091523,0.2935884925303558,1.7319008191080822,5127.628519444444,7.42,19.11108070105008,71.72999999999999,1.37,19.48,1272.2677749999991,97.1100000000004,2197.3698638888886,106.299,2.597,1.951871657754011,10.731,5.244444444444443,79.02222222222223,54.49,8.13,38.89,71.63,0.055056,2.28723,0.21,0.02544,0.048,5.4978,0.15,1.0294191081819255,19.30971428571429,35.48152380952381,0.4091428571428571,0.3880952380952381,7.803619047619048,0.2326666666666666,0.1736190476190476,0.3311619047619047,34.46733333333333,1.157047619047619,1.255825653082595,0.0,0.9761743038888884,0.2750385791666665,1.3416340472222228,1.2825426859722215,,22.0,8.0,0.0,215.1613644444444,97.32577173194446,27.40909090909091,28.25
2026-03-09 09:00:00,535.0,203.93032083333367,47.8833333333333,44.52583333333345,58.12222222222219,53.12333333333355,56.56444444444429,54.50361111111114,51.23722222222221,1.1514193272222224,6.1402777777777775,4.459294117647059,0.0124823529411764,94.74091764705882,0.1703529411764706,0.0966588235294117,0.0334470588235294,0.4328235294117647,0.0540235294117647,285.0,11.290089430894309,25.83,105.0,87.76419163763065,0.3671486643437862,2.171486643437863,0.945718931475029,1.409289677777778,0.0,0.0,0.0,0.0,0.0,0.0,0.0,0.0,18.17382858333332,3.9300893499999954,24.21494055555555,191.7652777777779,208.7125,248.9300000000001,217.2125000000001,219.44222222222223,42.87473375,1.0,396.4408333333306,508.5969444444464,664.9430555555512,63.82111111111101,1472.6941176470589,2.7573261861111087,1220.0037861111098,108291.46361111116,0.0,0.0,0.0,0.0,0.0,0.0,0.0,0.0,0.0,0.0,0.0,0.0,43.34805555555551,40.60888888888892,47.54416666666671,34.43861111111109,60.0,11.865,4.768,87.12,0.435,6.399999999999999,1.015,4.433141844444443,3.8133748372209912,43.771,0.0496340042493888,49.44271458271458,0.0200880948573256,3.3127634735327045,0.0538006899545361,0.0587964177194946,0.0132339905416828,0.0555772315003084,4.223636425944118,0.3010749811519042,1.8239245162322089,5110.991749999999,7.42,18.7535569279182,71.72999999999999,1.37,19.48,1282.815272222223,91.96061111111054,2211.034049999997,107.32,2.597,1.951871657754011,10.731,5.244444444444443,79.02222222222223,54.49,8.13,38.89,71.63,0.055056,2.28723,0.21,0.02544,0.048,5.4978,0.15,1.057243754964268,18.84964705882353,36.14541176470589,0.4007058823529412,0.4134117647058823,7.87235294117647,0.2344705882352941,0.1748235294117647,0.3332705882352941,34.19541176470588,1.124470588235294,1.2874964334188723,0.0,1.1429712027777783,0.2578703694444445,1.34805223888889,1.255527762499997,,22.0,8.0,0.0,214.84289999999996,98.2707675104167,27.40909090909091,28.25
2026-03-09 10:00:00,533.6944444444445,249.4454111111116,48.54777777777788,45.07249999999992,66.13583333333328,54.34777777777772,55.50194444444416,56.76527777777779,52.14833333333316,1.1474728999999988,6.359722222222223,4.4,0.013,94.76053333333331,0.176,0.0973333333333333,0.0280666666666666,0.4673333333333333,0.0577333333333333,285.0,11.297778729290869,30.361,105.0,87.75610289516156,0.3676479694344718,2.1764796943447187,0.9461183755475776,1.4414924027777778,0.0,0.0,0.0,0.0,0.0,0.0,0.0,0.0,17.972029833333334,3.951413,23.93653583333332,209.85916666666665,231.4002777777778,274.5824999999999,245.2672916666667,265.22722222222234,42.88169208333332,1.0,396.354166666666,508.4005555555519,664.6116666666675,64.33222222222196,1468.0666666666666,2.7898099472222224,1199.9869055555553,109375.45638888884,0.0,0.0,0.0,0.0,0.0,0.0,0.0,0.0,0.0,0.0,0.0,0.0,43.85083333333328,37.03666666666677,40.4522222222222,44.66499999999999,60.0,11.865,5.626,87.12,0.435,6.399999999999999,1.015,4.420719072222219,3.817574940231717,48.939,0.0487045096957436,48.78596211610371,0.0199177547559206,3.325333578536545,0.0530200862297962,0.0597003412411369,0.0129731911154702,0.0556710394572835,4.241338196530374,0.3043806575532806,1.8195917366517504,5148.825458333335,7.42,23.78018882887776,71.72999999999999,1.37,19.48,1266.5641222222214,95.33223611111148,2050.679585888889,126.752,2.597,1.951871657754011,10.731,5.244444444444443,79.02222222222223,54.49,8.13,38.89,71.63,0.055056,2.28723,0.21,0.02544,0.048,5.4978,0.15,1.1063596443613608,18.67066666666667,37.056,0.3266666666666666,0.3746666666666666,8.040666666666667,0.2233333333333333,0.1639999999999999,0.3293333333333333,33.50066666666667,1.0493333333333332,1.3464305803574872,0.0,0.8816695938888892,0.294019465833333,1.3483373888888892,1.2199307300694442,,22.0,8.0,0.0,212.95465305555555,104.30151697222227,27.40909090909091,28.25
2026-03-09 11:00:00,530.0,196.4782588888889,49.29249999999988,46.04416666666652,73.29750000000006,56.82472222222231,55.51805555555565,58.52499999999984,52.95527777777777,1.1410051052777777,6.1402777777777775,4.354769230769231,0.013,94.65263076923075,0.197076923076923,0.1034153846153846,0.0202307692307692,0.5876923076923076,0.0711846153846153,285.0,11.300879396984923,30.646,105.0,87.75284115382107,0.3678493114925275,2.178493114925276,0.946279449194022,1.4255428527777785,0.0,0.0,0.0,0.0,0.0,0.0,0.0,0.0,17.896315944444446,3.7564461166666687,23.955632611111117,190.6747222222222,205.1883333333333,233.2997222222223,213.4122916666667,224.486388888889,42.76043330555552,1.0,396.2497222222223,508.223611111113,664.2497222222263,65.06416666666676,1475.3692307692309,2.773634341666666,1203.0348999999992,109834.62083333336,0.0,0.0,0.0,0.0,0.0,0.0,0.0,0.0,0.0,0.0,0.0,0.0,43.78388888888895,34.51666666666654,32.62777777777775,58.58444444444448,60.0,11.865,5.523,87.12,0.435,6.399999999999999,1.015,4.484572122222225,3.6016948083542077,55.493,0.0475924891427747,47.2138867965329,0.0191125727569243,3.122403005784513,0.0514232425711351,0.0549241165552412,0.0126990611428468,0.052468509541744,3.9797197844773216,0.2822057016200242,1.7272773142558522,5243.98239722222,7.42,18.084401992209944,71.72999999999999,1.37,19.48,1285.3525611111106,92.04276388888836,2229.250536111112,123.138,2.597,1.951871657754011,10.731,5.244444444444443,79.02222222222223,54.49,8.13,38.89,71.63,0.055056,2.28723,0.21,0.02544,0.048,5.4978,0.15,1.1353181753303487,18.936,37.45969230769231,0.2729230769230769,0.3141538461538462,8.148307692307691,0.1964615384615384,0.1535384615384615,0.3129230769230769,32.99723076923077,0.9558461538461538,1.3822760897244355,0.0,1.035739819166666,0.2845377505555555,1.348109511111114,1.2061203062499986,,22.0,8.0,0.0,214.7240372222224,97.28336930277776,27.40909090909091,28.25
2026-03-09 12:00:00,530.0,193.72857138888912,49.71277777777761,46.7249999999999,81.20222222222245,58.89527777777788,56.370833333333366,59.64777777777774,53.44055555555542,1.1372539702777784,6.0,4.387076923076924,0.013,94.58432307692308,0.2063076923076923,0.1052615384615384,0.0179230769230769,0.6107692307692307,0.0753384615384615,285.0,11.297363615508145,21.795,105.0,87.75653957329662,0.3676210139940353,2.1762101399403537,0.9460968111952284,1.4205517277777782,0.0,0.0,0.0,0.0,0.0,0.0,0.0,0.0,17.663966111111122,4.029296861111107,24.042896194444427,212.80888888888904,230.57972222222205,252.69500000000016,232.8930555555556,235.48861111111117,42.35189677777775,1.0,396.1186111111125,508.1236111111124,663.9541666666624,65.53027777777797,1483.676923076923,2.768687199999997,1193.8795666666654,110357.05249999992,0.0,0.0,0.0,0.0,0.0,0.0,0.0,0.0,0.0,0.0,0.0,0.0,42.42472222222217,34.654722222222226,30.58555555555557,69.33194444444446,60.0,11.865,4.237,87.12,0.435,6.399999999999999,1.015,4.611635930555555,3.5597225427725654,39.862,0.0466549596106567,46.38696803973709,0.0188149616175806,3.0894872309467662,0.0504972153931062,0.0546105564196477,0.0124439315638954,0.0518697506397069,3.938419547438664,0.2800741558376399,1.7046811499673875,5378.442427777783,7.42,17.42394771071658,71.72999999999999,1.37,19.48,1296.1282722222213,89.93999999999944,2210.9249611111104,87.392,2.597,1.951871657754011,10.731,5.244444444444443,79.02222222222223,54.49,8.13,38.89,71.63,0.055056,2.28723,0.21,0.02544,0.048,5.4978,0.15,1.147006590941917,18.996,37.602769230769226,0.2636923076923077,0.3326153846153846,8.185230769230769,0.1918461538461538,0.1581538461538461,0.3036923076923077,32.78492307692308,0.9373846153846154,1.396683513621573,0.0,0.8609423347222231,0.2832977488888888,1.3479937416666667,1.2938816481249984,,22.0,8.0,0.0,214.8567125,96.9190357090278,27.40909090909091,28.25
2026-03-09 13:00:00,530.0,186.51072805555523,49.93722222222216,47.15611111111134,82.77305555555562,58.09555555555572,58.49916666666663,59.92777777777784,53.50861111111126,1.1222092875000005,6.361111111111111,4.411076923076923,0.0118923076923076,94.56364615384616,0.2155384615384615,0.0982461538461538,0.0125692307692307,0.6089230769230769,0.0781076923076923,285.0,11.297853042854348,30.662,105.0,87.75602472115322,0.3676527949905421,2.176527949905421,0.9461222359924336,1.412734803888888,0.0,0.0,0.0,0.0,0.0,0.0,0.0,0.0,18.143422750000017,4.211853716666663,23.794029888888883,193.44194444444463,205.33027777777767,251.1941666666668,221.76666666666668,237.1002777777777,43.2643700833334,1.0,396.00722222222186,507.9149999999965,663.6552777777798,65.77555555555568,1479.246153846154,2.7607380777777792,1195.9542499999986,109185.34611111104,0.0,0.0,0.0,0.0,0.0,0.0,0.0,0.0,0.0,0.0,0.0,0.0,41.43972222222219,33.86694444444459,30.37749999999997,69.22749999999988,60.0,11.865,5.714,87.12,0.435,6.399999999999999,1.015,4.685739102777777,3.599864978134111,54.88,0.0474670189504373,47.11670153061225,0.01908305393586,3.121734876093295,0.0513106778425656,0.0549825801749271,0.0126642674927113,0.0524452077259475,3.9790409985422746,0.2823684220116618,1.725747084548105,5391.079211111119,7.42,17.780484764247497,71.72999999999999,1.37,19.48,1291.3613805555551,95.33223611111148,2178.6988638888893,122.511,2.597,1.951871657754011,10.731,5.244444444444443,79.02222222222223,54.49,8.13,38.89,71.63,0.055056,2.28723,0.21,0.02544,0.048,5.4978,0.15,1.1611733466664234,18.91476923076923,37.85384615384615,0.26,0.3233846153846154,8.27753846153846,0.1733846153846154,0.1544615384615384,0.2950153846153846,32.600307692307695,0.8912307692307693,1.4150909401825138,0.0,0.8236738225000005,0.2905255283333331,1.3481769916666644,1.2452361525694453,,22.0,8.0,0.0,212.7462180555558,95.96267146736108,27.40909090909091,28.25
2026-03-09 14:00:00,530.0,194.8535783333334,49.83055555555525,47.13888888888909,82.96027777777785,56.5141666666667,66.90444444444444,59.66250000000014,53.240000000000286,1.1046938419444436,6.138888888888889,4.392444444444444,0.0112296296296296,94.58642888888888,0.2154074074074074,0.0949851851851851,0.0122148148148148,0.6091851851851852,0.0781044444444444,285.0,11.296636374050172,26.189,105.0,87.75730459353163,0.3675737905227386,2.1757379052273857,0.9460590324181908,1.381731975,0.0,0.0,0.0,0.0,0.0,0.0,0.0,0.0,17.47829855555557,4.220687066666666,24.008849916666662,198.56833333333327,207.22888888888903,248.3211111111112,222.55597222222224,236.10555555555555,42.123706166666665,1.0,395.9058333333318,507.7594444444475,663.3319444444453,65.78972222222242,1482.1851851851852,2.7300828750000017,1187.0491999999992,108757.9119444444,0.0,0.0,0.0,0.0,0.0,0.0,0.0,0.0,0.0,0.0,0.0,0.0,41.13611111111121,33.87277777777781,31.97944444444444,67.88777777777773,60.0,11.865,4.515,87.12,0.435,6.399999999999999,1.015,4.705202477777776,3.5945762566844923,46.75,0.0474479144385026,47.08406930481283,0.0190649197860962,3.116689625668449,0.0512785026737968,0.0548586310160427,0.0126598288770053,0.0523664812834224,3.9725238502673794,0.2818005775401069,1.7235379679144385,5400.9409000000005,7.42,17.934861903440133,71.72999999999999,1.37,19.48,1314.9673499999992,92.04276388888836,2173.0912916666643,105.184,2.597,1.951871657754011,10.731,5.244444444444443,79.02222222222223,54.49,8.13,38.89,71.63,0.055056,2.28723,0.21,0.02544,0.048,5.4978,0.15,1.166424731360726,18.72437037037037,38.01459259259259,0.2737777777777778,0.3306666666666666,8.31474074074074,0.1645925925925926,0.1568888888888888,0.2976592592592592,32.59118518518519,0.8668888888888889,1.421556824157946,0.0,0.9462143349999996,0.277038116111111,1.3480262972222203,1.1870754125694445,,22.0,8.0,0.0,211.90709444444445,97.06809912916668,27.40909090909091,28.25
2026-03-09 15:00:00,530.0,174.75474222222218,49.70444444444468,47.14722222222248,81.55055555555563,56.07250000000002,71.00972222222214,58.98916666666658,53.1830555555556,1.1063214233333332,6.722222222222222,4.339111111111111,0.011674074074074,94.62016222222223,0.2065185185185185,0.1007629629629629,0.018437037037037,0.6269629629629629,0.0763711111111111,285.0,11.297365301518107,26.151,105.0,87.75653779970172,0.3676211234752017,2.1762112347520173,0.9460968987801612,1.3827465194444444,0.0,0.0,0.0,0.0,0.0,0.0,0.0,0.0,18.39004633333332,3.6003407916666688,23.53414388888888,174.75916666666674,187.4852777777778,217.98805555555552,196.3261805555556,205.07222222222225,43.86610405555559,1.0,395.796944444446,507.5149999999991,663.0522222222227,65.89833333333331,1499.962962962963,2.730657508333333,1211.6783361111125,108886.27000000008,0.0,0.0,0.0,0.0,0.0,0.0,0.0,0.0,0.0,0.0,0.0,0.0,41.09027777777793,33.983888888888856,33.29972222222222,65.06916666666663,60.0,11.865,4.687,87.12,0.435,6.399999999999999,1.015,4.698614061111107,3.5926311333135774,47.24199999999999,0.0470276448922569,46.77343550230727,0.0189774353329664,3.118580077050084,0.0509140171880953,0.0551654036662292,0.0125425680538503,0.052351212903772,3.9756064518860335,0.282840523263198,1.720062656111088,5446.883947222224,7.42,17.602079178663853,71.72999999999999,1.37,19.48,1316.013097222221,91.88830165982556,2260.000872222224,105.02,2.597,1.951871657754011,10.731,5.244444444444443,79.02222222222223,54.49,8.13,38.89,71.63,0.055056,2.28723,0.21,0.02544,0.048,5.4978,0.15,1.1617902987842956,18.519925925925925,38.02348148148148,0.3004444444444444,0.3706666666666667,8.265851851851853,0.1734814814814815,0.1702222222222222,0.3105481481481481,32.72896296296296,0.8802222222222222,1.4143569623329495,0.0,1.060112855,0.2764250483333331,1.3481546694444433,1.2327254395833331,,22.0,8.0,0.0,216.46692416666676,94.40500334444444,27.40909090909091,28.25
2026-03-09 16:00:00,525.4027777777778,186.29605666666632,49.60694444444459,47.22583333333298,85.59222222222216,55.659166666666735,60.54750000000003,58.56250000000015,53.09333333333333,1.1547147111111102,6.277777777777778,4.3094117647058825,0.0118117647058823,94.60068352941175,0.1981176470588235,0.1057529411764705,0.0216823529411764,0.6757647058823529,0.076775294117647,285.0,11.473488464995508,30.039,105.0,87.57732547688005,0.4308139418755617,1.8918605812443825,0.949186058124438,1.416036180555555,0.0,0.0,0.0,0.0,0.0,0.0,0.0,0.0,18.206452472222225,3.5103041611111108,23.94784450000001,156.69472222222225,184.7527777777777,211.8205555555556,189.32347222222225,204.0258333333333,43.18938836111112,1.0,395.6877777777788,507.2919444444474,662.7136111111148,66.01416666666653,1505.6588235294118,2.764009402777777,1222.809955555556,110783.6994444444,0.0,0.0,0.0,0.0,0.0,0.0,0.0,0.0,0.0,0.0,0.0,0.0,40.25805555555566,33.47916666666656,30.225000000000023,71.67777777777762,60.0,11.81,6.373,87.19,0.45,5.8,1.0,4.614809119444446,3.3828436227205896,59.171,0.0775785435432898,47.45496408713728,0.0195431545858613,3.1731267005796764,0.0536904902739517,0.0932997583275591,0.0144019874600733,0.0461888425073093,4.33737134745061,0.3444147977894576,2.238772371600953,5444.788433333334,7.64,17.39207201157283,71.36,1.09,19.91,1305.9373527777784,93.35716666666713,2275.421508333332,119.932,2.548,1.932052604435276,10.4895,5.244444444444443,79.02222222222223,54.86,8.28,38.89,71.63,0.048,2.26809,0.21,0.025,0.046,5.4292,0.14,1.1607537772093146,18.34741176470588,38.09211764705883,0.2992941176470588,0.3962352941176471,8.245058823529412,0.176235294117647,0.1781176470588235,0.316235294117647,32.816823529411764,0.8824705882352941,1.4119996257209353,0.0,1.1620443311111104,0.2613214933333333,1.3479533833333328,1.2450883036805538,,22.0,8.0,0.0,219.0662080555553,95.9342275083333,27.40909090909091,28.25
2026-03-09 18:00:00,524.75,190.12568972222223,48.92027777777763,46.61777777777776,89.95277777777767,54.35500000000004,57.78916666666672,57.74138888888896,52.45166666666659,1.202773669722222,5.777777777777778,4.386428571428572,0.0124571428571428,94.68685714285714,0.1827142857142857,0.0995285714285714,0.0218285714285714,0.5458571428571428,0.0643285714285714,285.0,11.469841610738255,26.075,105.0,87.58142818791946,0.4312697986577181,1.887302013422819,0.9487302013422818,1.4536061583333333,0.0,0.0,0.0,0.0,0.0,0.0,0.0,0.0,17.462360472222226,3.519466936111113,24.15747963888888,193.5997222222221,205.7355555555557,216.73999999999967,207.0875694444444,212.27500000000003,41.949590027777774,1.0,395.2952777777775,506.731111111113,662.211388888893,65.53472222222237,1494.4,2.735624763888886,1206.317855555556,102888.93330555556,0.0,0.0,0.0,0.0,0.0,0.0,0.0,0.0,0.0,0.0,0.0,0.0,38.92861111111106,33.56138888888873,28.4152777777778,77.07472222222233,60.0,11.81,5.886,87.19,0.45,5.8,1.0,4.554172591666662,3.4009412605742884,50.358,0.0776710751022677,47.49638309702531,0.0195939671948846,3.192727074149093,0.0537445887445887,0.0944183645101076,0.0144638984868342,0.0464891377735414,4.363138528138529,0.3476613447714365,2.247539616346956,4985.5396527777775,7.64,16.276665578388766,71.36,1.09,19.91,1180.742852777778,85.61002777777863,2255.2427666666654,101.899,2.548,1.932052604435276,10.4895,5.244444444444443,79.02222222222223,54.86,8.28,38.89,71.63,0.048,2.26809,0.21,0.025,0.046,5.4292,0.14,1.1597313797313795,18.330142857142857,38.06857142857143,0.2828571428571428,0.4018571428571428,8.251714285714286,0.1818571428571428,0.1845714285714285,0.3145714285714285,32.82557142857143,0.9155714285714284,1.4111137514366476,0.0,1.332537648888888,0.2508324702777776,1.281708088888889,1.281048560347222,,22.0,8.0,0.0,202.842471111111,96.44165388819444,27.40909090909091,28.25
2026-03-09 19:00:00,523.7222222222222,189.71696666666656,48.77250000000008,46.52722222222229,92.21444444444434,53.95194444444429,57.48583333333322,57.36111111111117,52.26611111111115,1.207111533333333,6.222222222222222,4.436444444444445,0.0125444444444444,94.88748888888888,0.1636,0.0909888888888889,0.0353888888888888,0.3306666666666666,0.0428777777777777,285.0,11.47123076923077,34.32,105.0,87.57986538461537,0.4310961538461538,1.8890384615384617,0.948903846153846,1.4871396222222226,0.0,0.0,0.0,0.0,0.0,0.0,0.0,0.0,18.29219719444443,3.768791786111113,24.32221811111112,164.291388888889,172.9752777777778,198.68611111111107,182.2998611111112,193.24666666666684,42.92445797222224,1.0,395.300833333334,506.54749999999984,662.0605555555572,65.45861111111137,1486.9666666666667,2.81373369166667,1211.9526166666667,108465.65499999996,0.0,0.0,0.0,0.0,0.0,0.0,0.0,0.0,0.0,0.0,0.0,0.0,39.083888888889,34.05555555555556,23.974722222222223,77.06861111111128,60.0,11.81,7.854,87.19,0.45,5.8,1.0,4.752456519444444,3.3933248670998237,67.72,0.0774554046072061,47.36252658003544,0.0195431334908446,3.185916568222091,0.053594063792085,0.0942870643827525,0.0144295481393975,0.0463919078558771,4.35369890726521,0.3470644122858831,2.242090962787951,5456.0748305555535,7.64,17.474824529750833,71.36,1.09,19.91,1216.7331388888888,92.10997222222178,2223.385602777779,136.406,2.548,1.932052604435276,10.4895,5.244444444444443,79.02222222222223,54.86,8.28,38.89,71.63,0.048,2.26809,0.21,0.025,0.046,5.4292,0.14,1.1368521286607982,18.26888888888889,37.65022222222223,0.3327777777777778,0.4509999999999999,8.170777777777777,0.2127777777777778,0.1945555555555555,0.3382222222222222,33.123333333333335,1.012888888888889,1.3835671800145457,0.0,1.3012611294444436,0.2800280844444446,1.3265576583333327,1.293647181319446,,22.0,8.0,0.0,209.87829861111103,96.38749808333333,27.40909090909091,28.25
2026-03-09 20:00:00,534.5138888888889,183.52439694444465,48.506388888888885,46.45361111111098,93.3013888888889,53.57805555555552,56.03916666666661,56.70388888888908,51.90583333333339,1.174773275277778,7.222222222222222,4.47539534883721,0.012,94.98026046511627,0.146353488372093,0.0864325581395348,0.0477209302325581,0.2235348837209302,0.0283023255813953,285.0,11.471112926281398,29.382,105.0,87.57999795793344,0.4311108842148254,1.888891157851746,0.9488891157851748,1.4517969055555555,0.0,0.0,0.0,0.0,0.0,0.0,0.0,0.0,18.796948027777777,3.713027241666666,23.593629972222217,155.31027777777777,162.43611111111107,187.575,171.66465277777775,181.33722222222227,44.3442453055556,1.0,395.2563888888904,506.3899999999954,662.028611111112,65.30388888888866,1470.2790697674418,2.7997282527777765,1205.7904194444443,107371.54138888884,0.0,0.0,0.0,0.0,0.0,0.0,0.0,0.0,0.0,0.0,0.0,0.0,39.604166666666856,34.821666666666694,21.58750000000002,75.84333333333343,60.0,11.81,6.946,87.19,0.45,5.8,1.0,4.796847169444442,3.369019797521557,59.95700000000001,0.0769639908601164,47.065033607418655,0.0194137131610987,3.1625813499674766,0.0532560001334289,0.0934900011675033,0.0143291692379538,0.046049168570809,4.322011441533099,0.3443026502326667,2.2266624414163485,5483.364149999997,7.64,19.62242342340016,71.36,1.09,19.91,1235.2906833333338,95.41059907182408,2186.493336111111,119.511,2.548,1.932052604435276,10.4895,5.244444444444443,79.02222222222223,54.86,8.28,38.89,71.63,0.048,2.26809,0.21,0.025,0.046,5.4292,0.14,1.114818892683197,18.19786046511628,37.27693023255814,0.3564186046511627,0.4943720930232558,8.097953488372093,0.237953488372093,0.1984651162790698,0.357953488372093,33.43772093023256,1.094372093023256,1.3569992691804182,0.0,1.271199905277777,0.2770236458333333,1.34795278611111,1.3076690902777772,,22.0,8.0,0.0,208.24276499999996,95.56698259513892,27.40909090909091,28.25
2026-03-09 21:00:00,538.9027777777778,184.9028369444445,48.02555555555543,46.16388888888903,92.66083333333316,54.36999999999994,54.57222222222232,56.436944444444485,51.38166666666654,1.1643421391666668,7.5,4.450279069767442,0.012,94.85077209302328,0.1591906976744186,0.0942465116279069,0.0407441860465116,0.3519069767441861,0.040860465116279,285.0,11.47611638302878,25.502,105.0,87.57436906909261,0.4304854521214022,1.8951454787859776,0.9495145478785976,1.4242059805555556,0.0,0.0,0.0,0.0,0.0,0.0,0.0,0.0,18.33921752777777,3.929743738888889,23.560595249999984,180.23222222222236,191.3275000000001,206.1580555555556,193.27784722222228,195.39361111111103,43.77291463888894,1.0,395.1177777777791,506.23055555555817,662.0125000000008,65.03861111111149,1477.2558139534883,2.77010991388889,1229.3082638888916,104969.66475,0.0,0.0,0.0,0.0,0.0,0.0,0.0,0.0,0.0,0.0,0.0,0.0,39.91444444444451,35.50138888888885,23.99555555555554,73.46166666666683,60.0,11.81,5.841,87.19,0.45,5.8,1.0,4.872496291666667,3.373219624681934,50.304,0.0777053514631043,47.54889312977099,0.0195454635814249,3.161271071882952,0.0537889631043256,0.0923668097964376,0.0143773258587786,0.0460001192748091,4.322269998409669,0.3419220737913486,2.235861959287532,5444.063150000001,7.64,20.53808261360424,71.36,1.09,19.91,1231.328966666667,93.873958323718,2167.243408333334,102.449,2.548,1.932052604435276,10.4895,5.244444444444443,79.02222222222223,54.86,8.28,38.89,71.63,0.048,2.26809,0.21,0.025,0.046,5.4292,0.14,1.1165623839596643,18.40437209302325,37.26018604651163,0.3368837209302325,0.4636744186046512,8.086790697674418,0.2267906976744186,0.1900930232558139,0.3467906976744186,33.370744186046515,1.0636744186046512,1.3588949975269329,0.0,1.4404441988888874,0.2598638822222222,1.3459766666666677,1.2789131079166656,,22.0,8.0,0.0,208.01790444444447,95.7496258951389,27.40909090909091,28.25
2026-03-09 22:00:00,538.0694444444445,194.21665833333373,47.788055555555374,46.00472222222224,88.7405555555554,54.36472222222217,53.53611111111125,56.40388888888896,51.088333333333466,1.1766637019444446,7.138888888888889,4.425162790697675,0.012,94.72128372093024,0.1720279069767442,0.102060465116279,0.0337674418604651,0.4802790697674419,0.0534186046511627,282.22222222222223,11.482482587834705,25.844,105.0,87.56720708868596,0.4296896765206625,1.903103234793376,0.9503103234793374,1.467902341666667,0.0,0.0,0.0,0.0,0.0,0.0,0.0,0.0,17.815586222222233,4.050274883333333,23.76191158333332,190.07166666666652,192.71166666666676,240.2791666666669,212.1855555555556,225.67972222222232,42.84939036111113,1.0,394.9780555555543,506.0502777777782,662.006388888889,64.87666666666674,1484.2325581395348,2.815803386111116,1192.9709083333312,106085.85888888886,0.0,0.0,0.0,0.0,0.0,0.0,0.0,0.0,0.0,0.0,0.0,0.0,40.73277777777782,36.47555555555546,32.737500000000004,71.06277777777763,60.0,11.81,5.743,87.19,0.45,5.8,1.0,4.749392438888891,3.351092636102577,49.797,0.0770534369540333,47.143313854248255,0.01939355784485,3.141691668172782,0.0533333333333333,0.092034058276603,0.0142763419483101,0.0457218306323674,4.295047693636163,0.3402982508986485,2.219780308050686,5365.974297222225,7.64,20.537928774557603,71.36,1.09,19.91,1208.1738833333334,93.57382627038588,2137.67352777778,102.513,2.548,1.932052604435276,10.4895,5.244444444444443,79.02222222222223,54.86,8.28,38.89,71.63,0.048,2.26809,0.21,0.025,0.046,5.4292,0.14,1.1183058752361317,18.610883720930232,37.24344186046512,0.3173488372093023,0.4329767441860465,8.075627906976745,0.2156279069767442,0.1817209302325581,0.3356279069767441,33.303767441860465,1.0329767441860465,1.3607907258734468,0.0,1.0477913149999991,0.2912386472222222,1.3479798888888894,1.2424250999999986,,22.0,8.0,0.0,202.8965958333334,96.28926278472228,27.40909090909091,28.25
2026-03-09 23:00:00,535.0,203.43951861111103,47.59111111111105,45.873333333333214,83.91833333333338,53.66833333333342,53.57666666666676,56.28833333333338,50.79361111111106,1.1761918811111107,6.638888888888889,4.400046511627907,0.012,94.5917953488372,0.1848651162790697,0.1098744186046511,0.0267906976744186,0.6086511627906978,0.0659767441860465,275.0,11.475093938319745,25.389000000000003,105.0,87.57551931939028,0.4306132577100319,1.893867422899681,0.949386742289968,1.4654521055555565,0.0,0.0,0.0,0.0,0.0,0.0,0.0,0.0,18.02162955555556,3.965526955555556,24.2205103611111,219.35888888888903,221.76250000000005,268.06916666666643,243.3741666666666,264.30611111111085,42.6628776111111,1.0,394.8438888888894,505.9583333333323,662.0827777777826,64.5877777777779,1491.2093023255811,2.8134483694444445,1208.0999888888882,107017.0988888888,0.0,0.0,0.0,0.0,0.0,0.0,0.0,0.0,0.0,0.0,0.0,0.0,41.43083333333343,37.18249999999992,28.629999999999978,69.22666666666657,60.0,11.81,5.29,87.19,0.45,5.8,1.0,4.624957080555553,3.325563952086181,49.756,0.0770019696117051,47.13697001366669,0.0193350550687354,3.1133997909799827,0.0533141731650454,0.0903042849103625,0.0141927204759225,0.04528519173567,4.25807199131763,0.3353744674009165,2.2082000160784627,5272.1676972222185,7.64,20.02879296574482,71.36,1.09,19.91,1220.2423249999997,98.45084722222164,2167.953794444443,102.567,2.548,1.932052604435276,10.4895,5.244444444444443,79.02222222222223,54.86,8.28,38.89,71.63,0.048,2.26809,0.21,0.025,0.046,5.4292,0.14,1.1200493665125988,18.81739534883721,37.2266976744186,0.2978139534883721,0.4022790697674419,8.06446511627907,0.2044651162790697,0.1733488372093023,0.3244651162790697,33.23679069767442,1.002279069767442,1.362686454219961,0.0,1.0463228736111123,0.2892602155555555,1.3480769055555568,1.2683186509722222,,22.0,8.0,0.0,207.6079502777778,95.70573621597222,27.40909090909091,28.25
2026-03-10 00:00:00,536.0416666666666,201.6678513888891,47.10416666666677,45.44944444444423,67.5522222222222,53.21194444444437,53.094166666666624,56.14305555555555,50.30805555555537,1.1802821722222216,6.138888888888889,4.457714285714286,0.0109142857142857,94.91488571428572,0.1442857142857143,0.0942,0.0520571428571428,0.2908571428571428,0.0350857142857142,275.0,11.298899195198471,29.324,105.0,87.78195471286318,0.3676217432819533,1.9609739462556264,0.919146091938344,1.4386721444444457,0.0,0.0,0.0,0.0,0.0,0.0,0.0,0.0,18.131655361111104,3.731272513888892,23.913532527777797,188.52305555555543,197.4433333333332,215.50611111111124,203.3452777777777,211.90861111111087,43.12518249999998,1.0,394.7386111111116,505.867777777775,662.2188888888877,64.22999999999985,1467.6857142857143,2.786663219444445,1216.2862750000004,107263.21333333332,0.0,0.0,0.0,0.0,0.0,0.0,0.0,0.0,0.0,0.0,0.0,0.0,41.77361111111107,36.59333333333335,27.823611111111084,59.607777777777855,60.0,11.81,6.857,87.19,0.45,5.8,1.0,4.623465588888891,3.29484761476459,57.81399999999999,0.0765755699311585,46.88922890649325,0.0192039298439824,3.0823250423772794,0.0530276403639256,0.0889230982115058,0.0140749991351575,0.0448199398069671,4.21647905351645,0.3310368422873353,2.190638945584115,5280.015805555559,7.56,18.4134708342021,71.39999999999999,1.18,19.86,1243.546844444445,91.30593055555605,2222.49621388889,120.059,2.56,1.854243542435424,10.05,5.132222222222223,79.60000000000001,55.01,7.96,38.89,71.63,0.049,2.43,0.21,0.028,0.042,5.42,0.14,1.0521531224427412,18.070285714285717,36.406,0.4337142857142857,0.4522857142857143,7.814,0.3037142857142857,0.1942857142857142,0.3888571428571429,34.617714285714285,1.2114285714285715,1.2779770503335286,0.0,1.214723246388889,0.258389983888889,1.348056416666668,1.26907459875,,22.0,8.0,0.0,210.2776097222224,95.4709903090278,27.40909090909091,28.25
2026-03-10 01:00:00,536.4027777777778,195.0978766666666,46.86138888888857,45.14277777777787,63.52000000000003,52.94638888888865,52.74916666666676,56.52638888888886,49.97166666666652,1.1956588380555562,6.361111111111111,4.234857142857143,0.0100571428571428,94.45374285714286,0.1871428571428571,0.1062,0.0126285714285714,0.8994285714285714,0.0959428571428571,275.0,11.298716628756136,25.059,105.0,87.78215132287801,0.3676100403048805,1.960880322439044,0.9191320483658566,1.4683596916666666,0.0,0.0,0.0,0.0,0.0,0.0,0.0,0.0,17.779490027777808,3.775679988888887,24.05770166666665,218.5266666666668,223.1933333333332,255.0613888888889,239.43423611111103,260.9555555555554,42.500663,1.0,394.594444444446,505.7986111111097,662.3352777777754,63.8880555555553,1504.5428571428572,2.7932499666666657,1222.3851555555552,107784.6372222222,0.0,0.0,0.0,0.0,0.0,0.0,0.0,0.0,0.0,0.0,0.0,0.0,42.23555555555532,36.61305555555547,27.893055555555613,55.130833333333534,60.0,11.81,6.037,87.19,0.45,5.8,1.0,4.377609994444445,3.331252535944253,45.348,0.0744484872541236,45.44864426215048,0.0189206800740936,3.1405790773573257,0.0514642321601834,0.0956165652288965,0.0140909632177824,0.0458055482049925,4.286695554379466,0.3476379994707594,2.1852518302902,5039.104791666668,7.56,18.450224646953565,71.39999999999999,1.18,19.86,1225.5954222222226,94.569069444444,2217.910136111111,102.872,2.56,1.854243542435424,10.05,5.132222222222223,79.60000000000001,55.01,7.96,38.89,71.63,0.049,2.43,0.21,0.028,0.042,5.42,0.14,1.1454003572179552,19.07314285714286,37.666,0.2708571428571429,0.3751428571428571,8.054,0.1408571428571428,0.2371428571428571,0.2774285714285714,32.89485714285714,0.8257142857142858,1.3903143832175355,0.0,0.9507547386111104,0.2727008477777778,1.3247991777777783,1.2655690196527771,,22.0,8.0,0.0,212.5007630555554,94.60046865833333,27.40909090909091,28.25
2026-03-10 02:00:00,530.0,185.84312944444457,46.73861111111141,45.00805555555557,61.68388888888892,52.6169444444445,52.98999999999993,58.5241666666667,49.82083333333297,1.1813568280555558,6.5,4.306545454545455,0.0105090909090909,94.48918181818182,0.19,0.1044545454545454,0.0120363636363636,0.7974545454545454,0.0898181818181818,275.0,11.301987755102042,29.4,105.0,87.77862857142857,0.3678197278911564,1.9625578231292515,0.9193836734693878,1.4802210694444449,0.0,0.0,0.0,0.0,0.0,0.0,0.0,0.0,17.89137269444445,3.616158711111114,24.19548130555552,214.56249999999972,211.83138888888897,243.8344444444445,229.5338194444444,247.90694444444432,42.51014958333332,1.0,394.5005555555554,505.7313888888908,662.4722222222216,63.73944444444423,1504.9636363636364,2.8015769361111142,1195.7587555555544,109663.41527777772,0.0,0.0,0.0,0.0,0.0,0.0,0.0,0.0,0.0,0.0,0.0,0.0,42.45388888888887,37.1022222222223,29.46638888888893,52.56861111111099,60.0,11.81,7.168,87.19,0.45,5.8,1.0,4.336149094444442,3.3332848131974777,57.708,0.0770688639356761,47.1727029181396,0.0193613017259305,3.1215386081652454,0.053357073542663,0.0907288417550426,0.0142204200457475,0.04540878214459,4.268846953628612,0.3366401538781452,2.212213211339849,5063.204600000003,7.56,17.962667676452735,71.39999999999999,1.18,19.86,1237.200597222222,96.65499999999952,2216.580733333333,119.806,2.56,1.854243542435424,10.05,5.132222222222223,79.60000000000001,55.01,7.96,38.89,71.63,0.049,2.43,0.21,0.028,0.042,5.42,0.14,1.1480897585229497,19.252,37.62272727272728,0.26,0.3649090909090909,8.080181818181819,0.1350909090909091,0.1992727272727272,0.2750909090909091,32.76981818181818,0.8203636363636364,1.3946637729432116,0.0,0.9423996672222228,0.2988642841666667,1.3213354000000013,1.3395415861111115,,22.0,8.0,0.0,212.00014805555577,93.37421465138893,27.40909090909091,28.25
2026-03-10 03:00:00,530.0,191.05260750000016,46.598611111111296,45.01972222222231,61.76388888888876,52.41027777777758,56.13861111111112,60.42888888888872,49.68277777777793,1.1762907777777771,6.1402777777777775,4.39490909090909,0.0111090909090909,94.56723636363635,0.1889090909090909,0.1016181818181818,0.0147636363636363,0.6430909090909092,0.0783636363636363,275.0,11.287595459236329,20.349,105.0,87.79412796697628,0.3668971448228414,1.9551771585827316,0.91827657378741,1.4730807555555556,0.0,0.0,0.0,0.0,0.0,0.0,0.0,0.0,17.71310827777777,3.869767536111112,24.64361530555554,256.7994444444444,243.9955555555555,275.7549999999999,263.24090277777765,276.4136111111108,41.81767797222224,1.0,394.4005555555536,505.6441666666688,662.5819444444481,63.523888888888905,1503.3272727272729,2.821192555555556,1161.929225,108662.32722222216,0.0,0.0,0.0,0.0,0.0,0.0,0.0,0.0,0.0,0.0,0.0,0.0,42.6630555555557,37.35666666666661,38.07027777777776,48.51277777777776,60.0,11.81,5.143,87.19,0.45,5.8,1.0,4.421053155555557,3.3787025545171345,40.125,0.0785894080996884,48.12537271028037,0.0197035015576324,3.160242492211838,0.0544241744548286,0.0910614330218068,0.0144362616822429,0.045949906542056,4.323273520249221,0.3391790155763239,2.2470380062305297,5087.629841666664,7.56,17.35563015910798,71.39999999999999,1.18,19.86,1230.859513888889,90.8421527777786,2170.7607027777767,87.083,2.56,1.854243542435424,10.05,5.132222222222223,79.60000000000001,55.01,7.96,38.89,71.63,0.049,2.43,0.21,0.028,0.042,5.42,0.14,1.143903275281752,19.325090909090907,37.494,0.2616363636363636,0.3616363636363636,8.093818181818182,0.1432727272727272,0.1605454545454545,0.2827272727272727,32.777454545454546,0.8492727272727273,1.3908358939193282,0.0,0.8298514782499997,0.296789998888889,1.348152297222224,1.3470333319444436,,22.0,8.0,0.0,203.6090938888888,94.06447049375002,27.40909090909091,28.25
2026-03-10 04:00:00,531.0778443113772,194.20525149700595,46.6317365269461,45.01676646706587,64.01497005988027,52.34311377245515,58.78323353293416,60.47904191616762,49.6065868263474,1.1728781694610777,6.197604790419161,4.444,0.0121999999999999,94.7096,0.178,0.0978,0.0224,0.474,0.062,275.0,11.279107426683703,32.087,105.0,87.80326892510986,0.3663530401720322,1.9508243213762584,0.9176236482064386,1.4075208023952093,0.0,0.0,0.0,0.0,0.0,0.0,0.0,0.0,17.711504011976032,3.995637185628744,24.482545508982025,168.3455089820359,170.75449101796409,207.8443113772456,185.70793413173652,195.8874251497005,41.97203401197605,1.0,394.29640718563,505.59580838323353,662.6796407185614,63.56227544910191,1506.6,2.7550887305389216,1214.037538922156,110038.05868263471,0.0,0.0,0.0,0.0,0.0,0.0,0.0,0.0,0.0,0.0,0.0,0.0,42.51856287425152,37.41916167664665,41.23233532934131,46.13532934131736,60.0,11.81,7.939,87.19,0.45,5.8,1.0,4.389624922155688,3.3973188474256024,63.51,0.0791406077783026,48.468393323886005,0.0198317587781451,3.1766932766493468,0.0548094788222327,0.091336167532672,0.0145213509683514,0.0461835931349393,4.3461550936860345,0.3405333648244371,2.2605951818611243,5112.764335329337,7.56,17.801353401665526,71.39999999999999,1.18,19.86,1307.4786347305378,91.6625748502994,2207.5331616766457,139.975,2.56,1.854243542435424,10.05,5.132222222222223,79.60000000000001,55.01,7.96,38.89,71.63,0.049,2.43,0.21,0.028,0.042,5.42,0.14,1.136049581212822,18.976,37.434,0.2779999999999999,0.378,8.132,0.176,0.166,0.31,32.952,0.942,1.382833416751192,0.0,1.443534802994012,0.2346426808383233,1.34774071257485,1.3186981047904192,,22.0,8.0,0.0,217.83474970059885,94.4821958233533,27.40909090909091,28.25
2026-03-10 05:00:00,535.8823529411765,199.74130588235292,46.51764705882352,44.76470588235294,72.37647058823529,52.04705882352942,54.80588235294118,58.64705882352941,49.49411764705883,1.1738323647058824,6.5,4.466666666666667,0.0128666666666666,94.84625333333334,0.1672,0.0936666666666666,0.0288,0.3366666666666666,0.04788,275.0,11.310031175059953,25.02,105.0,87.7699664268585,0.3683353317346123,1.9666826538768984,0.9200023980815348,1.4425083529411766,0.0,0.0,0.0,0.0,0.0,0.0,0.0,0.0,18.040748823529416,3.9995235294117646,24.60171529411765,184.78823529411764,196.55882352941177,235.97058823529412,211.5323529411765,228.8117647058824,42.29916941176471,1.0,394.1882352941177,505.54705882352937,662.870588235294,63.35882352941177,1503.8,2.792330352941176,1238.540823529412,110534.70588235294,0.0,0.0,0.0,0.0,0.0,0.0,0.0,0.0,0.0,0.0,0.0,0.0,43.74705882352942,39.67647058823529,36.264705882352935,55.26470588235296,60.0,11.81,5.818,87.19,0.45,5.8,1.0,4.334015294117647,3.4204880934772963,47.327,0.0799554165698227,48.980158894499965,0.0200128467893591,3.196119128615801,0.0553821285946711,0.0914306843873476,0.0146332960043949,0.0464531873983138,4.373609144885584,0.3416582077883661,2.278749973588015,5094.075294117648,7.56,19.202130441,71.39999999999999,1.18,19.86,1286.5658823529411,96.135,2195.2455294117644,105.032,2.56,1.854243542435424,10.05,5.132222222222223,79.60000000000001,55.01,7.96,38.89,71.63,0.049,2.43,0.21,0.028,0.042,5.42,0.14,1.1269782097495469,18.625333333333334,37.38066666666667,0.29,0.3873333333333333,8.161333333333333,0.2013333333333333,0.17,0.3346666666666666,33.17066666666666,1.0206666666666666,1.3730299565799602,0.0,1.330422870588235,0.2686759823529411,1.3508985882352942,1.287964073529412,,22.0,8.0,0.0,220.1662294117647,95.21572302941176,27.40909090909091,28.25
2026-03-10 06:00:00,542.3076923076923,180.02794615384616,46.084615384615375,44.18461538461538,71.05384615384615,51.41538461538461,51.6,58.32307692307692,49.04615384615385,1.1532452307692307,7.538461538461538,4.416666666666667,0.0123666666666666,94.96720333333334,0.1567,0.0886666666666666,0.0318,0.2866666666666666,0.03993,275.0,11.309108420801524,33.536,105.0,87.77096016221373,0.3682761808206106,1.966209446564885,0.9199314169847328,1.3899071538461538,0.0,0.0,0.0,0.0,0.0,0.0,0.0,0.0,18.72529307692308,3.874198692307692,24.377002307692308,125.43846153846154,127.8846153846154,153.9692307692308,137.80576923076922,143.93076923076922,43.437786923076914,1.0,394.04615384615386,505.4076923076924,662.9538461538461,62.96153846153846,1484.3,2.738492692307693,1253.5278461538462,106862.45384615385,0.0,0.0,0.0,0.0,0.0,0.0,0.0,0.0,0.0,0.0,0.0,0.0,44.10000000000001,43.03846153846154,39.43076923076923,46.96153846153846,60.0,11.81,7.296,87.19,0.45,5.8,1.0,4.465175384615384,3.392855263981964,63.868,0.0792310703325609,48.53280735266488,0.0198381035886515,3.170937088996055,0.0548780296862278,0.0908426755182564,0.0145113985094256,0.0460908436149558,4.338899605436213,0.3392394626416985,2.2595603432078666,5073.998538461538,7.56,20.072008131869826,71.39999999999999,1.18,19.86,1281.8933846153848,97.0187262942504,2192.7675384615386,140.128,2.56,1.854243542435424,10.05,5.132222222222223,79.60000000000001,55.01,7.96,38.89,71.63,0.049,2.43,0.21,0.028,0.042,5.42,0.14,1.1145582254518225,18.270333333333333,37.345666666666666,0.29,0.3773333333333333,8.166333333333334,0.2063333333333333,0.17,0.3521666666666667,33.510666666666665,1.0606666666666666,1.3582737931502165,0.0,1.5795272307692303,0.2366619692307692,1.3487412307692308,1.2639175769230768,,22.0,8.0,0.0,217.27184615384616,92.60370286538462,27.40909090909091,28.25
2026-03-10 07:00:00,538.7027027027027,207.00089729729703,45.6875675675676,43.62702702702708,75.24270270270264,51.077297297297385,50.156216216216194,56.92810810810816,48.74108108108109,1.1533485475675689,6.524324324324325,4.3832,0.012,95.04993733333336,0.1501733333333333,0.0855333333333333,0.0335733333333333,0.2510666666666666,0.034516,275.0,11.310485113140135,25.19,105.0,87.76947757046446,0.3683644303294958,1.9669154426359667,0.920037316395395,1.424332005405406,0.0,0.0,0.0,0.0,0.0,0.0,0.0,0.0,18.760933243243244,3.814470691891891,23.908126810810806,172.5389189189188,180.28270270270272,220.83027027027023,195.20364864864865,207.16270270270263,43.96887410810813,1.0,393.9345945945948,505.4275675675669,662.9913513513511,62.60324324324336,1469.5111111111112,2.7727414108108115,1216.5340378378382,109571.72270270275,0.0,0.0,0.0,0.0,0.0,0.0,0.0,0.0,0.0,0.0,0.0,0.0,43.23297297297291,40.76810810810819,33.6113513513514,62.80594594594593,60.0,11.81,5.406,87.19,0.45,5.8,1.0,4.323552216216215,3.383873671978752,48.192,0.079070385126162,48.43664799136786,0.0197937624501992,3.1621437167994686,0.0547682187915006,0.09050796812749,0.0144752863545816,0.0459607403718459,4.327023779880478,0.3381278635458167,2.2540670650730408,5040.933664864867,7.56,19.974501233133072,71.39999999999999,1.18,19.86,1286.5129513513514,96.4947567567568,2172.28981081081,105.707,2.56,1.854243542435424,10.05,5.132222222222223,79.60000000000001,55.01,7.96,38.89,71.63,0.049,2.43,0.21,0.028,0.042,5.42,0.14,1.1045575819504387,18.0516,37.2688,0.3113333333333333,0.3732,8.154,0.2121333333333333,0.1710666666666666,0.3666,33.7408,1.0932000000000002,1.3462218469581024,0.0,1.285374475675676,0.2709834956756758,1.348221632432433,1.4421327621621625,,22.0,8.0,0.0,216.11142324324317,96.17761889189184,27.40909090909091,28.25
2026-03-10 08:00:00,541.375,206.7451691666669,45.405833333332986,43.4283333333331,70.51583333333332,51.75944444444432,50.452777777777655,55.65611111111114,48.588888888889,1.157756917777779,6.5,4.3952,0.012,95.02757733333334,0.1545733333333333,0.0875333333333333,0.0319733333333333,0.2550666666666666,0.036076,275.0,11.294036400748428,29.395,105.0,87.75261268923286,0.3683772750467766,2.05026365028066,0.9533509100187104,1.426465363888891,0.0,0.0,0.0,0.0,0.0,0.0,0.0,0.0,18.14665344444444,3.821646711111109,23.975742805555527,160.04944444444445,175.45888888888885,208.41527777777785,184.7279861111111,194.9883333333333,43.081854305555545,1.0,393.855833333333,505.4186111111079,663.0230555555568,62.469722222222096,1467.6777777777777,2.7747957777777765,1220.773236111109,109301.3475,0.0,0.0,0.0,0.0,0.0,0.0,0.0,0.0,0.0,0.0,0.0,0.0,42.46222222222203,39.8547222222221,30.6263888888889,62.36777777777774,60.0,12.045,6.464,86.955,0.405,5.65,1.0,4.326554094444444,3.922092577326977,55.80200000000001,0.0246227733772983,49.51054102003513,0.0181430235475431,3.08375810902835,0.0391181319665961,0.0621560159134081,0.0144953585892978,0.050948872800258,3.6282283789111496,0.2650661804236407,2.1075588688577467,5035.256177777778,7.24,19.883509899435047,71.48000000000002,1.49,19.79,1278.8841638888885,96.17399999999944,2175.028836111112,123.902,2.45,1.964579439252337,10.5105,5.132222222222223,79.60000000000001,54.94,7.89,38.89,71.63,0.056,2.16,0.1881,0.02544,0.045,5.35,0.13338,1.101210125638992,18.2076,37.0768,0.3913333333333333,0.3852,8.094,0.2201333333333333,0.1750666666666666,0.3726,33.6688,1.1052000000000002,1.3416064981694702,0.0,1.237003296944445,0.2687084088888888,1.3483922027777795,1.5149228744444423,,22.0,8.0,0.0,215.78126722222223,96.14373491458336,27.40909090909091,28.25
2026-03-10 09:00:00,538.9444444444445,190.48085416666652,45.4652777777778,43.52750000000013,66.16833333333332,57.07555555555548,50.987777777777815,54.69361111111132,48.86388888888876,1.1736576472222224,6.858333333333333,4.4072000000000005,0.012,95.00521733333332,0.1589733333333333,0.0895333333333333,0.0303733333333333,0.2590666666666666,0.0376359999999999,275.0,11.295613859403163,24.965,105.0,87.75099579411176,0.3684758662126978,2.050855197276187,0.953390346485079,1.4504781416666668,0.0,0.0,0.0,0.0,0.0,0.0,0.0,0.0,18.15048680555555,3.865153994444449,24.195192055555555,201.2391666666668,214.6197222222225,248.47249999999983,222.3109722222223,224.9125,42.86575861111112,1.0,393.8094444444454,505.4972222222222,663.1486111111157,62.57499999999992,1465.8444444444444,2.7987195388888897,1202.8084999999985,109207.42666666656,0.0,0.0,0.0,0.0,0.0,0.0,0.0,0.0,0.0,0.0,0.0,0.0,42.45250000000007,38.79555555555554,30.3675,57.47583333333337,60.0,12.045,5.708,86.955,0.405,5.65,1.0,4.4774387166666685,3.9193686354378814,47.627,0.0246194385537615,49.5103695382871,0.0181355953555756,3.080584332416486,0.0391183572343418,0.0620868414974699,0.0144989186805803,0.0509016524240451,3.62398114514876,0.2646596678354714,2.106168769815441,5205.761991666667,7.24,19.438952129416705,71.48000000000002,1.49,19.79,1256.6835749999996,91.41482805900422,2188.0942583333326,106.401,2.45,1.964579439252337,10.5105,5.132222222222223,79.60000000000001,54.94,7.89,38.89,71.63,0.056,2.16,0.1881,0.02544,0.045,5.35,0.13338,1.097862669327545,18.3636,36.884800000000006,0.4713333333333333,0.3972,8.033999999999999,0.2281333333333333,0.1790666666666666,0.3786,33.5968,1.1172000000000002,1.3369911493808375,0.0,1.0945457352777774,0.2768204969444441,1.3480872333333336,2.730078801597224,,22.0,8.0,0.0,212.5730619444443,93.98871317708333,27.40909090909091,28.25
2026-03-10 10:00:00,539.2555555555556,213.47255277777785,46.03333333333333,43.87666666666665,70.96416666666674,57.215555555555774,52.32194444444428,54.966388888888815,49.66027777777773,1.1771411036111104,6.283333333333333,4.418761904761905,0.0113428571428571,95.02059047619048,0.1512380952380952,0.0893428571428571,0.037447619047619,0.2380952380952381,0.0331809523809523,275.0,11.300494270329974,28.972,105.0,87.74599337291177,0.3687808918956233,2.05268535137374,0.9535123567582492,1.464802711111111,0.0,0.0,0.0,0.0,0.0,0.0,0.0,0.0,17.737075861111116,3.938769955555563,24.26116427777777,181.9894444444444,197.0147222222224,230.24833333333348,207.25229166666676,219.7566666666667,42.23125247222223,1.0,393.800000000001,505.4997222222223,663.179444444449,63.1186111111111,1464.0111111111112,2.813078627777781,1222.545477777779,110691.34166666672,0.0,0.0,0.0,0.0,0.0,0.0,0.0,0.0,0.0,0.0,0.0,0.0,42.91000000000007,37.23555555555548,28.894444444444453,61.36611111111109,60.0,12.045,6.795,86.955,0.405,5.65,1.0,4.391723966666665,3.931706146546416,55.218,0.0246897750733456,49.6484209859104,0.0181899923937846,3.0908183925531527,0.0392272447390343,0.0622958093375348,0.0145374696656887,0.0510680394074395,3.6362874425006337,0.2656084791191277,2.11276033177587,5174.703402777783,7.24,19.958829794511114,71.48000000000002,1.49,19.79,1261.7491249999994,93.49599999999948,2190.502458333333,124.046,2.45,1.964579439252337,10.5105,5.132222222222223,79.60000000000001,54.94,7.89,38.89,71.63,0.056,2.16,0.1881,0.02544,0.045,5.35,0.13338,1.0985210692519465,18.321142857142856,36.91009523809524,0.4921904761904762,0.3956190476190476,8.00904761904762,0.2387619047619048,0.1756190476190476,0.3778095238095238,33.599714285714285,1.1397142857142857,1.3368885816260954,0.0,1.123779940277778,0.287661544722222,1.3482331611111131,1.412204918125,,22.0,8.0,0.0,216.97802972222223,97.03511324305556,27.40909090909091,28.25
2026-03-10 11:00:00,545.2361111111111,206.35205694444463,47.10444444444432,44.71305555555554,73.97055555555556,55.66472222222252,87.81444444444438,56.3736111111112,50.7688888888887,1.159691580555556,6.716666666666667,4.430190476190476,0.0104857142857142,95.04744761904762,0.1398095238095238,0.0884857142857142,0.0471619047619047,0.2095238095238095,0.026895238095238,275.0,11.240770281343895,29.288,105.0,87.8072104616225,0.3650481425839934,2.0302888555039607,0.9520192570335974,1.4257192888888872,0.0,0.0,0.0,0.0,0.0,0.0,0.0,0.0,18.14839005555556,4.027448266666666,24.03952063888889,178.29,184.4533333333333,216.2291666666668,197.65638888888896,211.65305555555565,43.01796569444443,1.0,393.7647222222223,505.5255555555569,663.2347222222213,63.942222222222064,1462.1777777777777,2.77379912777778,1231.2901805555584,110024.76583333335,0.0,0.0,0.0,0.0,0.0,0.0,0.0,0.0,0.0,0.0,0.0,0.0,42.94722222222231,35.83583333333326,27.3377777777778,65.79972222222227,60.0,12.045,6.974,86.955,0.405,5.65,1.0,4.458800163888888,3.920720754784925,55.539,0.0246145951493545,49.494302562163526,0.018136840778552,3.082646968796701,0.0391053133833882,0.0621334557698194,0.0144907182340337,0.050930679342444,3.62690487765354,0.2649664560038892,2.106824033562001,5223.259005555553,7.24,20.623649979255596,71.48000000000002,1.49,19.79,1287.7568944444442,99.94400000000022,2177.723597222224,123.892,2.45,1.964579439252337,10.5105,5.132222222222223,79.60000000000001,54.94,7.89,38.89,71.63,0.056,2.16,0.1881,0.02544,0.045,5.35,0.13338,1.1003986428133454,18.218285714285717,37.00152380952381,0.495047619047619,0.3899047619047619,7.994761904761904,0.2501904761904762,0.1699047619047619,0.3749523809523809,33.62542857142857,1.1654285714285717,1.338159468968624,0.0,1.3403525347222227,0.2660276752777778,1.3482270833333343,1.4370472654861113,,22.0,8.0,0.0,219.0146733333335,96.09164754513893,27.40909090909091,28.25
2026-03-10 12:00:00,550.0,202.2666408333334,48.24666666666669,45.35916666666658,76.27833333333314,55.20777777777802,75.7469444444444,57.10222222222247,51.35638888888888,1.166861106388888,7.0,4.441619047619048,0.0096285714285714,95.07430476190476,0.1283809523809523,0.0876285714285714,0.0568761904761904,0.1809523809523809,0.0206095238095238,275.0,11.16,24.916,105.0,87.89,0.3599999999999999,2.0,0.9499999999999998,1.4176332777777776,0.0,0.0,0.0,0.0,0.0,0.0,0.0,0.0,17.822603999999995,4.171159672222224,23.99483997222222,200.9127777777777,219.9661111111112,254.1258333333334,227.10215277777783,233.40388888888896,42.6188575833333,1.0,393.6802777777781,505.6491666666682,663.3333333333316,64.59500000000017,1460.3444444444444,2.765247180555559,1227.0985583333345,109053.55972222224,0.0,0.0,0.0,0.0,0.0,0.0,0.0,0.0,0.0,0.0,0.0,0.0,42.53972222222225,34.837499999999864,29.344166666666656,65.43194444444427,60.0,12.045,6.115,86.955,0.405,5.65,1.0,4.5214781194444456,3.8601125189863295,50.036,0.0242783196098808,48.83912203213686,0.0178730913742105,3.0316781917019746,0.0385888160524422,0.061089415620753,0.0143104964425613,0.0501053441522104,3.56528879206971,0.2601558877608122,2.074492365496842,5250.798880555559,7.24,20.996828029413138,71.48000000000002,1.49,19.79,1285.0794611111112,90.95332321637612,2164.387124999999,93.402,2.45,1.964579439252337,10.5105,5.132222222222223,79.60000000000001,54.94,7.89,38.89,71.63,0.056,2.16,0.1881,0.02544,0.045,5.35,0.13338,1.1022762163747444,18.11542857142857,37.092952380952376,0.4979047619047619,0.3841904761904762,7.98047619047619,0.2616190476190476,0.1641904761904762,0.3720952380952381,33.65114285714286,1.191142857142857,1.3394303563111525,0.0,1.4263503252777785,0.2507721991666668,1.348050416666667,1.4150885412500007,,22.0,8.0,0.0,217.9117838888889,95.55032991041668,27.40909090909091,28.25
2026-03-10 13:00:00,550.0,223.7519233333332,49.22388888888896,45.75694444444439,78.82083333333361,56.086944444444505,61.82722222222212,56.88361111111099,51.69388888888893,1.1645920705555557,6.641666666666667,4.447090909090909,0.0097272727272727,95.02838545454544,0.1301818181818181,0.0886,0.0576,0.2152727272727272,0.0231418181818181,275.0,11.160161214482434,29.774,105.0,87.8898347551555,0.3600100759051521,2.000060455430913,0.9500040303620608,1.4080852444444447,0.0,0.023,0.0,0.0,0.0,0.0,0.0,0.0,17.168354888888896,4.4143357694444365,24.24074097222222,175.93527777777783,180.4711111111111,208.53833333333336,193.05159722222223,207.26166666666663,41.46174552777778,1.0,393.4633333333343,505.73166666666367,663.3138888888869,65.1127777777776,1461.1818181818182,2.756606827777778,1231.796516666667,108175.75194444443,0.0,0.0,0.0,0.0,0.0,0.0,0.0,0.0,0.0,0.0,0.0,0.0,41.47277777777767,34.18722222222225,30.028333333333336,64.9299999999999,60.0,12.045,7.023,86.955,0.405,5.65,1.0,4.564683486111109,3.767458978507049,60.578,0.0236838456205223,47.63770164085972,0.0174396810723364,2.959788537092673,0.0376392419690316,0.0596452507510977,0.0139553963485093,0.0489127571065403,3.481183267853016,0.2541008782066096,2.0246360064709963,5257.182583333334,7.24,22.02378993773836,71.48000000000002,1.49,19.79,1283.860077777777,98.4295000000009,2129.518541666666,119.349,2.45,1.964579439252337,10.5105,5.132222222222223,79.60000000000001,54.94,7.89,38.89,71.63,0.056,2.16,0.1881,0.02544,0.045,5.35,0.13338,1.109293202846426,17.992,37.29672727272727,0.4650909090909091,0.3741818181818181,7.994727272727273,0.2685454545454546,0.16,0.3685454545454545,33.62345454545455,1.191090909090909,1.3470742540007905,0.0,1.4720076380555562,0.2434938041666665,1.3482137527777762,1.30938643923611,,22.0,8.0,0.0,216.25077777777784,98.39712984166664,27.40909090909091,28.25
2026-03-10 14:00:00,541.5,203.8480086111108,50.16388888888878,46.59499999999996,80.63055555555579,58.856944444444345,60.216666666666505,57.26305555555542,52.54805555555549,1.1733176583333338,6.5,4.436181818181818,0.0124545454545454,94.7823309090909,0.1683636363636363,0.0946,0.0336,0.4225454545454545,0.0499236363636363,275.0,11.336460115338468,25.837000000000003,105.0,87.70912838177806,0.3710287572086542,2.0661725432519256,0.9544115028834614,1.4540299472222216,0.0,0.0,0.0,0.0,0.0,0.0,0.0,0.0,17.52895947222224,4.030365861111111,23.679036694444427,202.0380555555556,199.98138888888883,235.6100000000003,220.46909722222227,244.2469444444443,42.53470433333331,1.0,393.80500000000046,505.9591666666661,663.7199999999988,65.95361111111112,1469.3636363636365,2.8020189361111134,1223.2192499999994,107234.42583333331,0.0,0.0,0.0,0.0,0.0,0.0,0.0,0.0,0.0,0.0,0.0,0.0,40.68722222222197,34.1200000000002,30.280833333333344,69.1225,60.0,12.045,5.818,86.955,0.405,5.65,1.0,4.578202005555555,3.7575666036935647,51.874,0.0236245517985888,47.51980973127193,0.0173949762886995,2.9517999383120634,0.0375461695647145,0.0594831707599182,0.0139216177661256,0.0487818367582989,3.471679454061765,0.2533869183020396,2.0193353124879514,5229.001647222227,7.24,19.636678669508488,71.48000000000002,1.49,19.79,1232.4175000000007,96.33000000000088,2188.615105555554,103.149,2.45,1.964579439252337,10.5105,5.132222222222223,79.60000000000001,54.94,7.89,38.89,71.63,0.056,2.16,0.1881,0.02544,0.045,5.35,0.13338,1.130443574821386,17.812,37.80945454545454,0.3341818181818182,0.3523636363636364,8.087454545454547,0.2630909090909091,0.16,0.3630909090909091,33.44890909090909,1.1201818181818182,1.3722439301449796,0.0,1.0527874377777786,0.2807122791666668,1.3479853083333322,1.1989633222916671,,22.0,8.0,0.0,210.4157608333334,95.7598611409722,27.40909090909091,28.25
2026-03-10 15:00:00,531.4444444444445,201.47370611111089,50.352222222222046,46.94861111111103,80.36722222222238,59.54416666666677,59.86138888888893,57.21416666666669,53.08083333333364,1.179915685,6.141666666666667,4.4404,0.01374,94.694614,0.17544,0.09436,0.02286,0.4984,0.060186,275.0,11.368155600268276,29.82,105.0,87.67664050972502,0.3730097250167672,2.078058350100604,0.9552038900067068,1.4663288111111117,0.0,0.0,0.0,0.0,0.0,0.0,0.0,0.0,17.738545972222234,3.7943592222222207,23.40268180555556,162.53666666666663,175.20694444444456,196.28388888888884,182.34381944444448,195.34777777777796,43.12006297222221,1.0,393.815833333334,505.9891666666665,663.8599999999967,66.38361111111105,1476.34,2.8144410111111093,1202.441372222221,106631.3794444444,0.0,0.0,0.0,0.0,0.0,0.0,0.0,0.0,0.0,0.0,0.0,0.0,40.0547222222222,33.571111111111115,31.526666666666703,68.78666666666663,60.0,12.045,6.548,86.955,0.405,5.65,1.0,4.599660133333335,3.754304407027332,60.222,0.0236983162299491,47.712865730131846,0.0174152967354123,2.942169306897811,0.0377011723290491,0.0592534289794427,0.0140028560990999,0.0486584304739131,3.4568357078808414,0.2516437182425027,2.018086413603002,5224.731597222222,7.24,18.33991641463712,71.48000000000002,1.49,19.79,1216.4318611111105,91.02883333333244,2213.223641666667,122.12,2.45,1.964579439252337,10.5105,5.132222222222223,79.60000000000001,54.94,7.89,38.89,71.63,0.056,2.16,0.1881,0.02544,0.045,5.35,0.13338,1.1438463545504074,17.8218,38.1234,0.2574,0.3608,8.036,0.2444,0.1678,0.35272,33.3292,1.0566,1.38495097086263,0.0,1.0126663808333325,0.2864131169444444,1.347974452777776,1.195102614513888,,22.0,8.0,0.0,206.36276277777785,95.4452660597222,27.40909090909091,28.25
2026-03-10 16:00:00,525.9583333333334,193.34201305555564,50.4088888888887,47.0844444444447,78.78444444444442,59.18305555555556,58.540277777777646,58.601944444444335,54.20111111111124,1.1893260666666676,6.0,4.4644,0.0131399999999999,94.813954,0.14184,0.08596,0.02946,0.4024,0.048846,275.0,11.545763293310465,25.652,105.0,87.50642795883363,0.4321912521440823,1.856174957118353,0.9478087478559176,1.4915057916666667,0.42,0.404,0.0,0.53,1.28,0.0,96.72,0.1,17.61246149999998,4.0448897666666666,23.77519794444444,183.62916666666663,216.0386111111113,247.86194444444465,224.04784722222237,248.66166666666683,42.55663197222223,1.0,393.8252777777777,506.0244444444455,663.9894444444452,66.52722222222202,1481.74,2.839642752777778,1192.6839611111104,105120.90305555552,0.0,0.0,0.0,0.0,0.0,0.0,0.0,0.0,0.0,0.0,0.0,0.0,39.89805555555552,33.46555555555552,30.98944444444443,67.82305555555554,60.0,12.045,5.508,86.955,0.405,5.65,1.0,4.655934713888889,3.7595972016525065,51.316,0.0237633486631849,47.85872651804506,0.0174517304544391,2.943946332527867,0.0378172499805129,0.0592772234780575,0.0140539013173279,0.0486998402057837,3.4577410554213115,0.2514875477433939,2.021100631382025,5171.958619444447,7.34,17.354379091866583,71.32,1.26,20.08,1176.1425111111105,89.75999999999931,2181.8313416666647,104.885,2.48,1.941489361702128,10.95,5.132222222222223,79.60000000000001,54.35,8.54,38.89,71.63,0.049,2.36,0.21,0.026,0.052,5.64,0.16,1.1471176674962789,18.0798,38.1774,0.2514,0.4088,7.796,0.2084,0.1858,0.33592,33.281200000000005,1.0026,1.3813607190994222,0.0,0.8967761719444447,0.3021797627777779,1.3479949611111093,1.2464257482638883,,22.0,8.0,0.0,199.8416247222222,94.36781672986112,27.40909090909091,28.25
2026-03-10 17:00:00,525.0,191.88779027777812,50.93944444444436,47.46361111111116,80.57388888888896,59.349722222221935,64.3574999999999,59.24111111111085,55.96666666666665,1.1681953294444436,6.0,4.453052631578947,0.0127578947368421,94.8534694736842,0.1402947368421052,0.0859368421052631,0.0295473684210526,0.377578947368421,0.0473621052631578,275.0,11.545904836498924,25.535,105.0,87.50627883297433,0.4321836694732719,1.8563266105345604,0.947816330526728,1.4608234833333322,0.42,0.382,0.0,0.53,1.28,0.0,96.72,0.1,17.27191883333335,4.348106355555557,24.07629244444443,181.2077777777777,214.1202777777776,250.0552777777776,224.1864583333333,251.36250000000013,41.76958822222224,1.0,393.9644444444443,506.2905555555538,664.343611111109,66.89055555555547,1486.6315789473683,2.8089955638888884,1215.180658333334,105030.47361111116,0.0,0.0,0.0,0.0,0.0,0.0,0.0,0.0,0.0,0.0,0.0,0.0,39.58944444444445,33.518611111111134,30.724444444444444,71.19750000000002,60.0,12.045,5.455,86.955,0.405,5.65,1.0,4.691137561111112,3.803033850656603,51.934,0.0238156121230792,47.85918820040821,0.0175698386413524,2.9946247159856743,0.0378118381022066,0.0603820233373127,0.0139962259791273,0.0494536142026418,3.5255832402664926,0.257984672854007,2.0432626025339857,5175.631066666667,7.34,17.228325437106577,71.32,1.26,20.08,1200.6295777777782,89.78333333333366,2174.4251250000016,100.316,2.48,1.941489361702128,10.95,5.132222222222223,79.60000000000001,54.35,8.54,38.89,71.63,0.049,2.36,0.21,0.026,0.052,5.64,0.16,1.1431210675516048,18.224736842105266,38.06168421052632,0.2742105263157894,0.4151578947368421,7.790842105263158,0.1927368421052631,0.19,0.3508842105263158,33.29663157894737,0.9706315789473684,1.3771006092870008,0.0,0.9650680319444436,0.2926281513888889,1.3480823777777773,1.3946848636111109,,22.0,8.0,0.0,204.82071472222225,94.1751322118056,27.40909090909091,28.25
2026-03-10 18:00:00,525.0,191.7077083333334,51.20833333333332,47.50833333333333,82.61666666666667,59.70000000000001,69.82499999999999,59.10833333333334,56.76666666666666,1.2051261666666668,6.0,4.4309473684210525,0.0124421052631578,94.8686905263158,0.1485052631578947,0.0884631578947368,0.0276526315789473,0.3744210526315789,0.0488778947368421,275.0,11.542240794764648,25.366,105.0,87.51013916265867,0.4323799574233225,1.8524008515335488,0.9476200425766772,1.4818551666666666,0.0,0.0,0.0,0.0,0.0,0.0,0.0,0.0,17.390044999999997,4.224537166666667,23.708046666666664,199.60833333333335,240.4333333333333,276.875,249.53125,281.2083333333333,42.30749,1.0,393.9916666666666,506.4083333333333,664.4666666666667,67.0,1491.3684210526317,2.82467675,1202.323,107712.28333333334,0.0,0.0,0.0,0.0,0.0,0.0,0.0,0.0,0.0,0.0,0.0,0.0,39.10000000000001,33.19166666666666,27.95,74.19166666666666,60.0,12.045,5.478,86.955,0.405,5.65,1.0,4.506171166666667,3.80518562940547,54.194,0.0234208583976085,46.87164981363251,0.0174263940657637,3.0269249363398165,0.037020887921172,0.0611874008192789,0.0136000295235634,0.0498325829427611,3.5788033730671294,0.2647265010886814,2.042235302801048,5106.926416666666,7.34,17.19618143750001,71.32,1.26,20.08,1213.95675,89.70000000000003,2166.6141666666663,100.262,2.48,1.941489361702128,10.95,5.132222222222223,79.60000000000001,54.35,8.54,38.89,71.63,0.049,2.36,0.21,0.026,0.052,5.64,0.16,1.136912494118504,18.335263157894737,37.89431578947368,0.3057894736842105,0.4088421052631579,7.857157894736842,0.1832631578947368,0.19,0.3755157894736842,33.33136842105264,0.9453684210526316,1.3726366296335146,0.0,0.9654224583333336,0.2767289166666667,1.3430085,1.4469605833333334,,22.0,8.0,0.0,208.12505833333333,94.15127135416668,27.40909090909091,28.25
2026-03-12 06:00:00,540.0,202.1443647058824,50.40588235294116,44.211764705882366,60.752941176470586,52.0529411764706,52.62352941176473,55.79999999999998,51.90588235294116,1.1834320588235294,6.5,4.297424242424243,0.0123484848484848,95.07188636363637,0.146090909090909,0.0890454545454545,0.0319545454545454,0.3087878787878788,0.0424621212121212,280.0,11.438216229165954,29.219,105.0,87.62905404017933,0.3950918922618844,1.8527567678565315,0.932729730654711,1.4748689411764704,0.0,0.0,0.0,0.0,0.0,0.0,0.0,0.0,18.792891176470587,3.73349,24.012460000000004,147.1058823529412,154.08823529411762,200.41764705882355,172.35,187.78823529411764,43.90280411764706,1.0,397.905882352941,512.2411764705882,672.8941176470587,64.29411764705881,1473.9545454545455,2.8239038235294123,1214.175529411765,110422.25294117648,0.0,0.0,0.0,0.0,0.0,0.0,0.0,0.0,0.0,0.0,0.0,0.0,41.02352941176471,37.764705882352935,29.1235294117647,53.99411764705882,60.0,11.7,6.587,87.3,0.46,6.0,1.0,4.220023588235295,3.2957259015256586,57.68000000000001,0.1182805131761442,49.50991435506241,0.0142318307905686,3.1198422330097086,0.1022995839112343,0.0442193134535367,0.0135559986130374,0.0481523231622746,4.016977808599167,0.2879144590846047,1.8233703190013868,4956.277411764707,8.14,19.525124186941174,70.71,1.17,19.98,1245.3235294117646,96.59,2181.317058823529,122.347,2.62,1.935427574171029,11.09,4.97777777777778,79.28888888888888,53.87412587412588,7.8,38.89,71.63,0.054,2.38,0.21,0.026,0.05,5.73,0.16,1.086324058226241,18.62757575757576,36.83590909090909,0.323030303030303,0.3839393939393939,7.9821212121212115,0.213030303030303,0.1734848484848485,0.406969696969697,33.90924242424243,1.0542424242424242,1.3217247055230532,0.0,0.8686173058823529,0.291436888235294,1.3485752352941176,1.3354715441176472,,22.0,8.0,0.0,214.2212588235294,96.78412832352942,26.272727272727277,28.25
2026-03-12 07:00:00,540.0,211.5661610569105,49.73617886178864,44.1211382113822,60.05691056910571,51.80000000000003,52.433333333333074,55.40569105691043,51.67601626016276,1.1535763434959343,6.92479674796748,4.290155440414508,0.012,95.14088186528495,0.1429844559585492,0.0882901554404145,0.034740932642487,0.2549222797927461,0.0360248704663212,280.0,11.439838546922305,29.73,105.0,87.62731584258324,0.39513824419778,1.8541473259334007,0.93284561049445,1.4230184918699187,0.0,0.0,0.0,0.0,0.0,0.0,0.0,0.0,18.28844906504066,3.8769384837398366,24.483718577235773,173.09308943089425,193.53252032520325,234.64593495934943,207.4822154471544,228.6573170731707,42.761113658536615,1.0,397.9869918699191,512.3731707317048,672.9833333333343,64.11382113821155,1472.896373056995,2.771108495934958,1205.6197113821147,110683.6906504065,0.0,0.0,0.0,0.0,0.0,0.0,0.0,0.0,0.0,0.0,0.0,0.0,40.99674796747965,38.069105691056926,28.487804878048856,52.9410569105691,60.0,11.7,7.085,87.3,0.46,6.0,1.0,4.232178711382114,3.261819340223701,56.504,0.1176083109160413,49.62620310066544,0.0142009769219878,3.086564844966728,0.1022377176837038,0.0434917881919864,0.0133587002690075,0.0477872716975789,3.983402590967011,0.2827503185615177,1.8178182075605267,4989.837044715444,8.14,21.738414448347104,70.71,1.17,19.98,1301.8215121951228,93.89664218375336,2116.2099367886176,121.954,2.62,1.935427574171029,11.09,4.97777777777778,79.28888888888888,53.87412587412588,7.8,38.89,71.63,0.054,2.38,0.21,0.026,0.05,5.73,0.16,1.089287224885798,18.466165803108808,36.91186528497409,0.3474093264248705,0.3743523316062176,8.005647668393783,0.2272538860103627,0.1707253886010362,0.4,33.88699481865285,1.1266839378238342,1.3255379794110185,0.0,1.106315629674799,0.2694421386178863,1.348299276422764,1.3264653404471545,,22.0,8.0,0.0,217.8627101626017,98.03251634004064,26.272727272727277,28.25
2026-03-12 08:00:00,541.9359331476323,227.9086994428972,49.0629526462395,44.010027855153176,63.42646239554324,51.930919220055806,51.84958217270194,54.65348189415052,51.3827298050139,1.1521482236768803,6.642061281337047,4.333678756476684,0.012,95.11980414507772,0.1386321243523316,0.0895336787564766,0.0422020725388601,0.233160621761658,0.0309886010362694,280.0,11.46307337314822,25.786,105.0,87.58176025750407,0.3729159233692701,1.9291592336927013,0.955166369347708,1.416192437325905,0.0,0.0,0.0,0.0,0.0,0.0,0.0,0.0,18.307146601671302,3.890911871866297,24.561886128133715,170.54317548746516,187.18189415041783,212.2434540389974,195.77144846796665,213.11727019498608,42.70637392757661,1.0,398.08328690808,512.4746518105851,673.0880222841265,63.944568245125296,1463.880829015544,2.7642531504178307,1220.42739832869,110754.55097493032,0.0,0.0,0.0,0.0,0.0,0.0,0.0,0.0,0.0,0.0,0.0,0.0,40.89610027855153,38.22701949860721,27.99749303621165,57.2476323119778,60.0,11.805,6.165,87.19,0.395,6.35,1.005,4.26810557660167,3.884648636754616,49.991,0.103148366706007,49.35442639675141,0.0211214018523334,2.9643289792162597,0.1105882658878598,0.0463895501190214,0.0221688303894701,0.0491045588205877,3.9479192254605833,0.3035815646816427,2.173057150287052,5032.170378830088,8.2,22.37372084312828,70.66999999999999,1.29,19.84,1305.6232785515324,98.1696657381613,2104.7577509749294,103.215,2.6068,1.952550114184217,10.773,4.97777777777778,79.28888888888888,54.52,8.45,38.89,71.63,0.052762,2.17239,0.21,0.02544,0.048,5.517399999999999,0.15,1.0819910732568805,18.19259067357513,36.83414507772021,0.422020725388601,0.3930051813471502,7.98699481865285,0.2583419689119171,0.1738341968911917,0.4,34.045544041450775,1.1981865284974094,1.3166070576633455,0.0,1.1442471986072411,0.2640442395543175,1.3481615515320344,2.082153393036213,,22.0,8.0,0.0,219.72111002785525,100.19790267618389,26.272727272727277,28.25
2026-03-12 09:00:00,544.5972222222222,206.67390305555577,48.63138888888917,44.04250000000022,69.17861111111087,52.04972222222242,52.04000000000003,53.988888888888766,51.251388888888826,1.1584755100000006,6.5,4.37720207253886,0.012,95.09872642487046,0.1342797927461139,0.0907772020725388,0.0496632124352331,0.2113989637305699,0.0259523316062176,280.0,11.458974460190266,25.333,105.0,87.58598152607271,0.3726100343425571,1.9261003434255712,0.9550440137370227,1.446974983333333,0.0,0.0,0.0,0.0,0.0,0.0,0.0,0.0,17.81081258333332,4.071381469444444,24.86692266666667,210.1375,214.76194444444448,241.32972222222236,227.6738194444445,244.466111111111,41.734838,1.0,398.1208333333352,512.6622222222248,673.1872222222235,63.946666666666445,1454.8652849740934,2.795090572222221,1216.2439944444411,109236.39222222225,0.0,0.0,0.0,0.0,0.0,0.0,0.0,0.0,0.0,0.0,0.0,0.0,40.64888888888902,35.02083333333327,29.774166666666734,62.38555555555551,60.0,11.805,6.155,87.19,0.395,6.35,1.005,4.334423583333329,3.869717682317682,50.05,0.1028403596403596,49.20863056943056,0.0210616983016983,2.9520483516483518,0.1102937062937062,0.046205994005994,0.022097902097902,0.0489143056943056,3.932068331668332,0.3021272727272727,2.165986013986014,5038.451355555555,8.2,19.855161866547192,70.66999999999999,1.29,19.84,1260.8178111111115,96.06999999999977,2173.4255083333333,103.332,2.6068,1.952550114184217,10.773,4.97777777777778,79.28888888888888,54.52,8.45,38.89,71.63,0.052762,2.17239,0.21,0.02544,0.048,5.517399999999999,0.15,1.0746949216279624,17.91901554404145,36.75642487046632,0.4966321243523316,0.4116580310880829,7.968341968911917,0.2894300518134715,0.1769430051813471,0.4,34.204093264248705,1.2696891191709845,1.3076761359156732,0.0,0.9170139480555544,0.2884994788888887,1.3481782083333336,9.15713367104166,,22.0,8.0,0.0,214.10645249999985,97.38429215486114,26.272727272727277,28.25
2026-03-12 10:00:00,545.0,217.86914833333324,48.98638888888906,44.65694444444448,72.80055555555568,52.44694444444448,54.04027777777792,53.86972222222242,51.68361111111128,1.1610145763888875,6.143055555555556,4.4194545454545455,0.0119636363636363,95.07518181818182,0.1303636363636363,0.0918545454545454,0.0564363636363636,0.1932727272727272,0.0214727272727272,280.0,11.46080980477567,25.253,105.0,87.58409139508178,0.3727470003563933,1.9274700035639327,0.9550988001425572,1.419413596666666,0.0,0.0,0.0,0.0,0.0,0.0,0.0,0.0,17.578848611111116,4.198439100000002,24.19929133333333,186.25583333333327,198.27555555555568,215.4544444444444,203.9025,215.62416666666653,42.08048494444444,1.0,398.2197222222207,512.8099999999982,673.2952777777748,64.44833333333301,1446.4,2.767650383333334,1211.6149888888897,107918.9125,0.0,0.0,0.0,0.0,0.0,0.0,0.0,0.0,0.0,0.0,0.0,0.0,41.24638888888893,32.58777777777773,31.26472222222224,64.24305555555557,60.0,11.805,6.344,87.19,0.395,6.35,1.005,4.445748075000002,3.857395922426653,50.275,0.1024692192938836,49.0302623570363,0.0209840278468423,2.9430866235703634,0.109878070611636,0.0460614619592242,0.0220204873197414,0.0487593038289408,3.9198822476379913,0.3013072103431128,2.1584564893088016,5109.333355555558,8.2,19.78129012874692,70.66999999999999,1.29,19.84,1271.5963777777783,90.79436111111129,2176.1584944444453,103.412,2.6068,1.952550114184217,10.773,4.97777777777778,79.28888888888888,54.52,8.45,38.89,71.63,0.052762,2.17239,0.21,0.02544,0.048,5.517399999999999,0.15,1.0683344229204086,17.65563636363636,36.69745454545455,0.5654545454545454,0.4287272727272727,7.950727272727273,0.3178181818181818,0.1794545454545454,0.4003636363636363,34.350545454545454,1.3338181818181818,1.2997942481811653,0.0,1.4189743041666667,0.2583990297222221,1.348122136111109,1.182532304375,,22.0,8.0,0.0,213.07210472222243,98.86766215416664,26.272727272727277,28.25
2026-03-12 11:00:00,542.0416666666666,204.91137750000004,49.49500000000004,45.34444444444445,76.34083333333338,53.01416666666687,56.208888888888914,56.01694444444448,52.20083333333326,1.1715469749999994,6.356944444444444,4.388153846153846,0.0101384615384615,94.92267692307692,0.1504615384615384,0.0844153846153846,0.0258153846153846,0.3709230769230769,0.0474153846153846,280.0,11.46252077375946,29.725,105.0,87.58232935239698,0.372874684608915,1.9287468460891504,0.955149873843566,1.437213574999999,0.0,0.0,0.0,0.0,0.0,0.0,0.0,0.0,17.605179194444432,4.074363455555558,24.02295530555556,150.28972222222222,159.9788888888888,183.23305555555547,170.28222222222217,187.6272222222222,42.29389024999999,1.0,398.2980555555564,512.9386111111099,673.3958333333294,65.02166666666697,1469.1076923076923,2.7854455333333354,1214.6264861111115,108101.57222222222,0.0,0.0,0.0,0.0,0.0,0.0,0.0,0.0,0.0,0.0,0.0,0.0,41.88222222222231,32.33722222222218,32.120000000000005,64.00138888888895,60.0,11.805,7.186,87.19,0.395,6.35,1.005,4.484101436111115,3.824308490915832,59.334,0.1013371759867866,48.484076246334304,0.0207425759261131,2.9203798833720973,0.1085621734587251,0.0456813968382377,0.0217907439242255,0.0483454006134762,3.888195301176391,0.2995452185930495,2.136275996898912,5157.736836111109,8.2,19.25257938861476,70.66999999999999,1.29,19.84,1255.1781249999992,93.95563888888871,2196.647902777778,120.816,2.6068,1.952550114184217,10.773,4.97777777777778,79.28888888888888,54.52,8.45,38.89,71.63,0.052762,2.17239,0.21,0.02544,0.048,5.517399999999999,0.15,1.112879614475359,17.991384615384618,37.63076923076923,0.3204615384615384,0.3632307692307692,7.986307692307692,0.1981538461538461,0.1513846153846153,0.4195384615384615,33.81415384615385,0.9953846153846154,1.34906314915649,0.0,1.2664737780555564,0.2656665666666666,1.3482553527777763,1.1377319384722244,,22.0,8.0,0.0,212.49302111111132,97.15075751875,26.272727272727277,28.25
2026-03-12 12:00:00,540.0,202.00729416666707,50.24083333333317,46.09111111111103,78.85416666666656,53.7225,57.80972222222214,68.13083333333321,52.79333333333307,1.1676102091666658,6.5,4.369692307692308,0.0115230769230769,94.91944615384617,0.155076923076923,0.0885692307692307,0.0239692307692307,0.3801538461538462,0.0515692307692307,280.0,11.536526665530756,23.476,105.0,87.50611432952803,0.3783975123530414,1.9839751235304144,0.9573590049412164,1.440145877777777,0.0,0.0,0.0,0.0,0.0,0.0,0.0,0.0,17.985266972222238,4.01219298611111,23.81037824999999,174.9030555555556,184.77388888888893,214.58194444444445,196.3820833333334,211.26944444444464,43.02907755555557,1.0,398.3883333333316,513.1458333333352,673.475555555556,65.71416666666704,1480.1846153846154,2.7885199388888924,1199.871605555559,111045.4647222222,0.0,0.0,0.0,0.0,0.0,0.0,0.0,0.0,0.0,0.0,0.0,0.0,42.56638888888881,34.30444444444437,31.52138888888885,63.81722222222223,60.0,11.805,5.854,87.19,0.395,6.35,1.005,4.462631158333334,3.833255727213836,50.941,0.1014950629159223,48.55819909306845,0.020771873343672,2.9280065173435936,0.1086993188198111,0.0457929761881392,0.0218289393612218,0.0484598653344064,3.897897960385545,0.3005034059009443,2.140126813372333,5275.803372222224,8.2,19.40684075059164,70.66999999999999,1.29,19.84,1286.991605555556,96.06999999999977,2195.046194444444,103.823,2.6068,1.952550114184217,10.773,4.97777777777778,79.28888888888888,54.52,8.45,38.89,71.63,0.052762,2.17239,0.21,0.02544,0.048,5.517399999999999,0.15,1.1187443171485725,18.30523076923077,37.53846153846154,0.3250769230769231,0.3955384615384615,7.949384615384615,0.1796923076923077,0.1652307692307692,0.4149230769230769,33.55569230769231,0.9492307692307692,1.3556520875299003,0.0,1.1672260822222205,0.272535673611111,1.3481161083333322,1.2130115524305538,,22.0,8.0,0.0,216.41226444444413,96.7659664770834,26.272727272727277,28.25
2026-03-12 13:00:00,536.0555555555555,208.7804758333328,51.493055555555465,46.603333333333424,80.73833333333337,54.33277777777785,57.25138888888914,65.04138888888896,53.28222222222226,1.1634427080555552,6.143055555555556,4.351230769230769,0.0129076923076923,94.91621538461538,0.1596923076923077,0.0927230769230769,0.0221230769230769,0.3893846153846154,0.0557230769230769,280.0,11.51686106772682,28.172,105.0,87.52636696010224,0.3769299304273747,1.9692993042737472,0.95677197217095,1.440509155555555,0.0,0.0,0.0,0.0,0.0,0.0,0.0,0.0,17.989704222222198,3.931656711111109,23.628954916666626,192.0655555555556,209.8888888888889,236.6,217.78854166666667,232.5997222222221,43.22681844444445,1.0,398.544166666669,513.3602777777751,673.6141666666718,66.21111111111105,1491.2615384615383,2.788604280555558,1168.2630722222218,109772.7608333333,0.0,0.0,0.0,0.0,0.0,0.0,0.0,0.0,0.0,0.0,0.0,0.0,42.78277777777765,34.4874999999998,31.262222222222253,64.80888888888892,60.0,11.805,7.136,87.19,0.395,6.35,1.005,4.44342064166667,3.763707751778872,58.464000000000006,0.1008878968253968,48.28981509989053,0.0206947181171319,2.86250530240832,0.108548132183908,0.044888820470717,0.02163214969896,0.0475594896004378,3.817733477011494,0.2910400588396278,2.1191759031198685,5193.217119444452,8.2,18.956089915761257,70.66999999999999,1.29,19.84,1272.7590361111115,90.79436111111129,2171.71757222222,121.87,2.6068,1.952550114184217,10.773,4.97777777777778,79.28888888888888,54.52,8.45,38.89,71.63,0.052762,2.17239,0.21,0.02544,0.048,5.517399999999999,0.15,1.1246090198217855,18.619076923076925,37.44615384615384,0.3296923076923077,0.4278461538461538,7.912461538461539,0.1612307692307692,0.179076923076923,0.4103076923076922,33.29723076923077,0.9030769230769232,1.3622410259033109,0.0,1.046170957499999,0.2770664569444443,1.3481149333333315,1.313382807847221,,22.0,8.0,0.0,208.75803638888897,97.6634130479166,26.272727272727277,28.25
2026-03-12 14:00:00,535.0,189.26767250000003,52.86944444444455,46.78361111111091,82.76222222222219,54.5008333333332,56.65861111111111,61.16277777777772,53.538611111111166,1.156575444166667,6.713888888888889,4.3892,0.013,94.77264,0.16616,0.09916,0.0203199999999999,0.4796,0.05992,280.0,11.46768170607863,27.572000000000003,105.0,87.57701436239662,0.373259828811838,1.932598288118381,0.9553039315247353,1.4370604861111114,0.0,0.0,0.0,0.0,0.0,0.0,0.0,0.0,18.030212944444408,3.7694026361111095,23.615162472222213,162.11138888888894,166.34249999999992,194.31361111111116,180.2386805555556,198.18722222222215,43.29718158333334,1.0,398.6413888888892,513.4413888888879,673.689166666669,66.47250000000004,1488.64,2.785204394444444,1183.811319444442,109543.12500000006,0.0,0.0,0.0,0.0,0.0,0.0,0.0,0.0,0.0,0.0,0.0,0.0,42.54749999999999,34.15305555555573,30.097222222222197,68.4102777777776,60.0,11.805,7.463,87.19,0.395,6.35,1.005,4.445049427777781,3.756898930784149,58.267,0.1011576020732146,48.426907683594486,0.0207670894331268,2.8527919748742856,0.1090189300976539,0.0447807506822043,0.0216660202172756,0.0474657009971338,3.807366948701667,0.289043918513052,2.121892323270462,5183.637997222222,8.2,18.781272984200868,70.66999999999999,1.29,19.84,1271.836736111111,99.2312777777772,2187.415925000001,123.524,2.6068,1.952550114184217,10.773,4.97777777777778,79.28888888888888,54.52,8.45,38.89,71.63,0.052762,2.17239,0.21,0.02544,0.048,5.517399999999999,0.15,1.1229652382379385,18.7632,37.4288,0.3188,0.4188,7.8596,0.16,0.208,0.4155999999999999,33.3304,0.8944,1.358776210351306,0.0,1.1114921338888897,0.2804850127777777,1.3482257833333304,1.226546272638889,,22.0,8.0,0.0,209.99104333333332,95.07796660625,26.272727272727277,28.25
2026-03-12 15:00:00,532.75,194.6423802777776,53.828888888888734,46.98222222222227,82.43555555555571,54.85527777777751,56.44805555555558,59.55333333333322,53.92222222222204,1.1773943144444434,6.286111111111111,4.397142857142857,0.0131142857142857,94.696,0.1712285714285714,0.1029714285714285,0.0191142857142857,0.5374285714285715,0.063,280.0,11.466929479418884,19.824,105.0,87.57778904358354,0.3732036924939467,1.932036924939467,0.9552814769975786,1.4664278666666668,0.0,0.0,0.0,0.0,0.0,0.0,0.0,0.0,17.812258666666658,4.089273113888888,23.716387222222192,207.92861111111097,218.4777777777777,243.4980555555557,230.16347222222225,250.7494444444445,42.89377474999996,1.0,398.78277777777816,513.566388888892,673.776111111106,66.63555555555564,1487.142857142857,2.814388699999996,1185.8493944444451,108625.13666666666,0.0,0.0,0.0,0.0,0.0,0.0,0.0,0.0,0.0,0.0,0.0,0.0,42.17166666666658,34.08416666666673,29.595277777777746,69.6208333333332,60.0,11.805,5.204,87.19,0.395,6.35,1.005,4.488227883333334,3.795215122910044,41.209,0.1015482054890922,48.60261156543474,0.0208232182290276,2.8883161445315344,0.1091849838627484,0.0452755466038972,0.0217834938969642,0.0479607852653546,3.851102914411901,0.2940752748186076,2.1342473731466427,5155.809308333335,8.2,18.090981870269044,70.66999999999999,1.29,19.84,1235.8198277777776,92.94472172222235,2172.6632638888896,88.969,2.6068,1.952550114184217,10.773,4.97777777777778,79.28888888888888,54.52,8.45,38.89,71.63,0.052762,2.17239,0.21,0.02544,0.048,5.517399999999999,0.15,1.1257789736816093,18.86342857142857,37.50228571428572,0.3031428571428571,0.4031428571428571,7.818857142857143,0.1588571428571428,0.222,0.42,33.314,0.8877142857142857,1.3604855618152671,0.0,0.9708405894444436,0.2890335497222224,1.3481595111111102,1.196234385,,22.0,8.0,0.0,207.56655583333355,95.79011538680552,26.272727272727277,28.25
2026-03-12 16:00:00,532.0,201.27820222222215,54.06916666666686,47.20000000000011,82.1775000000001,55.433055555555335,56.26527777777755,59.203055555555565,54.349722222222105,1.1574081075000004,6.0,4.311428571428571,0.0135428571428571,94.831,0.1720857142857143,0.0991142857142857,0.0195428571428571,0.4902857142857143,0.063,280.0,11.469072944113162,28.844,105.0,87.58324192206352,0.4025617112744418,2.002468450977673,0.9476851338233254,1.4303121444444449,0.0,0.0,0.0,0.0,0.0,0.0,0.0,0.0,17.814646305555513,4.003407941666665,23.712794361111143,142.40222222222204,162.8622222222222,191.62888888888887,174.1759027777777,199.8102777777778,42.89696358333335,1.0,399.0150000000027,513.7238888888855,673.9630555555557,67.02555555555547,1491.428571428571,2.778493016666664,1202.0840944444446,109337.85166666664,0.0,0.0,0.0,0.0,0.0,0.0,0.0,0.0,0.0,0.0,0.0,0.0,41.984166666666674,33.38944444444444,28.453888888888876,69.02027777777765,60.0,11.805,7.261,87.19,0.395,6.35,1.005,4.47951937222222,3.79420693037493,59.131,0.1021980010485194,48.92560636552738,0.0209820229659569,2.880762205949502,0.1101544367590603,0.0452233177182865,0.021886962845208,0.0479364461957348,3.8449018281442897,0.2917977710507179,2.1434831137643537,5197.533152777775,8.22,17.9942692658848,71.08000000000001,1.05,19.65,1276.9400055555548,89.39999000000078,2203.6398583333325,122.409,2.58,1.945518453427065,11.07,4.97777777777778,79.28888888888888,54.21,8.44,38.89,71.63,0.048,2.29,0.21,0.028,0.054,5.69,0.16,1.1423257617871645,18.876285714285714,37.810857142857145,0.2774285714285714,0.3774285714285714,7.814571428571428,0.1545714285714285,0.192,0.42,33.104,0.8791428571428571,1.3783987170941994,0.0,1.0988498602777783,0.2729040199999999,1.3480841805555552,1.2029811255555545,,22.0,8.0,0.0,213.08347583333324,96.66936179444444,26.272727272727277,28.25
2026-03-12 17:00:00,532.0,199.87342138888908,53.65555555555575,47.281666666666425,82.13388888888917,55.85833333333317,55.839722222221816,58.44861111111085,54.55944444444448,1.1616800944444434,6.0,4.225714285714285,0.0139714285714285,94.966,0.1729428571428571,0.0952571428571428,0.0199714285714285,0.4431428571428571,0.063,280.0,11.46468882602546,25.452,105.0,87.5878253182461,0.40249528524281,1.9998114097124,0.94748585572843,1.4299188750000005,0.0,0.0,0.0,0.0,0.0,0.0,0.0,0.0,17.66027755555554,4.134685266666667,24.21612213888887,186.93416666666667,213.77777777777783,229.1550000000001,217.94611111111112,241.91749999999988,42.17458294444448,1.0,399.2672222222217,513.9069444444428,674.1541666666701,67.295,1495.7142857142858,2.7778902361111166,1210.4883555555546,110349.4572222222,0.0,0.0,0.0,0.0,0.0,0.0,0.0,0.0,0.0,0.0,0.0,0.0,41.561666666666696,33.42916666666653,29.74805555555552,70.05416666666665,60.0,11.805,6.127,87.19,0.395,6.35,1.005,4.443377213888888,3.8001298265027854,50.606,0.1027180571473738,49.180920641821125,0.0211023198830178,2.8816438762202106,0.110858277674584,0.0452724973323321,0.0219793305141682,0.0480050982096984,3.848145476820931,0.2910816503971861,2.152051140181006,5182.748397222224,8.22,17.86868187343258,71.08000000000001,1.05,19.65,1287.636130555555,89.39999000000078,2193.84877777778,104.357,2.58,1.945518453427065,11.07,4.97777777777778,79.28888888888888,54.21,8.44,38.89,71.63,0.048,2.29,0.21,0.028,0.054,5.69,0.16,1.1588725498927197,18.889142857142858,38.11942857142857,0.2517142857142857,0.3517142857142857,7.810285714285714,0.1502857142857142,0.162,0.42,32.894000000000005,0.8705714285714286,1.3963118723731318,0.0,0.8461902211111114,0.2682388141666667,1.3479431333333334,1.21904015736111,,22.0,8.0,0.0,216.01177583333325,96.4832283340278,26.272727272727277,28.25
2026-03-12 18:00:00,533.5277777777778,182.46773111111156,53.19000000000016,47.36194444444424,84.23111111111109,55.91416666666639,55.53277777777772,58.526944444444666,54.633333333333454,1.1025188608333332,6.713888888888889,4.352363636363637,0.013490909090909,94.98772727272728,0.1612909090909091,0.0929636363636363,0.0281454545454545,0.3178181818181818,0.0462,280.0,11.468987740805606,25.695,105.0,87.5833309982487,0.4025604203152363,2.0024168126094573,0.9476812609457091,1.383600711111111,0.0,0.0,0.0,0.0,0.0,0.0,0.0,0.0,17.690224638888886,3.8972238000000017,23.930748472222245,168.23444444444442,182.73722222222216,201.0980555555556,189.00291666666664,203.9419444444445,42.50231441666669,1.0,399.31499999999903,513.9641666666666,674.1130555555593,67.42277777777797,1484.290909090909,2.7320239277777825,1192.4082777777778,109703.65861111112,0.0,0.0,0.0,0.0,0.0,0.0,0.0,0.0,0.0,0.0,0.0,0.0,40.8405555555556,33.14527777777767,26.145555555555564,74.82805555555565,60.0,11.805,5.833,87.19,0.395,6.35,1.005,4.404179041666668,3.7929701828135696,51.145,0.1027777886401407,49.21396206862841,0.0211240590478052,2.873675041548539,0.1110230521067553,0.0451721575911623,0.0219788053573174,0.047910313813667,3.838957669371395,0.2897101965001467,2.151664874376772,5142.776158333333,8.22,18.246417790684497,71.08000000000001,1.05,19.65,1327.1305472222225,99.99805269444374,2208.595666666667,103.778,2.58,1.945518453427065,11.07,4.97777777777778,79.28888888888888,54.21,8.44,38.89,71.63,0.048,2.29,0.21,0.028,0.054,5.69,0.16,1.1298805613357383,18.67109090909091,37.61563636363636,0.306,0.4009090909090909,7.759090909090909,0.2009090909090909,0.1803636363636363,0.4098181818181818,33.30254545454546,1.0583636363636364,1.3629233900455051,0.0,0.9422646686111088,0.2810818255555556,1.348217436111111,1.2596572343055563,,22.0,8.0,0.0,215.76676972222236,94.17697437222228,26.272727272727277,28.25
2026-03-12 19:00:00,536.7,205.7591197222225,52.69694444444455,47.27972222222221,86.14916666666646,55.67222222222226,54.60972222222211,58.07472222222228,54.6008333333333,1.1381525944444435,6.283333333333333,4.483428571428572,0.013,94.99622857142856,0.1491428571428571,0.0909142857142857,0.0361714285714285,0.2008571428571428,0.0302571428571428,280.0,11.46988860439597,30.073,105.0,87.5823891863133,0.4025740697635753,2.002962790543012,0.9477222092907258,1.432027350000001,0.0,0.0,0.0,0.0,0.0,0.0,0.0,0.0,18.00139916666665,3.864060894444446,24.073278388888887,185.49444444444453,195.8741666666666,223.7608333333335,209.79395833333345,234.04638888888903,42.78533519444443,1.0,399.415555555554,514.0225000000006,674.1713888888938,67.43416666666684,1472.2285714285715,2.780064375,1208.2195694444458,110334.71388888896,0.0,0.0,0.0,0.0,0.0,0.0,0.0,0.0,0.0,0.0,0.0,0.0,40.02361111111109,33.418888888888794,26.05055555555553,76.93472222222232,60.0,11.805,6.634,87.19,0.395,6.35,1.005,4.309313802777781,3.7928073416063546,59.551,0.1030904602777451,49.36922940001008,0.0212001477724975,2.870371950093197,0.1114860875552048,0.0451513828483148,0.0220290507296267,0.0479028227905492,3.836366811640443,0.2886672935802925,2.1561653036892747,5063.356822222226,8.22,19.207358096061142,71.08000000000001,1.05,19.65,1284.4928416666671,93.3487571388881,2189.998927777778,120.943,2.58,1.945518453427065,11.07,4.97777777777778,79.28888888888888,54.21,8.44,38.89,71.63,0.048,2.29,0.21,0.028,0.054,5.69,0.16,1.1030896953169884,18.44542857142857,37.15714285714286,0.366,0.4508571428571428,7.694571428571429,0.25,0.1991428571428571,0.4017142857142857,33.68514285714286,1.24,1.3315136672958992,0.0,0.9882595849999996,0.2938747805555556,1.348114947222222,1.2382603204861111,,22.0,8.0,0.0,215.1324205555554,97.26308336319448,26.272727272727277,28.25
2026-03-12 20:00:00,537.0388888888889,191.1049266666667,52.11444444444458,46.99277777777763,89.00861111111125,55.013888888888886,54.36055555555557,57.38500000000009,54.35805555555552,1.1710823980555551,6.716666666666667,4.517714285714285,0.013,94.95851428571429,0.1405714285714285,0.0900571428571428,0.0378857142857142,0.2094285714285714,0.0328285714285714,280.0,11.46745612660608,25.528,105.0,87.58493223127546,0.4025372140394861,2.001488561579442,0.9476116421184582,1.4718347277777777,0.0,0.0,0.0,0.0,0.0,0.0,0.0,0.0,17.94632583333335,3.7653115527777783,23.725863333333336,193.23500000000007,204.57416666666677,230.1438888888889,216.6175694444445,238.5172222222223,43.06692999999998,1.0,399.4530555555538,513.9236111111076,674.1563888888921,67.30972222222195,1464.5142857142855,2.8200593027777803,1212.6966166666682,109272.70277777784,0.0,0.0,0.0,0.0,0.0,0.0,0.0,0.0,0.0,0.0,0.0,0.0,39.11055555555546,33.7402777777777,29.04999999999995,76.79777777777765,60.0,11.805,5.476,87.19,0.395,6.35,1.005,4.339510052777778,3.771701639992096,50.61,0.1026783244418099,49.17467832444181,0.0211213989330171,2.852779490219324,0.1111040110650069,0.0448905354672989,0.0219325429756965,0.0476334914048607,3.813782849239281,0.2865360205492985,2.1465066192452085,5048.04945,8.22,19.030659130324132,71.08000000000001,1.05,19.65,1239.3556611111103,99.58225286111148,2193.490930555557,103.611,2.58,1.945518453427065,11.07,4.97777777777778,79.28888888888888,54.21,8.44,38.89,71.63,0.048,2.29,0.21,0.028,0.054,5.69,0.16,1.1253838599968091,18.299714285714284,37.62857142857143,0.426,0.4594285714285714,7.540285714285715,0.25,0.1905714285714285,0.4188571428571428,33.43657142857143,1.24,1.3508924049241264,0.0,0.709758390555555,0.3007523105555556,1.3482566194444427,1.2069438834027766,,22.0,8.0,0.0,211.27430916666648,95.32140278333334,26.272727272727277,28.25
2026-03-12 21:00:00,538.7888888888889,209.77545083333345,51.2041666666666,46.739166666666726,91.1416666666666,54.173055555555806,54.97944444444459,56.380277777777785,53.88666666666634,1.1564259324999997,6.283333333333333,4.454666666666667,0.0120666666666666,94.75253333333332,0.168,0.0993333333333333,0.0230666666666666,0.434,0.0563333333333333,280.0,11.472392507951469,25.467,105.0,87.57977146895983,0.4026120076962343,2.0044803078493736,0.9478360230887029,1.440290355555556,0.0,0.0,0.0,0.0,0.0,0.0,0.0,0.0,17.530526916666666,3.9139339305555545,23.479890527777787,195.3052777777779,185.4830555555556,210.4827777777778,203.3054166666668,221.9505555555557,42.74720458333333,1.0,399.4811111111109,514.0169444444465,674.2580555555516,67.06361111111136,1474.2666666666669,2.78868060833333,1189.2969472222237,110724.89722222218,0.0,0.0,0.0,0.0,0.0,0.0,0.0,0.0,0.0,0.0,0.0,0.0,38.81249999999986,35.02277777777778,29.82666666666667,74.03083333333345,60.0,11.805,5.104,87.19,0.395,6.35,1.005,4.269771766666668,3.922397301014907,53.798,0.100044053682293,47.795747239674334,0.020329454626566,3.034315959701104,0.1056042603814268,0.0470842782259563,0.0217212907543031,0.0496521060262463,4.017703074463735,0.3198774303877467,2.1346908807018847,5033.773313888887,8.22,19.463595654669263,71.08000000000001,1.05,19.65,1284.498830555556,92.7830000000005,2167.0408138888884,100.699,2.58,1.945518453427065,11.07,4.97777777777778,79.28888888888888,54.21,8.44,38.89,71.63,0.048,2.29,0.21,0.028,0.054,5.69,0.16,1.123102360640577,18.29,37.576,0.29,0.4226666666666666,7.95,0.2126666666666666,0.1713333333333333,0.392,33.45733333333333,1.1373333333333333,1.3607174484415832,0.0,0.8521146899999985,0.2838644197222224,1.3481842083333309,1.1803057615972212,,22.0,8.0,0.0,213.1992041666668,97.79524723541668,26.272727272727277,28.25
2026-03-12 22:00:00,532.8,200.3852841666667,50.169444444444174,46.19944444444443,90.56750000000017,53.58138888888913,54.40861111111111,55.67055555555563,53.2255555555556,1.1845967486111102,6.0,4.453862068965518,0.0127724137931034,94.6163448275862,0.1862206896551724,0.1034758620689655,0.0181379310344827,0.5388275862068965,0.0703586206896551,280.0,11.46918701952514,29.398,105.0,87.58312266140555,0.4025634396897748,2.0025375875909925,0.9476903190693244,1.4742831722222225,0.0,0.0,0.0,0.0,0.0,0.0,0.0,0.0,18.089506999999998,3.61439845555556,23.56503219444445,173.72444444444452,174.6552777777778,188.60500000000025,185.6629166666668,205.6669444444445,43.42630399999998,1.0,399.53027777777817,514.0638888888917,674.4344444444445,66.79166666666643,1482.7241379310344,2.822434316666667,1191.0059472222222,109524.9613888888,0.0,0.0,0.0,0.0,0.0,0.0,0.0,0.0,0.0,0.0,0.0,0.0,38.64555555555557,34.98638888888875,30.48527777777771,75.13472222222241,60.0,11.805,6.349,87.19,0.395,6.35,1.005,4.336068002777777,4.407418962787648,62.533,0.2029013480882094,59.08025026785858,0.027755968848448,4.467442630291205,0.1098477923656309,0.1170289287256328,0.0235869221051284,0.0697762621335934,5.4640995954136224,0.3349018918011289,2.649832888235012,5056.279597222224,8.22,17.746120765800114,71.08000000000001,1.05,19.65,1240.774202777776,88.56000000000056,2210.8024388888875,117.767,2.58,1.945518453427065,11.07,4.97777777777778,79.28888888888888,54.21,8.44,38.89,71.63,0.048,2.29,0.21,0.028,0.054,5.69,0.16,1.136937825759686,18.506275862068964,37.75537931034483,0.2452413793103448,0.3891034482758621,7.937517241379311,0.2022758620689655,0.17,0.3977241379310345,33.2128275862069,1.0797931034482755,1.375933265354874,0.0,0.9981336977777784,0.2896864136111109,1.3483198999999977,1.162584244583333,,22.0,8.0,0.0,208.4868777777777,96.55105015208336,26.272727272727277,28.25
2026-03-12 23:00:00,539.0611111111111,191.71062444444453,49.3325000000002,45.751944444444575,76.923611111111,53.42638888888885,53.83722222222193,55.82472222222185,52.72527777777792,1.181866366666667,6.716666666666667,4.458,0.0136,94.486,0.2036,0.1072,0.014,0.634,0.0836,280.0,11.466682300163132,29.424,105.0,87.58574123164763,0.4025254893964111,2.001019575856444,0.9475764681892332,1.4640320694444455,0.0,0.0,0.0,0.0,0.0,0.0,0.0,0.0,18.459587388888856,3.772681972222224,23.32925880555555,168.46027777777778,166.30444444444444,191.70305555555552,182.73625,204.47722222222225,44.17422638888889,1.0,399.6030555555578,514.0852777777804,674.64305555556,66.56305555555569,1491.0,2.812315075000001,1209.807558333333,109172.84416666662,0.0,0.0,0.0,0.0,0.0,0.0,0.0,0.0,0.0,0.0,0.0,0.0,39.34916666666652,35.430000000000064,35.002777777777816,58.61138888888893,60.0,11.805,6.699,87.19,0.395,6.35,1.005,4.358216499999998,4.411384359613786,62.556,0.2033253404949165,59.06117974295032,0.0277566979985932,4.478587825308524,0.1096115160815909,0.1174574780996227,0.0235721753309035,0.0699103683099942,5.475144350661807,0.3357278918089391,2.650567491527591,5062.53701111111,8.22,19.00170740892826,71.08000000000001,1.05,19.65,1244.3199194444437,99.116611111111,2193.54925,117.044,2.58,1.945518453427065,11.07,4.97777777777778,79.28888888888888,54.21,8.44,38.89,71.63,0.048,2.29,0.21,0.028,0.054,5.69,0.16,1.152049888668034,18.738,37.954,0.208,0.356,7.892,0.194,0.17,0.4059999999999999,32.948,1.026,1.3915828808480242,0.0,0.9725791552777776,0.282165681111111,1.3481691361111117,1.1943417784722234,,22.0,8.0,0.0,211.54527305555536,95.4016577388889,26.272727272727277,28.25
2026-03-13 00:00:00,534.2222222222222,196.6163916666669,48.71305555555582,45.28444444444444,71.46000000000011,53.591666666666825,53.77166666666661,55.45999999999977,52.48166666666669,1.166333028888889,6.283333333333333,4.444,0.0136,94.5268,0.2076,0.107,0.016,0.6040000000000001,0.081,280.0,11.362141932446749,25.491,105.0,87.71269742261975,0.3801070966223372,1.8516064493350592,0.925160644933506,1.452511647222222,0.0,0.0,0.0,0.0,0.0,0.0,0.0,0.0,17.942370888888874,3.7430073472222247,23.48637663888886,193.2905555555556,196.33055555555552,227.41111111111115,210.4571527777778,224.7963888888889,43.3112554166667,1.0,399.63694444444536,514.0863888888921,674.9330555555551,66.30416666666632,1496.0,2.8005561250000004,1169.1098361111106,108146.6219444444,0.0,0.0,0.0,0.0,0.0,0.0,0.0,0.0,0.0,0.0,0.0,0.0,39.55944444444446,32.41916666666665,35.242499999999986,56.72722222222235,60.0,11.755,5.76,87.225,0.42,6.550000000000001,1.02,4.391741741666667,4.396862489768584,53.756,0.1457165711734503,59.109881129548334,0.0204903638663591,4.749774908847384,0.091522806756455,0.1241202842473398,0.0161075600863159,0.0709622739787186,5.25785716943225,0.3239776211027606,2.849879083265124,5054.713066666668,8.04,18.222243332673635,71.15999999999998,1.04,19.76,1243.3621666666672,92.67916666666666,2186.414080555553,99.614,2.58,1.927667269439421,10.66,5.022222222222225,79.86555555555555,54.38,8.0,38.89,71.63,0.049,2.32,0.22,0.029,0.051,5.53,0.16,1.1541337567651462,18.914,37.924,0.202,0.362,7.856,0.194,0.178,0.434,32.86,0.956,1.3932120986634509,0.0,0.9513455080555556,0.2861786202777779,1.3480262916666697,1.1897383702777784,,22.0,8.0,0.0,205.38059833333335,96.05167189583338,26.272727272727277,28.25
2026-03-13 01:00:00,536.3472222222222,205.30607500000076,48.30888888888888,44.89499999999975,71.61805555555563,53.48916666666669,55.20444444444452,54.80944444444453,52.29055555555527,1.1752426355555567,6.358333333333333,4.413032258064516,0.0128258064516129,94.72770322580644,0.1990838709677419,0.1031290322580645,0.0237419354838709,0.4569032258064516,0.0635806451612903,280.0,11.362874576271183,29.5,105.0,87.71190983050847,0.3801437288135593,1.8521559322033896,0.925215593220339,1.4472592777777789,0.0,0.0,0.0,0.0,0.0,0.0,0.0,0.0,18.31216258333335,3.8840824527777777,23.807123194444426,153.8275,155.32000000000014,174.0716666666666,167.14722222222227,185.36972222222232,43.47620038888889,1.0,399.7163888888889,514.1924999999978,675.3874999999999,66.08999999999995,1497.9354838709678,2.795713502777775,1217.585847222222,109833.52666666658,0.0,0.0,0.0,0.0,0.0,0.0,0.0,0.0,0.0,0.0,0.0,0.0,39.406111111110896,31.331388888888892,35.8194444444444,58.09749999999997,60.0,11.755,7.157,87.225,0.42,6.550000000000001,1.02,4.321367344444444,4.4481684759148825,62.54900000000001,0.1449708228748661,59.06168683751938,0.0204165374346512,4.75064605349406,0.0918123391261251,0.1228777438488225,0.0162570304880973,0.0710853570800492,5.271340868758892,0.3313363922684615,2.8550608323074704,5052.28057777778,8.04,19.254715788072986,71.15999999999998,1.04,19.76,1267.0051083333333,93.78541666666666,2195.0399361111117,116.764,2.58,1.927667269439421,10.66,5.022222222222225,79.86555555555555,54.38,8.0,38.89,71.63,0.049,2.32,0.22,0.029,0.051,5.53,0.16,1.144029958748522,19.037870967741934,37.68012903225807,0.2252258064516129,0.4045806451612903,7.828903225806451,0.2017419354838709,0.1934838709677419,0.4804516129032258,32.93741935483871,0.8708387096774194,1.3817254605868137,0.0,1.144000799444444,0.2720166644444445,1.34834760277778,8.826756978888888,,22.0,8.0,0.0,215.26894749999988,97.2030549375001,26.272727272727277,28.25
2026-03-13 02:00:00,531.8333333333334,192.79642277777776,48.02694444444449,44.52972222222212,69.58444444444434,53.0622222222222,58.84444444444437,53.70388888888891,51.95111111111098,1.1850379888888884,6.5,4.382064516129033,0.0120516129032258,94.92860645161292,0.1905677419354838,0.099258064516129,0.0314838709677419,0.3098064516129032,0.0461612903225806,280.0,11.362902688555792,25.218,105.0,87.71187960980252,0.3801451344277896,1.852177016416845,0.9252177016416844,1.47817613888889,0.0,0.0,0.0,0.0,0.0,0.0,0.0,0.0,17.891589888888912,3.815530130555558,24.11993638888889,218.9238888888889,216.6455555555556,239.4141666666665,231.1969444444444,249.80416666666653,42.587942277777785,1.0,399.8069444444453,514.3380555555544,675.8794444444443,65.79972222222246,1499.8709677419354,2.8262682805555563,1191.1156805555545,109964.56361111108,0.0,0.0,0.0,0.0,0.0,0.0,0.0,0.0,0.0,0.0,0.0,0.0,39.27083333333346,31.524444444444462,39.76583333333335,51.96694444444443,60.0,11.755,6.185,87.225,0.42,6.550000000000001,1.02,4.304735186111109,4.430917526356486,53.023,0.1452222620372291,59.10460385115893,0.0204176489447975,4.73215038756766,0.0919932859325198,0.1224949550195198,0.0161964430530147,0.0709242781434471,5.248293759311997,0.3284374328121757,2.8545367104841293,5040.847150000001,8.04,18.484357033819432,71.15999999999998,1.04,19.76,1241.4479277777773,95.875,2193.1526083333342,100.202,2.58,1.927667269439421,10.66,5.022222222222225,79.86555555555555,54.38,8.0,38.89,71.63,0.049,2.32,0.22,0.029,0.051,5.53,0.16,1.1339261607318976,19.16174193548387,37.43625806451613,0.2484516129032258,0.4471612903225807,7.801806451612903,0.2094838709677419,0.2089677419354838,0.5269032258064517,33.01483870967742,0.7856774193548387,1.3702388225101767,0.0,0.8562331561111087,0.2931381286111108,1.3480745305555566,24.91108137569445,,22.0,8.0,0.0,209.8683819444444,95.54552601805555,26.272727272727277,28.25
2026-03-13 03:00:00,538.4583333333334,188.10375805555563,48.0152777777778,44.48222222222222,75.97055555555563,53.11777777777795,60.13388888888876,53.41166666666657,51.87833333333322,1.1543434177777772,6.858333333333333,4.45,0.012,94.8286,0.204,0.1011,0.0313,0.328,0.045,280.0,11.36053088229468,25.241,105.0,87.71442930153324,0.3800265441147339,1.8503981617210092,0.9250398161721012,1.4482953583333324,0.0,0.0,0.0,0.0,0.0,0.0,0.0,0.0,18.333212805555537,3.919584311111107,23.961685305555555,152.96222222222215,156.57166666666674,186.13666666666677,172.47534722222224,194.23083333333332,43.34249719444442,1.0,399.9144444444437,514.5616666666685,676.3155555555545,65.78499999999991,1481.8,2.7964248666666687,1222.7029500000017,109689.61333333347,0.0,0.0,0.0,0.0,0.0,0.0,0.0,0.0,0.0,0.0,0.0,0.0,39.168055555555576,29.91027777777773,35.27277777777778,63.903333333333286,60.0,11.755,6.168,87.225,0.42,6.550000000000001,1.02,4.318961797222223,4.45000646166711,52.618,0.1449435554373028,59.03864038922041,0.020432817666958,4.765205443004295,0.0916005929529818,0.1234721958265232,0.0162706298224942,0.0711852978068341,5.286600022805883,0.3319389562507127,2.854274202744308,5044.493736111109,8.04,19.028654541465865,71.15999999999998,1.04,19.76,1265.451338888889,94.59693330901288,2206.420716666666,100.476,2.58,1.927667269439421,10.66,5.022222222222225,79.86555555555555,54.38,8.0,38.89,71.63,0.049,2.32,0.22,0.029,0.051,5.53,0.16,1.105256437539902,18.939,36.993,0.271,0.45,7.758,0.273,0.217,0.495,33.475,1.011,1.3370373401869464,0.0,1.123054142777776,0.2939519377777779,1.348185472222224,24.920142355347217,,22.0,8.0,0.0,216.0689558333333,94.92374794236112,26.272727272727277,28.25
2026-03-13 04:00:00,540.0,207.6206322222223,47.82361111111117,44.21138888888912,74.78611111111117,53.97916666666689,58.710000000000086,52.91722222222219,51.64833333333344,1.1788072961111111,6.283333333333333,4.456,0.0128,94.7956,0.21,0.1032,0.0334,0.344,0.045,280.0,11.361470239506758,29.519,105.0,87.71341949253025,0.3800735119753379,1.8511026796300685,0.9251102679630068,1.4759535583333332,0.0,0.0,0.0,0.0,0.0,0.0,0.0,0.0,18.31194547222221,3.844200094444444,23.941430694444485,162.98194444444445,165.6636111111111,196.34833333333333,182.65840277777775,205.6397222222222,43.34150869444443,1.0,400.0544444444464,514.8074999999994,676.7572222222195,65.61638888888875,1475.6,2.8240096583333347,1224.3642,109090.08999999994,0.0,0.0,0.0,0.0,0.0,0.0,0.0,0.0,0.0,0.0,0.0,0.0,39.08638888888892,30.568055555555475,35.839166666666614,66.2105555555556,60.0,11.755,7.172,87.225,0.42,6.550000000000001,1.02,4.347144458333331,4.452132245849112,61.794,0.144913098359064,59.05371686571512,0.0204146033595494,4.753607146324886,0.0917904650936984,0.1229090202932323,0.0162702204097485,0.0711138945528692,5.275325759782503,0.3319724245072337,2.855267501699194,5049.746386111113,8.04,19.24210717716204,71.15999999999998,1.04,19.76,1235.3578138888886,92.67916666666666,2200.727955555556,116.872,2.58,1.927667269439421,10.66,5.022222222222225,79.86555555555555,54.38,8.0,38.89,71.63,0.049,2.32,0.22,0.029,0.051,5.53,0.16,1.0919738133008274,18.84,36.806,0.264,0.446,7.736000000000001,0.3,0.212,0.488,33.706,1.102,1.321488428952884,0.0,1.1408950736111103,0.2971462424999999,1.348180658333334,26.52630679458332,,22.0,8.0,0.0,213.42435972222216,97.50973376944444,26.272727272727277,28.25
2026-03-13 05:00:00,535.7222222222222,193.3476722222222,47.54249999999994,43.82833333333324,77.04472222222235,54.372499999999945,57.60250000000004,51.94222222222229,51.17388888888895,1.1905324805555566,6.716666666666667,4.416,0.01395,94.80725,0.2095,0.1054,0.03615,0.365,0.04675,280.0,11.363270319853235,25.074,105.0,87.71148440615778,0.3801635159926617,1.852452739889926,0.9252452739889928,1.4959970083333332,0.0,0.0,0.0,0.0,0.0,0.0,0.0,0.0,18.236328555555552,3.995161388888888,24.206235861111125,225.50083333333325,217.1911111111112,247.4586111111112,238.04763888888897,262.0400000000002,42.96550405555557,1.0,400.1166666666685,515.0783333333358,677.178888888889,65.36166666666678,1478.05,2.844095583333338,1195.4183611111107,107969.2102777778,0.0,0.0,0.0,0.0,0.0,0.0,0.0,0.0,0.0,0.0,0.0,0.0,38.721944444444674,31.514999999999947,32.30972222222222,68.56333333333326,60.0,11.755,6.067,87.225,0.42,6.550000000000001,1.02,4.3733427194444445,4.404770941189616,53.698,0.1456002085738761,59.04793716711981,0.020527375321241,4.787057804759954,0.0909994785653096,0.1255625907855041,0.0161516816268762,0.0712255205035569,5.297718164549891,0.32597860255503,2.848191738984692,5028.185761111114,8.04,19.15511501011572,71.15999999999998,1.04,19.76,1204.7311638888898,99.07083333333334,2173.1137111111084,100.462,2.58,1.927667269439421,10.66,5.022222222222225,79.86555555555555,54.38,8.0,38.89,71.63,0.049,2.32,0.22,0.029,0.051,5.53,0.16,1.0906556034934547,18.852,36.804,0.2415,0.439,7.735,0.298,0.2,0.4985,33.745,1.086,1.3198768760463797,0.0,0.8775511372222234,0.3054645188888888,1.3481390555555566,26.15245573930556,,22.0,8.0,0.0,205.72807722222225,95.61856656944444,26.272727272727277,28.25
2026-03-13 06:00:00,538.16,197.15656919999992,47.49240000000001,43.82199999999998,76.52719999999994,54.70279999999999,57.75280000000001,51.59040000000004,50.9836,1.1777985360000005,6.408,4.376,0.01345,94.68975,0.2045,0.1094,0.02765,0.515,0.06425,280.0,11.363267132108724,29.506,105.0,87.71148783298312,0.3801633566054362,1.8524503490815427,0.9252450349081542,1.4663011359999996,0.0,0.0,0.0,0.0,0.0,0.0,0.0,0.0,18.14006956,3.857974556,23.656250159999995,163.31480000000008,162.082,185.84640000000007,173.279,181.87279999999996,43.40019447999999,1.0,400.2211999999994,515.3116000000009,677.5576000000009,65.25760000000005,1478.55,2.8143402279999994,1206.562144000001,108453.7636,0.0,0.0,0.0,0.0,0.0,0.0,0.0,0.0,0.0,0.0,0.0,0.0,38.5196,31.702800000000003,31.4768,68.2744,60.0,11.755,6.716,87.225,0.42,6.550000000000001,1.02,4.318255228000004,4.457525945053688,61.187,0.1448356677071927,59.08607089741284,0.0203736251164463,4.728198963832186,0.0922107637243205,0.1216568879010247,0.0162714628924444,0.0709591579910765,5.250808341641198,0.3321511268733554,2.857518753983689,4981.898824,8.04,18.634844607645597,71.15999999999998,1.04,19.76,1234.6636,94.518,2200.9470200000005,117.154,2.58,1.927667269439421,10.66,5.022222222222225,79.86555555555555,54.38,8.0,38.89,71.63,0.049,2.32,0.22,0.029,0.051,5.53,0.16,1.0967377047787128,18.972,36.844,0.2565,0.429,7.785,0.278,0.2,0.4835,33.595,1.046,1.3284797597329203,0.0,1.1078854224,0.2885025928,1.3481162319999995,25.0230241775,,22.0,8.0,0.0,210.08107960000007,96.123245419,26.272727272727277,28.25
2026-03-13 07:00:00,535.0,200.9161594017096,46.84401709401721,43.2606837606838,64.47991452991455,53.768376068376206,56.59700854700844,51.70854700854684,50.309401709401925,1.1956067350427353,6.0,4.3392,0.013,94.58428,0.2016,0.11308,0.01992,0.6488,0.08012,280.0,11.362282305033382,21.119,105.0,87.71254652208911,0.3801141152516691,1.8517117287750369,0.9251711728775036,1.4680889786324778,0.0,0.0,0.0,0.0,0.0,0.0,0.0,0.0,17.98651923076924,3.748219401709399,24.12422876068376,209.6465811965812,209.01282051282035,241.26923076923083,228.78589743589745,255.21495726495743,42.71271051282053,1.0,400.35128205128206,515.5837606837614,678.0747863247884,64.76025641025667,1480.28,2.81614775213675,1202.733222222218,108069.92008547005,0.0,0.0,0.0,0.0,0.0,0.0,0.0,0.0,0.0,0.0,0.0,0.0,38.07136752136742,33.91880341880341,32.86239316239316,50.120940170940095,60.0,11.755,5.133,87.225,0.42,6.550000000000001,1.02,4.424655679487177,4.416249915690551,44.479,0.1454344746959239,59.08029856786349,0.0204725600845342,4.757852694530003,0.0915137480608826,0.1239915465725398,0.0161684390386474,0.071059736055217,5.270833202185301,0.326939117336271,2.8513185997886645,5087.469337606842,8.04,17.7878803462926,71.15999999999998,1.04,19.76,1227.9772777777778,88.53384615384621,2220.849072649574,84.066,2.58,1.927667269439421,10.66,5.022222222222225,79.86555555555555,54.38,8.0,38.89,71.63,0.049,2.32,0.22,0.029,0.051,5.53,0.16,1.1037644694840456,19.0664,36.906400000000005,0.2712,0.4184,7.8424,0.2584,0.2024,0.47,33.4376,1.0072,1.3383114547697474,0.0,0.9841190760683778,0.2724822628205128,1.348105047008547,25.033809860042705,,22.0,8.0,0.0,208.1634316239316,96.62139112072651,26.272727272727277,28.25
2026-03-13 08:00:00,535.0944444444444,192.4861269444444,46.33555555555552,43.00388888888886,55.296944444444456,53.16083333333357,56.409722222222335,52.62833333333343,49.94277777777753,1.1905405111111111,6.358333333333333,4.3312,0.013,94.58708,0.2176,0.11388,0.0191199999999999,0.6368,0.08132,280.0,11.445806820474877,29.734,105.0,87.59909732965627,0.3876437748032555,2.1509584986883703,0.955095849868837,1.4509445027777788,0.0,0.0,0.0,0.0,0.0,0.0,0.0,0.0,18.499638916666655,3.767296783333329,24.071132583333327,183.23055555555584,170.23888888888888,201.08416666666668,190.60659722222223,207.8727777777776,43.45525005555556,1.0,400.4311111111108,515.7624999999972,678.3744444444442,64.4469444444442,1493.08,2.7990973083333324,1216.511291666665,108793.3080555556,0.0,0.0,0.0,0.0,0.0,0.0,0.0,0.0,0.0,0.0,0.0,0.0,37.69416666666678,33.78999999999997,37.320833333333326,38.01638888888896,60.0,11.755,7.404,87.225,0.42,6.550000000000001,1.02,4.419193319444448,4.417446111869031,62.30499999999999,0.145417542733328,59.09676093411444,0.0204552283123344,4.745889254473959,0.091703715592649,0.1234355188187144,0.0161651231843351,0.070983805473076,5.258959313056738,0.326831105047749,2.8522413931466177,5118.321538888891,7.97,18.08910834675223,71.04,1.33,19.66,1251.6475333333328,93.9761666666665,2227.305141666668,116.632,2.62,1.876811594202899,10.36,5.022222222222225,79.86555555555555,54.86,8.02,38.89,71.63,0.053,2.24,0.21,0.025,0.048,5.52,0.14,1.11929320497005,18.9304,37.1704,0.2832,0.4024,7.9664,0.2424,0.2264,0.47,33.2136,0.9792,1.359202451959151,0.0,1.1919029702777764,0.2604040130555557,1.3482174083333336,24.421126992291683,,22.0,8.0,0.0,212.6159891666668,95.50441182013888,26.272727272727277,28.25
2026-03-13 09:00:00,535.0,198.83967666666675,46.09111111111136,43.07000000000015,66.91833333333324,52.962222222222245,56.352777777777774,62.14916666666664,49.92833333333321,1.181379327222222,6.141666666666667,4.3232,0.013,94.58988,0.2336,0.11468,0.01832,0.6248,0.08252,280.0,11.445415967206715,25.615,105.0,87.59949951200467,0.3876267811829006,2.150845207886004,0.9550845207886004,1.4600872638888889,0.0,0.0,0.0,0.0,0.0,0.0,0.0,0.0,18.00860808333331,3.789994849999998,23.95686263888891,194.83666666666664,182.85277777777796,212.13222222222217,204.81993055555557,229.4580555555556,42.91281833333333,1.0,400.5566666666687,516.0638888888923,678.7649999999954,64.4774999999996,1505.88,2.808449013888888,1208.0380861111107,110231.39972222224,0.0,0.0,0.0,0.0,0.0,0.0,0.0,0.0,0.0,0.0,0.0,0.0,37.922222222222295,32.46694444444439,34.360000000000035,55.15972222222226,60.0,11.755,6.182,87.225,0.42,6.550000000000001,1.02,4.369861894444446,4.422807290592361,53.32899999999999,0.1453396838493127,59.09433310206455,0.0204451986723921,4.744202966491028,0.0917611430928763,0.1232275122353691,0.0161797333533349,0.0709849800296274,5.258560633051436,0.3275585891353673,2.8529017982711093,5128.433949999998,7.97,18.04943966979393,71.04,1.33,19.66,1261.2643277777777,90.7738333333335,2230.4014749999988,100.124,2.62,1.876811594202899,10.36,5.022222222222225,79.86555555555555,54.86,8.02,38.89,71.63,0.053,2.24,0.21,0.025,0.048,5.52,0.14,1.1348219404560542,18.7944,37.4344,0.2952,0.3864,8.0904,0.2264,0.2504,0.47,32.9896,0.9512,1.3800934491485546,0.0,0.9686294811111116,0.2787079227777777,1.348387991666666,2.15768024173611,,22.0,8.0,0.0,214.491105277778,96.34625715833334,26.272727272727277,28.25
2026-03-13 10:00:00,532.8305555555555,186.0764133333334,46.43833333333333,43.92138888888885,77.65805555555556,53.193055555555496,56.35277777777757,78.81750000000008,50.66944444444444,1.174360910833334,6.358333333333333,4.32,0.013,94.5502,0.24,0.1174,0.01848,0.6584,0.08252,280.0,11.446467909547348,25.693,105.0,87.59841707858172,0.3876725178064064,2.151150118709376,0.9551150118709376,1.4695022222222225,0.0,0.0,0.0,0.0,0.0,0.0,0.0,0.0,18.126158000000004,3.9377893472222247,23.981409222222226,210.94111111111116,210.69027777777785,229.10166666666663,225.52631944444448,251.37222222222223,43.04803802777776,1.0,400.6999999999988,516.2999999999977,679.2008333333295,64.86638888888842,1501.88,2.817792652777779,1203.8929277777786,107687.47583333329,0.0,0.0,0.0,0.0,0.0,0.0,0.0,0.0,0.0,0.0,0.0,0.0,38.19277777777784,32.09638888888887,27.598055555555614,66.75500000000002,60.0,11.755,6.08,87.225,0.42,6.550000000000001,1.02,4.547937880555556,4.422127647631165,53.444,0.1453491505126861,59.07904554299828,0.0204603135992814,4.755043971259637,0.0915913853753461,0.1237212783474291,0.0161839121323254,0.071054711473692,5.269419766484544,0.3277142990794102,2.8521068782276773,5192.134336111112,7.97,17.486748032148864,71.04,1.33,19.66,1223.667591666666,93.9761666666665,2216.9924555555563,100.177,2.62,1.876811594202899,10.36,5.022222222222225,79.86555555555555,54.86,8.02,38.89,71.63,0.053,2.24,0.21,0.025,0.048,5.52,0.14,1.1366101132909645,18.9512,37.4488,0.2856,0.38,8.0632,0.2152,0.236,0.4748,32.948,0.9016,1.381339375518099,0.0,0.7718050661111115,0.2951413013888891,1.3482294499999994,1.1714495771527784,,22.0,8.0,0.0,208.01923861111104,94.65512476666667,26.272727272727277,28.25
2026-03-13 11:00:00,533.5333333333333,197.97626638888903,47.067222222222114,45.17416666666662,77.51472222222219,54.12722222222225,56.25805555555559,83.4041666666668,51.88861111111105,1.173848155555555,6.141666666666667,4.322545454545455,0.0132545454545454,94.51758181818182,0.24,0.119490909090909,0.0196363636363636,0.6859999999999999,0.0814909090909091,280.0,11.445633436656337,30.003,105.0,87.59927573909276,0.3876362363763623,2.1509082425090824,0.955090824250908,1.4511285750000005,0.0,0.0,0.0,0.0,0.0,0.0,0.0,0.0,17.68260600000003,3.811881116666666,24.018952499999983,170.94444444444443,174.6291666666667,178.71083333333337,182.0741666666667,204.01222222222236,42.40308744444449,1.0,400.8272222222217,516.6127777777795,679.5680555555579,65.45194444444438,1489.709090909091,2.7992500277777763,1211.298583333332,110521.73500000007,0.0,0.0,0.0,0.0,0.0,0.0,0.0,0.0,0.0,0.0,0.0,0.0,38.62888888888872,32.70222222222223,25.971388888888885,61.77861111111111,60.0,11.755,6.956,87.225,0.42,6.550000000000001,1.02,4.431320319444443,4.45566073656929,62.506,0.1448609733465587,59.018048027389376,0.0204382459283908,4.7757144914088245,0.0914732985633379,0.1237932358493584,0.0162930118708603,0.0712673343359037,5.298676767030365,0.3329928806834543,2.854148401753432,5211.913233333335,7.97,17.971064609140633,71.04,1.33,19.66,1270.2659527777778,90.7738333333335,2236.681455555557,116.881,2.62,1.876811594202899,10.36,5.022222222222225,79.86555555555555,54.86,8.02,38.89,71.63,0.053,2.24,0.21,0.025,0.048,5.52,0.14,1.1330115297482692,19.19909090909091,37.338545454545454,0.2776363636363637,0.3863636363636363,7.967272727272728,0.2189090909090909,0.2074545454545454,0.4825454545454545,32.95545454545454,0.8841818181818182,1.374769822687406,0.0,1.1978612375000004,0.2772804430555556,1.348210172222221,1.144246756458334,,22.0,8.0,0.0,215.1781741666667,96.2318552965278,26.272727272727277,28.25
2026-03-13 12:00:00,535.0,177.25560861111123,47.613055555555576,46.23111111111114,76.81638888888887,54.88583333333332,57.06111111111116,77.80611111111114,53.10888888888886,1.167245300277778,7.075,4.329818181818182,0.0139818181818181,94.55067272727273,0.24,0.1180363636363636,0.0214545454545454,0.6459999999999999,0.0800363636363636,280.0,11.443134488062595,29.906,105.0,87.60184712097907,0.3875275864375042,2.1501839095833613,0.9550183909583362,1.4459025416666662,0.0,0.0,0.0,0.0,0.0,0.0,0.0,0.0,18.37902725000001,3.800090025000003,23.571831999999997,131.28749999999994,134.1997222222223,143.9813888888888,141.21798611111106,155.4033333333332,43.8108703888889,1.0,400.98222222222273,516.9641666666679,680.048055555558,65.94972222222212,1483.1636363636364,2.794178355555557,1211.250663888889,110487.66916666666,0.0,0.0,0.0,0.0,0.0,0.0,0.0,0.0,0.0,0.0,0.0,0.0,39.17499999999991,31.891666666666666,27.150277777777728,59.413055555555545,60.0,11.755,6.807,87.225,0.42,6.550000000000001,1.02,4.429172397222224,4.445010243752924,61.989,0.1450154059591217,59.01353998290018,0.020466453725661,4.785423058929811,0.0912619980964364,0.124486118504896,0.0162675958637822,0.0713068124989917,5.30593589185178,0.3316960105825227,2.852410911613351,5210.154288888891,7.97,18.53535310905087,71.04,1.33,19.66,1277.183577777777,96.1377679213999,2229.0024527777778,116.999,2.62,1.876811594202899,10.36,5.022222222222225,79.86555555555555,54.86,8.02,38.89,71.63,0.053,2.24,0.21,0.025,0.048,5.52,0.14,1.1364210952628049,19.253636363636364,37.30581818181818,0.2994545454545455,0.4045454545454545,7.930909090909091,0.2443636363636363,0.2001818181818181,0.4898181818181818,32.82818181818182,0.9532727272727272,1.378008277118955,0.0,1.1617235858333348,0.2786572863888888,1.3482384638888856,1.155301896319444,,22.0,8.0,0.0,216.58463583333327,93.48636814097225,26.272727272727277,28.25
2026-03-13 13:00:00,529.6527777777778,176.69327000000035,48.10861111111142,47.25583333333325,78.45305555555551,57.478888888889045,60.62833333333329,70.70722222222204,53.99166666666676,1.1589875355555548,6.425,4.337090909090909,0.0147090909090909,94.58376363636364,0.24,0.1165818181818181,0.0232727272727272,0.606,0.0785818181818181,280.0,11.44297690899887,25.681,105.0,87.60200926755189,0.387520735173864,2.1501382344924265,0.9550138234492426,1.4575039583333342,0.0,0.0,0.0,0.0,0.0,0.0,0.0,0.0,18.251229722222195,4.029256686111108,23.62239608333331,219.19388888888895,213.95805555555555,235.62,234.2327777777778,268.15916666666675,43.5877525277778,1.0,401.1458333333335,517.2699999999977,680.3649999999991,66.35666666666664,1476.6181818181817,2.7838219694444457,1166.9633694444428,104440.32527777778,0.0,0.0,0.0,0.0,0.0,0.0,0.0,0.0,0.0,0.0,0.0,0.0,39.7177777777775,30.726388888888916,29.644166666666685,64.5719444444445,60.0,11.755,5.239,87.225,0.42,6.550000000000001,1.02,4.744786841666667,4.449996991010644,53.17400000000001,0.1449430172640764,59.01253469740849,0.0204560123368563,4.783000714634972,0.0913284688005416,0.1242550870726294,0.0162807010945198,0.071302290593147,5.304696656260578,0.3323527663895889,2.8530823334712445,5238.288619444447,7.97,16.779057959105078,71.04,1.33,19.66,1196.3735583333337,94.96150000000026,2192.8590805555573,100.049,2.62,1.876811594202899,10.36,5.022222222222225,79.86555555555555,54.86,8.02,38.89,71.63,0.053,2.24,0.21,0.025,0.048,5.52,0.14,1.1398306607773403,19.30818181818181,37.27309090909091,0.3212727272727272,0.4227272727272727,7.8945454545454545,0.2698181818181818,0.1929090909090909,0.4970909090909091,32.70090909090909,1.0223636363636364,1.3812467315505044,0.0,0.8178506231111099,0.2985164511111112,1.3264244277777768,1.2131543487499994,,22.0,8.0,0.0,198.57914027777787,93.41185827500004,26.272727272727277,28.25
2026-03-13 14:00:00,532.5472222222222,185.3933255555556,48.19305555555557,47.64694444444481,79.6374999999999,58.48222222222231,62.46194444444434,68.936111111111,54.27666666666642,1.1398854530555569,6.358333333333333,4.36304,0.014136,94.551208,0.24,0.111392,0.021408,0.6188,0.080016,280.0,11.44413278539428,29.687,105.0,87.60081988749283,0.3875709906693165,2.150473271128777,0.9550473271128777,1.4178446833333334,0.0,0.0,0.0,0.0,0.0,0.0,0.0,0.0,18.09570361111109,3.73779095555556,23.685450499999988,139.75861111111104,140.03861111111107,153.58166666666662,149.74506944444445,165.60138888888898,43.31039319444443,1.0,401.30333333333294,517.5702777777818,680.7808333333309,66.54083333333327,1472.272,2.706175177777777,1212.2606472222235,104000.35861111112,0.0,0.0,0.0,0.0,0.0,0.0,0.0,0.0,0.0,0.0,0.0,0.0,39.9602777777778,28.896388888888875,33.55972222222233,62.36361111111101,60.0,11.755,6.452,87.225,0.42,6.550000000000001,1.02,4.756040638888886,4.428699915361152,62.61900000000001,0.1452523994314824,59.02568597390568,0.0204927418195755,4.787309762212747,0.0911368753892588,0.1249762851530685,0.0162213066321723,0.0712819112409971,5.3038499496957785,0.32940711285712,2.8506188217633626,5269.294533333336,7.97,17.422554061296434,71.04,1.33,19.66,1226.272013888889,93.9761666666665,2240.9745611111134,117.044,2.62,1.876811594202899,10.36,5.022222222222225,79.86555555555555,54.86,8.02,38.89,71.63,0.053,2.24,0.21,0.025,0.048,5.52,0.14,1.1319518128875214,19.32424,37.12752,0.33,0.42136,7.92608,0.26848,0.18712,0.49424,32.80264,1.01832,1.373577941286426,0.0,1.1771677441666677,0.2779592291666665,1.2885072277777785,1.0941422959722231,,22.0,8.0,0.0,207.76919166666667,94.56461563611111,26.272727272727277,28.25
2026-03-13 15:00:00,528.8194444444445,204.41329138888847,48.37055555555537,47.78527777777741,82.31444444444449,58.363055555555285,60.05166666666667,65.48888888888887,54.58333333333348,1.1330727888888887,5.783333333333333,4.40144,0.012696,94.474888,0.24,0.103712,0.017088,0.6668,0.083376,280.0,11.44282757311052,21.064,105.0,87.60216293201671,0.387514242309153,2.1500949487276872,0.9550094948727686,1.4311667027777777,0.0,0.0,0.0,0.0,0.0,0.0,0.0,0.0,18.05348222222222,4.136389225000002,23.357373944444443,203.5950000000001,206.9058333333332,223.70027777777784,216.7252083333333,232.6997222222222,43.59846411111111,1.0,401.4911111111117,517.9055555555544,681.2108333333293,66.71666666666655,1469.392,2.730500844444446,1175.71505277778,101792.80475000004,0.0,0.0,0.0,0.0,0.0,0.0,0.0,0.0,0.0,0.0,0.0,0.0,39.95749999999992,29.53055555555551,31.466111111111125,66.00805555555544,60.0,11.755,4.784,87.225,0.42,6.550000000000001,1.02,4.750490786111111,4.4456537625249375,44.611,0.1450059402389545,59.00860863912487,0.0204693685413911,4.788382461724686,0.091220550985183,0.1246002107103629,0.0162711438882786,0.071327744278317,5.309103808477729,0.3318570980251507,2.852278585998969,5756.198452777761,7.97,17.494756968693938,71.04,1.33,19.66,1188.4555027777787,85.58522222222248,2153.7098583333336,83.721,2.62,1.876811594202899,10.36,5.022222222222225,79.86555555555555,54.86,8.02,38.89,71.63,0.053,2.24,0.21,0.025,0.048,5.52,0.14,1.116547356061466,19.31464,36.90672,0.33,0.40696,8.00288,0.24928,0.1823199999999999,0.4846399999999999,33.05704,0.96552,1.358637654558596,0.0,0.8722342680555555,0.2980938955555555,1.2992783472222218,1.1072088459722214,,22.0,8.0,0.0,197.93836277777797,97.08476110902772,26.272727272727277,28.25
2026-03-13 16:00:00,534.45,204.95459027777773,48.166666666666686,47.72305555555556,80.31527777777791,58.296388888888586,58.536944444444536,63.92388888888895,55.1525000000001,1.1407012388888882,6.216666666666667,4.409666666666666,0.0116555555555555,94.5961,0.2262222222222222,0.0962111111111111,0.0194777777777777,0.5694444444444444,0.0712222222222222,280.0,11.487174174174177,29.97,105.0,87.58035168501836,0.4024948281614948,2.074844844844845,0.932474140807474,1.4309241722222217,0.0,0.0,0.0,0.0,0.0,0.0,0.0,0.0,17.930025111111117,3.980404494444448,23.43438941666668,143.40416666666655,170.49527777777786,186.3888888888888,172.6356944444444,190.2544444444445,43.34696302777779,1.0,401.7305555555541,518.2522222222213,681.6591666666683,66.81444444444446,1468.0,2.7459851916666684,1211.5700388888904,106963.33138888888,0.0,0.0,0.0,0.0,0.0,0.0,0.0,0.0,0.0,0.0,0.0,0.0,40.15305555555547,29.4158333333332,28.738611111111037,65.39888888888895,60.0,11.685,6.636,87.27,0.425,6.5,1.045,4.488115977777783,3.8046371889710833,59.47999999999999,0.0881570443846671,59.13965131136517,0.0194520679219905,5.128819939475455,0.0347775554808338,0.1238943006052454,0.0159433591123066,0.0648879119031607,5.600697377269671,0.3164099024882313,2.5768981170141227,5934.723827777772,8.21,18.933636731664347,71.05999999999999,0.93,19.8,1247.658130555556,92.37966666666664,2192.3671277777776,119.672,2.45,1.98876404494382,10.62,5.022222222222225,79.86555555555555,54.56,8.08,38.89,71.63,0.051,2.44,0.22,0.029,0.049,5.34,0.15,1.1028915673589503,19.189444444444444,36.71044444444444,0.3506666666666667,0.4103333333333333,8.067555555555554,0.2537777777777777,0.1834444444444444,0.4868888888888888,33.28677777777778,0.9572222222222222,1.3452564308009536,0.0,1.0007499211111108,0.2902229394444446,1.3150637000000005,1.218720539166667,,22.0,8.0,0.0,211.0038944444444,97.15648321180556,26.272727272727277,28.25
2026-03-13 17:00:00,532.025,212.55093194444444,48.14972222222215,47.66805555555543,85.88472222222231,57.97777777777784,56.8333333333336,62.339722222222456,55.4002777777778,1.164268989722222,6.141666666666667,4.387391304347826,0.0110260869565217,94.8983304347826,0.2001739130434782,0.0891652173913043,0.0280434782608695,0.3408695652173913,0.045,280.0,11.488186552482352,25.923,105.0,87.57925895922538,0.40251089765845,2.075326929753501,0.93255448829225,1.4456142222222217,0.0,0.0,0.0,0.0,0.0,0.0,0.0,0.0,17.61050872222223,4.305957425000003,23.75523283333333,167.59638888888892,212.53527777777796,218.5713888888888,207.09222222222223,229.66583333333332,42.57161330555554,1.0,401.9458333333339,518.6102777777776,682.1425000000022,66.95416666666671,1468.008695652174,2.744671033333335,1220.089555555558,109772.98361111108,0.0,0.0,0.0,0.0,0.0,0.0,0.0,0.0,0.0,0.0,0.0,0.0,38.604722222222215,30.750833333333286,27.168333333333344,71.45583333333349,60.0,11.685,5.613,87.27,0.425,6.5,1.045,4.380976777777774,3.794538898474304,51.583,0.0881016614000736,59.15593063606227,0.0194527654459802,5.124183161118974,0.0346781303917957,0.123956613613012,0.0159174340383459,0.0648168194947947,5.593730492604152,0.3148306031056744,2.574297733749491,5927.813633333321,8.21,19.398496229065007,71.05999999999999,0.93,19.8,1268.9679333333336,91.2651666666666,2161.812633333333,102.813,2.45,1.98876404494382,10.62,5.022222222222225,79.86555555555555,54.56,8.08,38.89,71.63,0.051,2.44,0.22,0.029,0.049,5.34,0.15,1.09112965155002,18.955565217391307,36.54269565217391,0.3896521739130434,0.4308695652173913,8.118695652173912,0.2803478260869566,0.19,0.4987826086956521,33.49069565217391,0.9915652173913044,1.333546208562848,0.0,0.8581066691666674,0.2813452544444447,1.298934727777778,1.3077268215277784,,22.0,8.0,0.0,217.85338555555543,98.1629984826389,26.272727272727277,28.25
2026-03-13 18:00:00,535.0,188.9586941666663,47.925833333333294,47.33944444444423,90.92388888888898,57.413611111110974,56.24805555555564,66.04138888888887,55.27638888888875,1.1480982522222232,6.716666666666667,4.230869565217391,0.012591304347826,94.97815652173914,0.2106086956521739,0.0990782608695652,0.0306521739130434,0.3930434782608696,0.045,280.0,11.487761153742335,25.933,105.0,87.57971811977016,0.4025041452974974,2.075124358924922,0.9325207264874872,1.4287405833333329,0.0,0.0,0.0,0.0,0.0,0.0,0.0,0.0,17.69986988888888,3.9382233861111127,23.47716586111109,167.5208333333334,187.33222222222227,204.8063888888888,195.32770833333333,221.6513888888888,42.98406150000002,1.0,401.860555555555,518.7363888888888,682.3624999999987,66.7686111111109,1468.5304347826086,2.736979086111111,1195.9190861111092,109994.02472222233,0.0,0.0,0.0,0.0,0.0,0.0,0.0,0.0,0.0,0.0,0.0,0.0,37.33805555555555,31.36916666666671,28.31861111111113,74.85000000000004,60.0,11.685,5.692,87.27,0.425,6.5,1.045,4.352801066666665,3.8049898911353033,51.44,0.088278265940902,59.13440590979783,0.0194608475894245,5.1321333592534994,0.0347913297045101,0.1240233670295489,0.0159446734059098,0.0649125583203732,5.603987558320373,0.3164746111975117,2.5773833592535,5937.3448111111065,8.21,18.859904278543567,71.05999999999999,0.93,19.8,1285.4527833333343,99.80966666666664,2193.628930555555,102.596,2.45,1.98876404494382,10.62,5.022222222222225,79.86555555555555,54.56,8.08,38.89,71.63,0.051,2.44,0.22,0.029,0.049,5.34,0.15,1.0945910377730863,18.689478260869564,36.70443478260869,0.3687826086956521,0.4830434782608696,8.040434782608695,0.3012173913043478,0.19,0.4257391304347826,33.532434782608696,1.0854782608695652,1.334374858493789,0.0,0.9208791466666664,0.2806423580555559,1.3081180833333323,1.290718824722222,,22.0,8.0,0.0,215.7315033333332,95.03702697708329,26.272727272727277,28.25
2026-03-13 19:00:00,534.6666666666666,204.6801213888886,48.26111111111095,47.58805555555579,89.96305555555541,57.476111111111095,57.45083333333351,73.11750000000002,55.354999999999606,1.1752627249999998,6.283333333333333,4.0915,0.01405,95.0471,0.22,0.10825,0.0328,0.441,0.0453,280.0,11.513364952082927,30.678,105.0,87.55208227394225,0.4029105547949671,2.0873166438490127,0.9345527739748356,1.4638827749999996,0.0,0.0,0.0,0.0,0.0,0.0,0.0,0.0,18.13599558333334,3.966419127777781,23.42182713888887,167.69694444444443,193.25666666666663,197.64444444444453,194.0977777777777,217.79305555555536,43.642324750000014,1.0,402.3988888888894,519.2502777777777,683.2083333333321,67.01055555555541,1469.95,2.811836797222221,1191.439166666666,109332.16666666664,0.0,0.0,0.0,0.0,0.0,0.0,0.0,0.0,0.0,0.0,0.0,0.0,38.08361111111113,32.660555555555455,29.945277777777783,75.48500000000007,60.0,11.685,6.75,87.27,0.425,6.5,1.045,4.407244358333332,3.7932072409281377,60.379000000000005,0.0874886798390168,59.18182381291509,0.0194081551532817,5.107570181685686,0.0346127130293645,0.1232984481359412,0.0159119395816426,0.0646949104821212,5.577341459779061,0.3145738584607231,2.571952168800411,5975.336658333336,8.21,19.11105116078767,71.05999999999999,0.93,19.8,1246.132497222223,93.3703333333334,2177.236569444443,119.976,2.45,1.98876404494382,10.62,5.022222222222225,79.86555555555555,54.56,8.08,38.89,71.63,0.051,2.44,0.22,0.029,0.049,5.34,0.15,1.0984166389751897,18.47,36.8555,0.3485,0.526,7.9695,0.3185,0.19,0.36,33.5535,1.1675,1.3359338050025324,0.0,0.896100993333334,0.2886200269444447,1.3478852833333337,1.237486822638889,,22.0,8.0,0.0,208.9802925000001,97.12011608402774,26.272727272727277,28.25
2026-03-13 20:00:00,530.5555555555555,194.29032138888883,48.17555555555586,47.326944444444194,85.09500000000001,56.912499999999866,56.53944444444438,78.46083333333338,55.109166666666844,1.1482622094444443,6.358333333333333,4.1065,0.01455,95.0181,0.22,0.11075,0.0308,0.451,0.0482999999999999,280.0,11.490709869475612,26.202,105.0,87.57653537897869,0.4025509503091367,2.076528509274101,0.9327547515456834,1.469588033333334,0.0,0.0,0.0,0.0,0.0,0.0,0.0,0.0,17.888286388888897,3.845486097222221,23.33574508333332,177.2902777777778,195.1277777777777,221.1361111111112,206.0261805555556,230.5505555555557,43.39518286111108,1.0,402.9508333333351,519.8402777777773,684.0058333333343,67.11833333333335,1479.45,2.8179694749999977,1185.753805555554,108994.40027777776,0.0,0.0,0.0,0.0,0.0,0.0,0.0,0.0,0.0,0.0,0.0,0.0,38.81638888888881,32.904444444444295,30.053055555555478,68.83000000000001,60.0,11.685,5.604,87.27,0.425,6.5,1.045,4.404893799999996,3.7828226309226936,51.328,0.0876385208852867,59.19045706047382,0.0194241349750623,5.108265274314213,0.0345283276184538,0.1235900483167082,0.0158859881546134,0.0646602244389027,5.575459008728179,0.3129663341645885,2.569961814214464,5946.779083333334,8.21,18.27603241746668,71.05999999999999,0.93,19.8,1238.7215194444443,94.06558333333354,2192.8228027777777,103.177,2.45,1.98876404494382,10.62,5.022222222222225,79.86555555555555,54.56,8.08,38.89,71.63,0.051,2.44,0.22,0.029,0.049,5.34,0.15,1.1055201749886276,18.67,36.9105,0.3335,0.486,7.9645,0.3035,0.19,0.36,33.3885,1.1425,1.3440654207115044,0.0,0.4880883476111123,0.3213258405555557,1.3484121222222205,1.201613575347221,,22.0,8.0,0.0,207.95210666666665,95.74346758402775,26.272727272727277,28.25
2026-03-13 21:00:00,533.0,216.2964827777776,48.09388888888902,47.08916666666676,78.1280555555554,56.26777777777776,55.668055555555455,79.86305555555553,54.66861111111118,1.1672919269444446,5.783333333333333,4.1165714285714285,0.015,95.00202857142858,0.22,0.1129142857142857,0.0291714285714285,0.454,0.0503142857142857,280.0,11.489798335591251,25.835,105.0,87.57751925682213,0.4025364815173214,2.076094445519644,0.9326824075866074,1.480812458333334,0.0,0.0,0.0,0.0,0.0,0.0,0.0,0.0,17.59524516666667,4.380184230555557,24.027995083333312,188.8200000000001,217.43222222222224,230.09805555555567,219.0421527777778,239.8183333333332,42.27107880555555,1.0,403.2988888888872,520.1891666666655,684.5269444444464,67.0088888888891,1486.2857142857142,2.829081394444447,1183.1249194444454,110179.37194444446,0.0,0.0,0.0,0.0,0.0,0.0,0.0,0.0,0.0,0.0,0.0,0.0,38.845277777777646,32.63944444444434,27.48472222222228,69.77555555555567,60.0,11.685,5.485,87.27,0.425,6.5,1.045,4.414256097222222,3.769188047438183,51.604000000000006,0.0869575808076893,59.23620261995193,0.0193803387334315,5.0859904270986735,0.0343417370746453,0.1230072668785365,0.0158489070614681,0.0644516122781179,5.550569723277265,0.3107854623672583,2.5644465545306563,5967.920830555551,8.21,18.47600950946403,71.05999999999999,0.93,19.8,1242.6833222222226,85.41983333333374,2143.5067805555564,102.871,2.45,1.98876404494382,10.62,5.022222222222225,79.86555555555555,54.56,8.08,38.89,71.63,0.051,2.44,0.22,0.029,0.049,5.34,0.15,1.110442697752242,18.81657142857143,36.94114285714286,0.3242857142857143,0.45,7.970285714285715,0.296,0.1908571428571428,0.3728571428571428,33.267428571428574,1.1242857142857143,1.3500239833802654,0.0,0.7467737166666677,0.3135205655555556,1.3481185555555544,1.1903650365277767,,22.0,8.0,0.0,209.97237388888905,98.65928396805552,26.272727272727277,28.25
2026-03-13 22:00:00,533.35,201.3472836111114,48.06166666666678,46.97388888888887,79.66361111111124,55.759999999999984,54.58138888888884,77.05166666666658,54.35305555555562,1.148626307777778,6.216666666666667,4.082285714285715,0.015,95.10231428571429,0.22,0.1120571428571428,0.0308857142857142,0.394,0.0434571428571428,280.0,11.488048694562965,25.547,105.0,87.5794077582495,0.4025087094375073,2.07526128312522,0.9325435471875366,1.453876816666667,0.0,0.0,0.0,0.0,0.0,0.0,0.0,0.0,18.089506388888903,4.451630027777781,23.741102638888883,192.13555555555544,218.23194444444457,213.26305555555572,209.4061111111112,213.99388888888885,43.24410980555559,1.0,403.5197222222246,520.5561111111143,684.986111111113,66.98499999999993,1469.142857142857,2.802115436111112,1196.6349749999977,106575.6308333334,0.0,0.0,0.0,0.0,0.0,0.0,0.0,0.0,0.0,0.0,0.0,0.0,38.67027777777782,33.20611111111089,28.82416666666665,71.3608333333333,60.0,11.685,5.73,87.27,0.425,6.5,1.045,4.550447497222222,3.7577230649552713,51.42,0.0866715869311551,59.26343271100739,0.0193646635550369,5.074831583041619,0.0342095877090626,0.1228325359782185,0.0158187086736678,0.0643294437961882,5.536961104628548,0.3089745624270711,2.560756514974718,5955.229986111107,8.21,18.487741139052897,71.05999999999999,0.93,19.8,1223.6766111111112,91.82016666666692,2142.274713888888,102.34,2.45,1.98876404494382,10.62,5.022222222222225,79.86555555555555,54.56,8.08,38.89,71.63,0.051,2.44,0.22,0.029,0.049,5.34,0.15,1.0957361012674414,18.48228571428572,36.75257142857143,0.3671428571428571,0.45,8.073142857142857,0.356,0.1994285714285714,0.5014285714285714,33.541714285714285,1.167142857142857,1.3364250686871306,0.0,0.8193359452777794,0.3052505283333334,1.3482583861111102,1.1510283295833337,,22.0,8.0,0.0,205.4323925,96.67851507847226,26.272727272727277,28.25
2026-03-13 23:00:00,533.0277777777778,188.0594891666663,47.91749999999976,46.79250000000004,85.32611111111116,55.07861111111105,53.91694444444423,74.07000000000006,53.81027777777767,1.1515833155555544,6.5,4.295999999999999,0.0126,94.8506,0.22,0.108,0.0262,0.43,0.0566,280.0,11.487605294825512,29.916,105.0,87.57988634844232,0.4025016713464366,2.0750501403931008,0.9325083567321836,1.454779452777778,0.0,0.0,0.0,0.0,0.0,0.0,0.0,0.0,18.302324777777766,3.815071999999997,23.215929083333343,162.34305555555568,182.2808333333333,201.86500000000007,183.8813888888889,189.03666666666663,44.084539305555566,1.0,403.68777777777575,520.804999999998,685.3549999999999,66.82333333333325,1475.2,2.8033612333333324,1174.7796722222224,106381.35194444437,0.0,0.0,0.0,0.0,0.0,0.0,0.0,0.0,0.0,0.0,0.0,0.0,38.51527777777772,33.89083333333335,30.170277777777795,72.56722222222223,60.0,11.685,6.898,87.27,0.425,6.5,1.045,4.513181997222223,3.75199778879657,59.696,0.0869471488876976,59.260627512731176,0.0193877144197266,5.080312416242294,0.0341797272849102,0.1232055916644331,0.015805062315733,0.0643461705976949,5.540851648351649,0.3081037422942911,2.5602971723398555,5955.322399999995,8.21,18.054651257445865,71.05999999999999,0.93,19.8,1220.913580555556,96.0050000000002,2188.3108583333324,118.945,2.45,1.98876404494382,10.62,5.022222222222225,79.86555555555555,54.56,8.08,38.89,71.63,0.051,2.44,0.22,0.029,0.049,5.34,0.15,1.1076004284968235,18.644,37.02,0.242,0.402,8.176,0.288,0.184,0.518,33.424,1.002,1.3522189988580795,0.0,0.7799069255555564,0.3031961227777781,1.3483434166666644,1.1329590443055548,,22.0,8.0,0.0,202.0038330555555,94.9178823145833,26.272727272727277,28.25
2026-03-14 00:00:00,532.6361111111111,197.43778166666652,47.71277777777792,46.273888888888926,88.55499999999986,54.17472222222216,53.42027777777768,70.58777777777777,53.236388888889074,1.172017990555555,6.141666666666667,4.383454545454545,0.012,94.71311090909091,0.2158181818181818,0.1061636363636363,0.0237454545454545,0.4818181818181818,0.0638890909090909,280.0,11.466824159199348,25.779000000000003,105.0,87.5855929244734,0.3726381938787384,2.075829163272431,0.947582916327243,1.4727244944444446,0.0,0.0,0.0,0.0,0.0,0.0,0.0,0.0,17.9264566111111,3.8222897388888897,23.737702638888884,173.22194444444435,198.4688888888888,210.8075000000001,195.00819444444443,197.5344444444445,43.02586483333335,1.0,403.92833333333255,521.0611111111143,685.6744444444441,66.66055555555566,1487.0363636363636,2.8209393750000022,1218.865941666668,107345.821388889,0.0,0.0,0.0,0.0,0.0,0.0,0.0,0.0,0.0,0.0,0.0,0.0,38.6333333333335,35.875555555555515,33.21888888888905,70.24999999999997,60.0,11.685,6.138,87.27,0.425,6.5,1.045,4.486409377777779,3.744963370319271,51.461,0.0865175375527098,59.28729853675598,0.0193593400827811,5.066751714890888,0.0340766988593303,0.1228187753833,0.0157856629292085,0.0642239948699014,5.526010765434019,0.3069723091273003,2.5571928256349468,5976.710313888894,8.33,17.95280714441541,70.2,1.3,20.17,1218.1461722222205,90.92893463888824,2228.796288888888,101.988,2.7,1.92226148409894,10.88,5.17777777777778,79.62333333333333,54.24,8.34,37.66,72.17,0.051,2.1,0.2,0.029,0.052,5.66,0.16,1.1256758005628589,18.94090909090909,37.23636363636364,0.2476363636363636,0.3732727272727272,8.170727272727273,0.2449090909090909,0.1716363636363636,0.5158181818181818,33.08472727272727,0.9098181818181816,1.3726574810018872,0.0,0.7558883208333349,0.30070648,1.348110074999999,1.788497197986111,,22.0,8.0,0.0,208.67994777777756,96.16050607083332,26.272727272727277,28.25
2026-03-14 01:00:00,528.0,187.4944027777777,47.30388888888901,45.61249999999996,69.97361111111103,53.33111111111105,53.04666666666677,67.58194444444439,52.57194444444436,1.1524874999999994,6.358333333333333,4.427090909090909,0.012,94.61803818181818,0.2103636363636363,0.1050727272727272,0.0221090909090909,0.5363636363636364,0.0689618181818181,280.0,11.467858717908332,25.396,105.0,87.58451134036858,0.37271656953851,2.07629941723106,0.947629941723106,1.449422219444444,0.0,0.0,0.0,0.0,0.0,0.0,0.0,0.0,18.01678213888891,3.861818386111112,24.06517661111108,212.51638888888888,231.2494444444444,232.45888888888896,226.95875,231.61027777777764,42.81258019444448,1.0,404.13138888888966,521.405277777776,686.0541666666704,66.17583333333344,1500.1272727272728,2.797558108333331,1178.4719111111135,108731.51777777771,0.0,0.0,0.0,0.0,0.0,0.0,0.0,0.0,0.0,0.0,0.0,0.0,38.80555555555543,33.58277777777774,30.881111111111125,56.63111111111111,60.0,11.685,6.139,87.27,0.425,6.5,1.045,4.40834328888889,3.744485169164221,51.784,0.0867392051598949,59.27927583809672,0.0193759269272362,5.072457708944848,0.0340913602657191,0.1230684960605592,0.0157852039239919,0.0642623010968638,5.531409701838405,0.3069154758226479,2.5578112930634944,5945.138388888885,8.33,17.6995893426664,70.2,1.3,20.17,1251.144886111112,94.4006278611118,2204.7271083333303,101.494,2.7,1.92226148409894,10.88,5.17777777777778,79.62333333333333,54.24,8.34,37.66,72.17,0.051,2.1,0.2,0.029,0.052,5.66,0.16,1.1450638618462623,19.268181818181816,37.42727272727272,0.2967272727272727,0.3514545454545454,8.132545454545456,0.2121818181818181,0.1607272727272727,0.5103636363636364,32.68654545454545,0.8443636363636363,1.3938705475534323,0.0,0.6140383872222223,0.2969346802777777,1.3482348555555566,24.882298152152774,,22.0,8.0,0.0,206.76193444444445,94.84300836805556,26.272727272727277,28.25
2026-03-14 02:00:00,528.0,185.42822138888903,47.09805555555579,45.13555555555573,72.33777777777776,52.80944444444408,53.19805555555582,66.00027777777787,52.07416666666672,1.168186459166666,6.5,4.3572,0.012,94.80602,0.2016,0.09884,0.0270399999999999,0.4392,0.0581,280.0,11.469173542540242,29.572000000000003,105.0,87.58313675098066,0.3728161774651697,2.076897064791018,0.9476897064791018,1.4508211638888902,0.0,0.0,0.0,0.0,0.0,0.0,0.0,0.0,17.776186694444444,3.861585333333337,24.073013499999984,174.59750000000005,185.7658333333333,194.3991666666667,188.71131944444448,200.082777777778,42.474171250000005,1.0,404.3686111111087,521.7108333333308,686.2236111111067,66.14749999999995,1495.4,2.7988200555555545,1197.090772222222,110536.41166666656,0.0,0.0,0.0,0.0,0.0,0.0,0.0,0.0,0.0,0.0,0.0,0.0,38.76222222222225,32.30111111111105,31.39222222222222,56.19944444444445,60.0,11.685,7.378,87.27,0.425,6.5,1.045,4.326159172222223,3.75748346356987,60.01899999999999,0.088118279211583,59.20704793482065,0.0194715506756193,5.11297672403739,0.0343322781119312,0.1244271480697779,0.0158230560322564,0.0645967943484563,5.573780969359703,0.3090529998833703,2.565482597177561,5931.8352333333405,8.33,17.898459069562552,70.2,1.3,20.17,1272.1706805555557,96.52500000000065,2223.488272222224,118.537,2.7,1.92226148409894,10.88,5.17777777777778,79.62333333333333,54.24,8.34,37.66,72.17,0.051,2.1,0.2,0.029,0.052,5.66,0.16,1.1243366833856283,19.1892,37.0928,0.3,0.3836,8.0908,0.2436,0.1768,0.51,32.995999999999995,0.9128,1.3695717130043723,0.0,0.8443166488611102,0.2826346738888889,1.347959966666668,24.835097953402776,,22.0,8.0,0.0,214.0093386111112,94.5692393340278,26.272727272727277,28.25
2026-03-14 03:00:00,527.3777777777777,180.06781055555575,47.05083333333336,44.82833333333335,72.79805555555568,52.6994444444446,53.18750000000015,67.11027777777765,51.78750000000024,1.1621245716666668,6.5,4.306666666666667,0.0121333333333333,94.94572666666666,0.1963333333333333,0.0944,0.0311333333333333,0.364,0.0496066666666666,280.0,11.468280369442706,25.552,105.0,87.58407052285536,0.3727485128365685,2.076491077019411,0.947649107701941,1.4666721722222218,0.0,0.0,0.0,0.0,0.0,0.0,0.0,0.0,18.434268944444444,3.6626317999999936,23.57426727777778,144.0530555555555,169.10000000000014,187.6161111111111,169.27083333333334,176.3141666666667,43.88280808333333,1.0,404.5433333333358,521.9802777777792,686.4361111111097,66.02166666666677,1488.3333333333333,2.814919238888889,1175.8064944444457,108366.51249999998,0.0,0.0,0.0,0.0,0.0,0.0,0.0,0.0,0.0,0.0,0.0,0.0,39.07500000000023,33.76333333333336,30.19944444444455,59.738611111111005,60.0,11.685,6.229,87.27,0.425,6.5,1.045,4.421659224999999,3.7634556064208105,50.897000000000006,0.0891116372281273,59.15975853193704,0.0195420358763777,5.141097314183546,0.0344740357977876,0.1254471776332593,0.0158416802562037,0.0648173173271509,5.602437078806216,0.3100638937461932,2.570196671709531,5945.558100000005,8.33,17.381045413875135,70.2,1.3,20.17,1235.4641055555553,96.52500000000065,2214.7757,102.181,2.7,1.92226148409894,10.88,5.17777777777778,79.62333333333333,54.24,8.34,37.66,72.17,0.051,2.1,0.2,0.029,0.052,5.66,0.16,1.1034544162838718,19.10333333333333,36.778666666666666,0.288,0.4086666666666666,8.057333333333334,0.2673333333333333,0.1886666666666666,0.5086666666666667,33.332,0.9646666666666668,1.3451924411219478,0.0,0.8094111641666666,0.3045476397222221,1.3482559277777804,20.517778021527796,,22.0,8.0,0.0,205.68907138888883,93.85898489861114,26.272727272727277,28.25
2026-03-14 04:00:00,533.6111111111111,181.9386736111112,46.635833333333416,44.46388888888868,71.68527777777778,52.41805555555531,52.39861111111099,69.2291666666665,51.48999999999981,1.1520262113888882,6.858333333333333,4.331666666666666,0.0126333333333333,94.89707666666666,0.2013333333333333,0.0959,0.0316333333333333,0.379,0.0507566666666666,280.0,11.465874135312976,29.635,105.0,87.58658613126372,0.372566222372195,2.07539733423317,0.947539733423317,1.4573164861111103,0.0,0.0,0.0,0.0,0.0,0.0,0.0,0.0,18.33138019444444,3.903187677777776,24.03689272222222,150.33083333333332,173.69166666666663,186.8175,173.54743055555556,183.34972222222237,43.26883413888891,1.0,404.73638888888735,522.2599999999967,686.5258333333356,65.80138888888895,1478.3333333333333,2.805398747222224,1210.0804638888897,107684.69694444444,0.0,0.0,0.0,0.0,0.0,0.0,0.0,0.0,0.0,0.0,0.0,0.0,38.899166666666346,35.06972222222222,28.39861111111112,60.935833333333306,60.0,11.685,6.738,87.27,0.425,6.5,1.045,4.451345511111112,3.7517704214970182,59.692,0.0871857367821483,59.25159100046908,0.0194054312135629,5.086544260537426,0.0341982007639214,0.1234708671178717,0.0158053005427863,0.0643891308718086,5.546820679488039,0.3080873818937211,2.561031629029016,5948.033530555552,8.33,18.498778889601105,70.2,1.3,20.17,1233.2004083333322,96.24812752194651,2210.9322472222216,118.461,2.7,1.92226148409894,10.88,5.17777777777778,79.62333333333333,54.24,8.34,37.66,72.17,0.051,2.1,0.2,0.029,0.052,5.66,0.16,1.0900254346544649,19.078333333333333,36.623666666666665,0.243,0.4036666666666667,8.047333333333333,0.2573333333333333,0.1836666666666666,0.5036666666666667,33.602,0.9446666666666668,1.3295318042889626,0.0,0.6991922150000008,0.3052903033333333,1.348056991666669,1.0651498647916675,,22.0,8.0,0.0,209.93514250000013,94.10687425347224,26.272727272727277,28.25
2026-03-14 05:00:00,531.5333333333333,203.81095972222232,46.43666666666649,44.26861111111112,71.45666666666665,52.17722222222231,51.73638888888917,69.97638888888879,51.69388888888913,1.1551688986111102,5.925,4.3468,0.013,94.842584,0.2076666666666666,0.0984933333333333,0.0306133333333333,0.4070666666666667,0.053776,280.0,11.464498321816388,25.325000000000003,105.0,87.5880244817374,0.372461994076999,2.074771964461994,0.9474771964461994,1.446400894444444,0.0,0.0,0.0,0.0,0.0,0.0,0.0,0.0,17.846426194444458,3.838485444444443,24.19015230555556,188.04000000000013,206.3030555555556,210.9919444444444,204.7963194444445,213.85027777777768,42.45250377777777,1.0,404.94444444444446,522.4819444444455,686.6002777777818,65.69750000000039,1471.4266666666667,2.7947489777777745,1203.6186861111114,109158.4036111111,0.0,0.0,0.0,0.0,0.0,0.0,0.0,0.0,0.0,0.0,0.0,0.0,38.7819444444442,35.25972222222216,26.96638888888892,62.32250000000007,60.0,11.685,5.832,87.27,0.425,6.5,1.045,4.357514388888893,3.7600387056819953,51.672,0.0863031235485369,59.274643714197246,0.0193363717293698,5.065824818083295,0.0341994697321566,0.1223988814057903,0.0158233472673788,0.0642749264592042,5.528822960210559,0.3093062006502554,2.560092506579966,5902.0917249999975,8.33,17.88475140055788,70.2,1.3,20.17,1260.5245055555556,87.7516666666674,2233.14103888889,101.709,2.7,1.92226148409894,10.88,5.17777777777778,79.62333333333333,54.24,8.34,37.66,72.17,0.051,2.1,0.2,0.029,0.052,5.66,0.16,1.081664834830192,19.0312,36.54626666666667,0.2174666666666666,0.3968,8.047466666666665,0.2489333333333333,0.18,0.4968,33.7872,0.93,1.3198467535266365,0.0,0.6757137344444429,0.2912320211111111,1.3481890638888905,18.64171542201391,,22.0,8.0,0.0,212.91587055555567,97.00495216319446,26.272727272727277,28.25
2026-03-14 06:00:00,535.3977900552486,200.2145425414365,46.21657458563536,44.13646408839791,71.76077348066303,52.03535911602207,51.44972375690605,73.33646408839778,51.91602209944743,1.1546049060773484,6.154696132596685,4.3348,0.013,94.772024,0.2176666666666666,0.1040933333333333,0.0254133333333333,0.4710666666666667,0.061936,280.0,11.463504868812551,29.576,105.0,87.58906309169596,0.3723867324857993,2.074320394914796,0.9474320394914796,1.4478530497237574,0.0,0.0,0.0,0.0,0.0,0.0,0.0,0.0,18.37908558011051,3.7380262651933713,23.87593966850828,160.37790055248632,180.46077348066297,191.19668508287288,181.3343922651934,193.30220994475133,43.49586287292819,1.0,405.095580110497,522.5729281767959,686.5607734806642,65.54972375690615,1473.0266666666666,2.7959461325966863,1200.7386132596662,109518.7922651934,0.0,0.0,0.0,0.0,0.0,0.0,0.0,0.0,0.0,0.0,0.0,0.0,38.63812154696139,35.80773480662981,27.06574585635356,63.76243093922649,60.0,11.685,6.942,87.27,0.425,6.5,1.045,4.36984591160221,3.789038399864968,59.245000000000005,0.0865310827917967,59.22519183053421,0.0193394548063127,5.080961093763186,0.0344909443834922,0.1222957549160266,0.0158980335893324,0.0644918896109376,5.5505902607815,0.3138470588235294,2.567787998987256,5939.052917127069,8.33,18.21288642510914,70.2,1.3,20.17,1260.5127403314916,90.96685082872936,2220.604375690608,118.659,2.7,1.92226148409894,10.88,5.17777777777778,79.62333333333333,54.24,8.34,37.66,72.17,0.051,2.1,0.2,0.029,0.052,5.66,0.16,1.0872422849700394,18.9232,36.68226666666666,0.2454666666666666,0.3848,8.075466666666665,0.2449333333333333,0.18,0.4848,33.7392,0.93,1.3265945644586243,0.0,0.7272626629834259,0.2932481232044198,1.3481321436464098,24.91444351767955,,22.0,8.0,0.0,212.1417303867404,96.52842688674032,26.272727272727277,28.25
2026-03-14 07:00:00,535.0,171.10908547486034,45.57206703910613,43.637988826815736,85.13184357541896,51.24469273743023,52.00111731843571,67.73296089385467,52.26871508379887,1.165819541899441,7.0,4.3228,0.013,94.701464,0.2276666666666666,0.1096933333333333,0.0202133333333333,0.5350666666666667,0.0700959999999999,280.0,11.46352977958418,25.588,105.0,87.58903704861655,0.3723886196654681,2.074331717992809,0.9474331717992808,1.4416223798882688,0.0,0.0,0.0,0.0,0.0,0.0,0.0,0.0,18.388132681564237,3.717799469273741,23.93015748603352,205.04636871508384,225.90502793296093,245.60391061452503,228.5,237.44469273743016,43.45399351955312,1.0,405.3055865921792,522.7525139664814,686.3413407821247,65.27653631284913,1474.6266666666668,2.790248949720668,1202.293245810056,109294.03072625698,0.0,0.0,0.0,0.0,0.0,0.0,0.0,0.0,0.0,0.0,0.0,0.0,38.69608938547482,37.64189944134069,31.30558659217876,70.36983240223466,60.0,11.685,6.102,87.27,0.425,6.5,1.045,4.326526748603354,3.7841289546680112,51.553,0.0858840610633716,59.25741799701278,0.0192940275056737,5.062324404011405,0.0343890559230306,0.1216438034643958,0.0158833045603553,0.0643421139409927,5.531364615056349,0.3130296200027156,2.5644734545031325,5866.445022346374,8.33,17.72690125519554,70.2,1.3,20.17,1264.242011173184,91.73228471683149,2223.384921787711,101.66,2.7,1.92226148409894,10.88,5.17777777777778,79.62333333333333,54.24,8.34,37.66,72.17,0.051,2.1,0.2,0.029,0.052,5.66,0.16,1.092819735109887,18.8152,36.818266666666666,0.2734666666666667,0.3728,8.103466666666666,0.2409333333333333,0.18,0.4728,33.6912,0.93,1.3333423753906122,0.0,0.8515721960893854,0.2758028363128491,1.3483507765363123,25.002155449860357,,22.0,8.0,0.0,212.1287921787709,92.671953825419,26.272727272727277,28.25
2026-03-14 08:00:00,535.0,191.54743250000013,45.40527777777746,43.52388888888891,84.3019444444444,51.16388888888906,53.241944444444535,65.15777777777774,52.4213888888889,1.1845412630555543,6.286111111111111,4.345555555555555,0.0127444444444444,94.7465888888889,0.2223333333333333,0.1071666666666666,0.0233444444444444,0.4784444444444445,0.0638222222222222,280.0,11.384138106019206,25.618,105.0,87.65334061987664,0.3875638223124366,2.2252127410414557,0.9625212741041456,1.4517993444444444,0.0,0.0,0.0,0.0,0.0,0.0,0.0,0.0,17.987606555555576,3.720317333333334,24.214627249999975,189.3644444444444,197.4288888888888,220.7525,205.45361111111103,214.26861111111103,42.62236675,1.0,405.3691666666646,522.788888888887,686.1708333333361,65.20194444444411,1478.5777777777778,2.800258738888887,1216.0485722222256,110024.28472222218,0.0,0.0,0.0,0.0,0.0,0.0,0.0,0.0,0.0,0.0,0.0,0.0,38.53527777777781,37.05500000000007,30.025277777777777,70.9169444444445,60.0,12.005,6.004,87.065,0.405,5.3,0.93,4.336865827777779,4.040570307843175,52.007,0.1385067010210164,58.98778049108774,0.0239284711673428,4.59131539985002,0.0444016959255484,0.1318882073567019,0.0186308766127636,0.0653774107331705,5.951019285865364,0.3376834656873113,2.3196627377083856,5920.753905555557,7.9,17.82050896739716,70.97,1.24,19.89,1265.4647972222226,93.03444444444406,2237.129477777778,101.777,2.76,1.844290657439446,10.66,5.17777777777778,79.62333333333333,54.3,8.13,37.66,72.17,0.051,2.13,0.2,0.022,0.05,5.78,0.16,1.0925991893381808,18.669888888888888,36.83211111111111,0.2978888888888889,0.3878888888888889,8.102333333333332,0.2604444444444444,0.1851111111111111,0.4674444444444444,33.71066666666667,0.9708888888888888,1.332949615907774,0.0,0.9297574349999992,0.2672580494444442,1.3483542166666669,22.42450415319446,,22.0,8.0,0.0,214.8152344444444,95.38003480625002,26.272727272727277,28.25
2026-03-14 09:00:00,535.0,199.7877128133705,45.30306406685212,43.49554317548745,78.14261838440086,51.296100278551336,54.88412256267422,62.38245125348183,52.43119777158761,1.1905651253481893,6.0,4.378888888888889,0.0124111111111111,94.82692222222222,0.2123333333333333,0.1021666666666666,0.0290111111111111,0.3851111111111112,0.0531555555555555,280.0,11.382512901280077,29.842,105.0,87.65498693117084,0.3875005026472757,2.2250016754909194,0.9625001675490918,1.4601507353760443,0.0,0.0,0.0,0.0,0.0,0.0,0.0,0.0,18.00688239554316,3.693475604456823,24.171962646239532,171.92284122562666,191.8077994428969,202.28440111420596,190.37409470752084,195.48133704735383,42.69209757660167,1.0,405.445125348189,522.8389972144823,685.9899721448445,65.11699164345396,1483.2444444444443,2.8084901058495824,1219.7771977715893,110726.82200557106,0.0,0.0,0.0,0.0,0.0,0.0,0.0,0.0,0.0,0.0,0.0,0.0,37.910027855153,35.898328690807645,27.59665738161566,65.9479108635097,60.0,12.005,6.821,87.065,0.405,5.3,0.93,4.324277515320331,3.994666146671216,61.539,0.1423311721022441,58.98338744535985,0.0239666552917661,4.633240709143795,0.0439595866036172,0.1340741643510619,0.0184537935293066,0.0653223971790246,5.962014332374591,0.3314807520434196,2.313978127691383,5941.1221699164325,7.9,17.741148897827248,70.97,1.24,19.89,1265.055451253483,88.7999999999995,2239.687554317549,118.688,2.76,1.844290657439446,10.66,5.17777777777778,79.62333333333333,54.3,8.13,37.66,72.17,0.051,2.13,0.2,0.022,0.05,5.78,0.16,1.0906140361151324,18.513222222222225,36.80877777777778,0.3212222222222222,0.4112222222222222,8.092333333333332,0.2871111111111111,0.1917777777777777,0.4641111111111111,33.75066666666667,1.0242222222222224,1.330383639342163,0.0,1.0063520813370466,0.2695856481894151,1.3482528077994442,1.1942969384401083,,22.0,8.0,0.0,215.70010278551536,96.4718719477716,26.272727272727277,28.25
2026-03-14 10:00:00,530.7222222222222,169.11095861111093,45.468333333333305,43.561111111111245,80.42805555555567,51.579166666666765,54.13027777777789,60.62666666666643,53.06138888888888,1.157613877222221,6.711111111111111,4.412222222222222,0.0120777777777777,94.90725555555557,0.2023333333333333,0.0971666666666666,0.0346777777777777,0.2917777777777778,0.0424888888888888,280.0,11.381874584099894,25.547,105.0,87.65563353818453,0.3874756331467491,2.2249187771558305,0.962491877715583,1.4467716138888875,0.0,0.0,0.0,0.0,0.0,0.0,0.0,0.0,18.18711411111112,3.704941477777776,24.117598083333323,179.95055555555558,209.2980555555555,225.7425,206.9700694444444,212.88916666666643,42.990236472222215,1.0,405.5972222222249,522.941944444443,685.7358333333372,65.1769444444448,1487.911111111111,2.794781144444442,1200.144347222222,108162.58583333332,0.0,0.0,0.0,0.0,0.0,0.0,0.0,0.0,0.0,0.0,0.0,0.0,38.166388888888655,35.56666666666674,28.45861111111117,68.51861111111077,60.0,12.005,5.933,87.065,0.405,5.3,0.93,4.4492053194444425,3.993700980392157,51.816,0.1412108229118419,59.00894106067624,0.0239624440327312,4.614265477844681,0.0438562413154238,0.1335232360660799,0.0184578315578199,0.0651918519376254,5.947112281920642,0.3313423459935155,2.313196696001236,5963.660483333329,7.9,16.796852013515917,70.97,1.24,19.89,1247.8413944444444,99.32444444444376,2248.1198361111124,101.713,2.76,1.844290657439446,10.66,5.17777777777778,79.62333333333333,54.3,8.13,37.66,72.17,0.051,2.13,0.2,0.022,0.05,5.78,0.16,1.088628882892084,18.35655555555556,36.78544444444445,0.3445555555555555,0.4345555555555556,8.082333333333333,0.3137777777777777,0.1984444444444444,0.4607777777777778,33.79066666666667,1.0775555555555556,1.327817662776552,0.0,0.755888316388889,0.2891577422222223,1.348172169444446,1.147292880277777,,22.0,8.0,0.0,209.53700055555544,92.4072020159722,26.272727272727277,28.25
2026-03-14 11:00:00,536.1527777777778,179.39120888888914,46.42305555555552,44.23388888888885,84.05194444444453,52.44000000000001,54.03,60.8402777777777,54.51361111111107,1.192628679722222,6.643055555555556,4.42,0.012,94.93198,0.2,0.096,0.03646,0.2654,0.03816,280.0,11.383188672305996,29.909,105.0,87.65430238389781,0.3875268313885452,2.2250894379618176,0.9625089437961818,1.464922672222221,0.0,0.0,0.0,0.0,0.0,0.0,0.0,0.0,18.211347583333357,3.799792608333336,23.86115994444446,179.9138888888888,193.59694444444432,201.0461111111112,194.79090277777772,204.6066666666668,43.286561388888906,1.0,405.6861111111094,523.0616666666707,685.4727777777751,65.76666666666677,1488.54,2.812861613888888,1213.4364972222224,107381.12166666664,0.0,0.0,0.0,0.0,0.0,0.0,0.0,0.0,0.0,0.0,0.0,0.0,38.37138888888895,35.65472222222218,30.085833333333422,65.45916666666669,60.0,12.005,6.578,87.065,0.405,5.3,0.93,4.492335158333336,3.9913734911907,60.56100000000001,0.1409269661993692,59.01892257393372,0.0239623850332722,4.608490447647825,0.043796403626096,0.1333965753537755,0.0184519410181469,0.0651375802909463,5.941648420600716,0.3310246693416555,2.312645101633064,5985.731458333336,7.9,17.63724534904205,70.97,1.24,19.89,1225.6383999999998,98.31722222222253,2235.531475000001,118.639,2.76,1.844290657439446,10.66,5.17777777777778,79.62333333333333,54.3,8.13,37.66,72.17,0.051,2.13,0.2,0.022,0.05,5.78,0.16,1.0916984882271346,18.4626,36.849,0.3362,0.4538,7.8638,0.3246,0.1954,0.4968,33.754,1.0992000000000002,1.3246626165434656,0.0,1.006353734166667,0.2722939672222221,1.3479720750000015,1.0691142307638883,,22.0,8.0,0.0,208.63151944444468,93.7693351777778,26.272727272727277,28.25
2026-03-14 12:00:00,540.0,192.3131393203884,47.25194174757279,44.74223300970866,80.00825242718456,53.08009708737879,55.12864077669909,61.90922330097071,55.33592233009713,1.1373128106796115,6.25,4.418,0.012,94.94186666666668,0.1986666666666666,0.096,0.0374666666666666,0.26,0.036,280.0,11.469682047011622,26.419,105.0,87.56668571861158,0.3908967031303229,2.236322343767743,0.963632234376774,1.4092470097087388,0.0,0.0,0.0,0.0,0.0,0.0,0.0,0.0,17.91974393203883,3.845472067961166,24.2155899029126,173.39951456310683,189.5713592233008,201.940776699029,191.37524271844657,200.5893203883496,42.52942975728155,1.0,405.8048543689325,523.1757281553387,685.2262135922336,66.29757281553387,1486.8666666666666,2.757916417475728,1216.0028786407793,107674.1922330097,0.0,0.0,0.0,0.0,0.0,0.0,0.0,0.0,0.0,0.0,0.0,0.0,38.61262135922337,35.966019417475664,35.01747572815534,53.372815533980535,60.0,12.005,6.31,87.065,0.405,5.3,0.93,4.462704567961165,4.004098728003691,60.692,0.1408980425756277,58.998114413761286,0.0239561062413497,4.613922098464377,0.0439997363738219,0.1333032360113359,0.0184943649904435,0.065263955710802,5.951597574639161,0.3327510050748039,2.3147894285902586,5958.227975728153,7.9,17.79587372320854,70.97,1.24,19.89,1273.3861407766992,92.53592233009674,2230.8056310679613,118.82,2.76,1.844290657439446,10.66,5.17777777777778,79.62333333333333,54.3,8.13,37.66,72.17,0.051,2.13,0.2,0.022,0.05,5.78,0.16,1.0949098136680795,18.62,36.91,0.3293333333333333,0.4693333333333333,7.616,0.3326666666666666,0.1906666666666666,0.5373333333333333,33.71066666666667,1.118,1.320831900482758,0.0,1.0023724519417472,0.2719341995145631,1.3481554805825238,1.0413390680825243,,22.0,8.0,0.0,212.1478805825244,95.48149095995146,26.272727272727277,28.25
2026-03-14 13:00:00,535.0,183.6969624277455,48.5468208092486,45.32890173410401,76.52658959537568,53.71040462427732,55.3670520231213,60.94797687861273,55.76242774566487,1.1542880312138732,6.5,4.398,0.012,94.97053333333334,0.1853333333333333,0.096,0.0421333333333333,0.26,0.036,280.0,11.517894311135075,25.963,105.0,87.51784732118783,0.3927751030312367,2.242583676770789,0.9642583676770788,1.443373127167631,0.0,0.0,0.0,0.0,0.0,0.0,0.0,0.0,17.81199815028901,3.8061978092485553,24.202292196531783,209.2942196531792,207.16416184971092,212.55722543352596,211.5300578034682,217.10462427745676,42.400230346820805,1.0,405.9219653179195,523.2167630057793,684.8653179190765,66.90982658959528,1475.5333333333333,2.7910827919075136,1198.5822369942175,108372.11502890175,0.0,0.0,0.0,0.0,0.0,0.0,0.0,0.0,0.0,0.0,0.0,0.0,37.42023121387284,35.098843930635795,37.78554913294796,49.9809248554913,60.0,12.005,5.431,87.065,0.405,5.3,0.93,4.456911566473989,4.0370583810681016,51.849,0.1415023240563945,58.92971281991939,0.0239426797045266,4.639222357229649,0.0445795868772782,0.1333991012362823,0.0185998572778645,0.06566446797431,5.9859268259754295,0.3372269089085614,2.320717853767672,5994.218895953758,7.9,17.671647785549172,70.97,1.24,19.89,1258.2414797687868,96.2000000000003,2227.093156069364,101.868,2.76,1.844290657439446,10.66,5.17777777777778,79.62333333333333,54.3,8.13,37.66,72.17,0.051,2.13,0.2,0.022,0.05,5.78,0.16,1.0855509770551108,18.52,36.71,0.4226666666666667,0.4626666666666666,7.676,0.3593333333333333,0.1973333333333333,0.5106666666666667,33.81733333333333,1.198,1.3125336946278474,0.0,0.937083589479768,0.289085074566474,1.3477402196531785,0.9596297355491332,,22.0,8.0,0.0,210.2347976878612,94.33984752167628,26.272727272727277,28.25
2026-03-14 14:00:00,535.0416666666666,172.08769888888892,49.01611111111127,45.5805555555557,76.29416666666665,54.04027777777799,55.71805555555554,63.938055555555536,55.82416666666658,1.1827376833333336,6.856944444444444,4.400799999999999,0.01236,94.84052,0.198,0.10284,0.03752,0.3608,0.04716,280.0,11.4165685592893,25.89,105.0,87.62048899188875,0.3888273464658169,2.2294244882193897,0.9629424488219388,1.4584966249999995,0.0,0.0,0.0,0.0,0.0,0.0,0.0,0.0,17.773558444444465,3.753038186111114,23.77898366666666,173.07083333333335,179.12694444444438,179.07888888888905,181.83854166666663,196.07749999999987,42.773370861111125,1.0,406.02361111111327,523.2363888888872,684.6775000000029,67.21277777777748,1477.84,2.8068254111111126,1218.0094000000015,108064.52,0.0,0.0,0.0,0.0,0.0,0.0,0.0,0.0,0.0,0.0,0.0,0.0,38.361111111111015,34.00111111111113,35.36611111111113,52.09250000000012,60.0,12.005,5.489,87.065,0.405,5.3,0.93,4.479420374999995,4.036132786948325,51.978,0.1414567701719958,58.93224421870792,0.0239429373965908,4.638039170418255,0.0445610642964331,0.1333822001616068,0.0185970795336488,0.065650140444034,5.98460252414483,0.3371010235099465,2.320535611220132,5871.701332909073,7.9,17.46040034637519,70.97,1.24,19.89,1236.4492222222225,94.86003296942766,2244.456027777778,101.978,2.76,1.844290657439446,10.66,5.17777777777778,79.62333333333333,54.3,8.13,37.66,72.17,0.051,2.13,0.2,0.022,0.05,5.78,0.16,1.0856663716832762,18.5628,36.7056,0.4312,0.4564,7.718,0.3412,0.2036,0.4928,33.8096,1.1688,1.3139470459270224,0.0,0.8909698280555531,0.2757589369444445,1.3483276888888858,0.8937700532638885,,22.0,8.0,0.0,210.4340577777776,92.80162010277778,26.272727272727277,28.25
2026-03-14 15:00:00,535.0,185.5083472222224,49.33444444444421,45.76944444444423,80.03888888888902,54.19861111111136,55.72388888888913,66.90666666666652,55.915833333333374,1.171843568888888,6.286111111111111,4.4188,0.01296,94.60472,0.228,0.11424,0.0267199999999999,0.5288,0.06576,280.0,11.384198792382724,25.836,105.0,87.65327914537853,0.38756618671621,2.2252206223873667,0.9625220622387366,1.4371936861111114,0.0,0.0,0.0,0.0,0.0,0.0,0.0,0.0,17.718123055555562,3.7499919472222247,23.95818897222221,177.16972222222228,208.5644444444446,209.30222222222224,202.03173611111112,213.0905555555554,42.51619263888891,1.0,406.1830555555552,523.2250000000029,684.5325000000001,67.33972222222232,1489.24,2.784754291666663,1204.3120972222196,108651.45944444448,0.0,0.0,0.0,0.0,0.0,0.0,0.0,0.0,0.0,0.0,0.0,0.0,38.51194444444453,32.78166666666667,29.103333333333296,57.23777777777784,60.0,12.005,5.591,87.065,0.405,5.3,0.93,4.445339877777776,4.0329385813480645,52.134,0.141834887021905,58.92954655311313,0.0239460620708175,4.642808531860206,0.0445390723903786,0.1335899796677792,0.0185840334522576,0.0656583803276173,5.986779069321364,0.336670157670618,2.320201787700925,5989.154599999993,7.9,17.269353365630348,70.97,1.24,19.89,1261.6822722222228,93.0920555555552,2245.087905555557,102.017,2.76,1.844290657439446,10.66,5.17777777777778,79.62333333333333,54.3,8.13,37.66,72.17,0.051,2.13,0.2,0.022,0.05,5.78,0.16,1.092097920472198,18.7008,36.8316,0.3832,0.4504,7.748,0.2931999999999999,0.2095999999999999,0.4808,33.7256,1.0668,1.321834768662254,0.0,0.8948181941666667,0.2653501150000001,1.348278894444443,0.8986469879166665,,22.0,8.0,0.0,211.2284822222224,94.57985600694448,26.272727272727277,28.25
2026-03-14 16:00:00,535.0,195.6011516666668,49.36166666666642,45.78138888888885,74.26611111111113,54.31527777777774,57.31916666666661,65.73638888888901,55.75972222222181,1.1835149388888888,6.358333333333333,4.444888888888888,0.0123777777777777,94.65308888888887,0.2113333333333333,0.1062888888888888,0.0284888888888888,0.484,0.0595333333333333,280.0,11.416273850354637,30.031,105.0,87.61372614964537,0.4174483034197995,2.225516965802005,0.97,1.4795339138888886,0.0,0.0,0.0,0.0,0.0,0.0,0.0,0.0,17.686969833333308,3.815827569444441,23.822483,174.58361111111108,199.1655555555556,192.63833333333343,192.03506944444447,201.75277777777785,42.60931091666664,1.0,406.1927777777771,523.1233333333339,684.2669444444447,67.4263888888888,1491.2444444444443,2.822510669444448,1194.2648861111104,111416.58805555556,0.0,0.0,0.0,0.0,0.0,0.0,0.0,0.0,0.0,0.0,0.0,0.0,38.83138888888869,31.815833333333423,29.493055555555564,56.67305555555552,60.0,12.005,6.759,87.065,0.405,5.3,0.93,4.355520041666666,3.792210333179004,58.317,0.142697018022189,59.316455407514106,0.0240661556664437,4.545264502632166,0.040717217963887,0.1355122862973061,0.0177794468165372,0.0633016273127904,5.802536653120017,0.3040144897714216,2.279810346897132,5653.85947755176,8.23,18.440002454964876,70.96,1.09,19.72,1258.278633333333,94.27348611111124,2205.288180555555,121.726,2.59,1.890625,10.89,5.17777777777778,79.62333333333333,54.23,8.19,37.66,72.17,0.05,2.28,0.24,0.026,0.051,5.76,0.16,1.1029549256100124,18.722444444444445,37.03288888888889,0.3613333333333333,0.4313333333333333,7.849555555555556,0.2588888888888889,0.1975555555555555,0.4862222222222222,33.57688888888889,0.9728888888888888,1.3367436846741234,0.0,0.8397425147777764,0.2960189938888887,1.3428782472222214,0.9301972500694444,,22.0,8.0,0.0,213.18349388888885,95.91715259583334,26.272727272727277,28.25
2026-03-14 17:00:00,535.0,202.38940777777765,49.08972222222225,45.543055555555576,70.37444444444435,54.069444444444365,57.33750000000022,64.8541666666665,55.448055555555456,1.1705028777777784,6.141666666666667,4.467428571428571,0.0112571428571428,94.7165142857143,0.2037142857142857,0.0978428571428571,0.0305571428571428,0.4221428571428571,0.0505428571428571,280.0,11.416988055273636,25.618,105.0,87.61301194472635,0.417438519790772,2.225614802092279,0.97,1.447253477777776,0.0,0.0,0.0,0.0,0.0,0.0,0.0,0.0,17.422044472222204,4.394177572222227,24.2766688611111,179.84611111111116,197.37583333333347,192.5011111111112,193.7989583333334,205.47277777777776,41.78308013888888,1.0,406.0527777777799,522.8463888888884,684.0027777777767,67.16277777777795,1486.6142857142856,2.77361026388889,1204.2699055555531,109281.4811111111,0.0,0.0,0.0,0.0,0.0,0.0,0.0,0.0,0.0,0.0,0.0,0.0,38.88472222222224,31.61249999999999,30.21500000000005,56.88083333333331,60.0,12.005,5.818,87.065,0.405,5.3,0.93,4.450324388888889,3.744062720865895,49.521,0.143297065891238,59.38470729589467,0.0240919609862482,4.53282627572141,0.0399863088386745,0.1361093273560711,0.0176157589709416,0.0628763352920983,5.771075907190888,0.2974859352597888,2.2719674481533088,5973.329883333342,8.23,18.43798144363116,70.96,1.09,19.72,1260.6647333333333,91.10151388888866,2149.9034916666674,104.554,2.59,1.890625,10.89,5.17777777777778,79.62333333333333,54.23,8.19,37.66,72.17,0.05,2.28,0.24,0.026,0.051,5.76,0.16,1.1076941621133916,18.62971428571429,37.13142857142857,0.3704285714285714,0.4311428571428571,7.869142857142857,0.2715714285714286,0.19,0.4937142857142857,33.52157142857143,0.9812857142857144,1.3424487161423562,0.0,0.907207256666666,0.2767505849999999,1.3265877888888886,1.0139864905555562,,22.0,8.0,0.0,212.66462416666667,96.81659653055554,26.272727272727277,28.25
2026-03-14 18:00:00,534.6166666666667,195.29924527777808,48.91222222222208,45.45833333333317,67.14972222222208,53.92111111111106,56.21055555555573,65.06638888888904,55.18083333333343,1.1254379105555543,6.358333333333333,4.484571428571429,0.0095428571428571,94.77308571428571,0.2122857142857143,0.0905571428571428,0.0318428571428571,0.3578571428571429,0.0402571428571428,280.0,11.42496227802066,25.847,105.0,87.60503772197934,0.4173292838627307,2.226707161372693,0.97,1.430396130555556,0.0,0.0,0.0,0.0,0.0,0.0,0.0,0.0,17.655550888888914,4.410051749999999,24.153645527777755,204.91805555555555,236.97222222222211,242.2802777777777,228.86715277777773,231.29805555555564,42.231144638888885,1.0,406.2477777777766,522.9230555555534,684.0861111111149,67.23027777777784,1474.1857142857143,2.767212369444448,1187.741244444443,109359.82305555552,0.0,0.0,0.0,0.0,0.0,0.0,0.0,0.0,0.0,0.0,0.0,0.0,38.92777777777764,30.599166666666584,35.26972222222225,52.27222222222221,60.0,12.005,5.873,87.065,0.405,5.3,0.93,4.441533844444444,3.718414380877744,51.03999999999999,0.1417337774294671,59.46128115203764,0.0240978448275862,4.495062695924766,0.0394494710031348,0.1354913793103448,0.0175407327586206,0.0624468847962382,5.730586010971788,0.293995630877743,2.26675156739812,5960.304913888897,8.23,18.411540687205104,70.96,1.09,19.72,1276.0986944444444,94.27348611111124,2139.9410166666685,104.778,2.59,1.890625,10.89,5.17777777777778,79.62333333333333,54.23,8.19,37.66,72.17,0.05,2.28,0.24,0.026,0.051,5.76,0.16,1.1040198728314583,18.39828571428572,37.08857142857143,0.4175714285714286,0.4568571428571428,7.774857142857143,0.3444285714285714,0.19,0.5022857142857143,33.59442857142857,1.1227142857142858,1.3354620728463666,0.0,0.6134307581111091,0.3049581641666667,1.336842313888888,1.0602160734027777,,22.0,8.0,0.0,211.4494997222224,95.8771499993056,26.272727272727277,28.25
2026-03-14 19:00:00,534.8777777777777,201.9253494444443,48.787222222222425,45.3686111111108,69.55249999999991,53.766388888889104,55.59583333333343,64.39305555555545,54.78277777777775,1.1460325625,6.141666666666667,4.494,0.00824,94.83156,0.2188,0.0849,0.03384,0.2976,0.03106,280.0,11.422445918469386,30.001,105.0,87.60755408153062,0.4173637545415153,2.2263624545848475,0.97,1.4347617305555556,0.0,0.0,0.0,0.0,0.0,0.0,0.0,0.0,17.869212527777783,4.081950836111111,24.00537733333334,161.55527777777783,177.4886111111111,177.67999999999995,173.0011805555556,175.28083333333348,42.673715194444455,1.0,406.3855555555535,522.9469444444417,684.0666666666687,67.28638888888864,1463.66,2.78295389722222,1210.3448749999998,108582.6186111111,0.0,0.0,0.0,0.0,0.0,0.0,0.0,0.0,0.0,0.0,0.0,0.0,39.06083333333352,30.47305555555552,35.691666666666634,49.43277777777792,60.0,12.005,6.74,87.065,0.405,5.3,0.93,4.441665386111112,3.746487006570393,57.68300000000001,0.1427203508832758,59.39294298146767,0.0240883795919074,4.524415165646723,0.0399803061560598,0.1358076036267184,0.0176275332420297,0.0628388606695213,5.765772411282352,0.2978110188443735,2.272061092522927,5965.145780555551,8.23,18.410176343641886,70.96,1.09,19.72,1264.8777472222223,91.17318055555516,2197.1261361111133,121.975,2.59,1.890625,10.89,5.17777777777778,79.62333333333333,54.23,8.19,37.66,72.17,0.05,2.28,0.24,0.026,0.051,5.76,0.16,1.1029129853522437,18.163,37.0872,0.4708,0.4781999999999999,7.6852,0.4081999999999999,0.1894,0.5112,33.627599999999994,1.2464,1.331452633754424,0.0,1.018354597499999,0.2887291455555555,1.3481625611111108,1.0697213437500013,,22.0,8.0,0.0,212.14128527777763,96.75510880138889,26.272727272727277,28.25
2026-03-14 20:00:00,531.7888888888889,186.1070427777775,48.45277777777755,45.23888888888917,69.18333333333312,53.53638888888917,55.441111111111,62.57777777777774,54.192777777778105,1.129570061388889,6.716666666666667,4.434,0.01064,94.90716,0.2068,0.0939,0.04224,0.2736,0.03166,280.0,11.423145123658424,25.716,105.0,87.60685487634156,0.4173541763882407,2.226458236117592,0.97,1.4467032972222222,0.0,0.0,0.0,0.0,0.0,0.0,0.0,0.0,18.0027248333333,3.986689830555557,24.228660777777797,218.6794444444445,254.34249999999992,245.9308333333333,242.194861111111,249.82666666666628,42.63420838888891,1.0,406.4119444444418,522.916111111108,684.0269444444451,67.08138888888888,1470.26,2.784051044444442,1196.5182333333312,107716.615,0.0,0.0,0.0,0.0,0.0,0.0,0.0,0.0,0.0,0.0,0.0,0.0,39.01611111111104,31.239166666666627,34.75083333333333,47.703888888888834,60.0,12.005,5.598,87.065,0.405,5.3,0.93,4.460801597222225,3.7441557069776112,48.283,0.1448049624091295,59.35234492471471,0.0240982126214195,4.557805231655034,0.0401059171965288,0.1368583145206387,0.0176063210653853,0.0630397655489509,5.790155334175589,0.2975085848021042,2.272814448149452,5959.47853055555,8.23,18.592589858947417,70.96,1.09,19.72,1245.79778888889,99.90266666666686,2196.5069888888893,104.301,2.59,1.890625,10.89,5.17777777777778,79.62333333333333,54.23,8.19,37.66,72.17,0.05,2.28,0.24,0.026,0.051,5.76,0.16,1.1249127140974968,17.893,37.4592,0.5788,0.4602,7.6372,0.3902,0.1834,0.5232,33.3036,1.2104,1.354238032498902,0.0,0.4725429376388878,0.3171332383333332,1.3375855611111107,1.0596412722916675,,22.0,8.0,0.0,208.67199583333328,94.65918316805552,26.272727272727277,28.25
2026-03-14 21:00:00,534.2277777777778,214.3766611111112,48.139166666666775,45.16583333333346,85.56222222222229,53.312777777777725,54.81944444444453,62.59444444444456,53.6458333333333,1.1438728894444432,5.925,4.40247619047619,0.012,94.83614476190476,0.2116380952380952,0.099247619047619,0.0390761904761904,0.3565714285714286,0.0428457142857142,280.0,11.422724259099647,30.166000000000004,105.0,87.60727574090035,0.4173599416561691,2.226400583438308,0.97,1.398509738888888,0.0,0.0,0.0,0.0,0.0,0.0,0.0,0.0,17.41456891666667,4.147175608333339,23.78906280555555,158.10555555555553,166.08527777777778,171.97250000000008,166.9046527777778,171.4552777777778,42.26814905555557,1.0,406.37361111110965,522.8224999999971,683.8722222222166,67.03638888888881,1473.752380952381,2.7470944000000017,1196.5632555555565,108365.96861111114,0.0,0.0,0.0,0.0,0.0,0.0,0.0,0.0,0.0,0.0,0.0,0.0,38.08194444444424,33.54222222222225,28.804999999999986,66.0350000000001,60.0,12.005,6.125,87.065,0.405,5.3,0.93,4.416384319444446,3.700698480498565,57.124,0.1427272599957986,59.46989111406765,0.0241105664869406,4.503263952104195,0.0392410545480008,0.136095161403263,0.0174755094181079,0.0623736608080666,5.728748336951194,0.2915985925355367,2.264291716266368,5935.281377777763,8.23,18.913595303188885,70.96,1.09,19.72,1293.8888944444443,88.22600000000007,2192.879950000001,121.967,2.59,1.890625,10.89,5.17777777777778,79.62333333333333,54.23,8.19,37.66,72.17,0.05,2.28,0.24,0.026,0.051,5.76,0.16,1.133816149383451,17.79695238095238,37.679904761904766,0.5780952380952381,0.4326666666666667,7.718952380952381,0.3478095238095238,0.18,0.5176190476190476,33.23390476190476,1.1157142857142857,1.3660518512215951,0.0,1.0902078836111115,0.2546368566666667,1.34838138611111,1.0426935681250002,,22.0,8.0,0.0,212.2336288888889,98.40490759722223,26.272727272727277,28.25
2026-03-14 22:00:00,536.1583333333333,199.24135416666667,48.13027777777803,45.39472222222215,91.59222222222232,53.27722222222206,54.25083333333374,62.10277777777784,53.72222222222224,1.1585542638888895,6.216666666666667,4.408190476190477,0.012,94.57340190476192,0.2384952380952381,0.0998190476190476,0.0207904761904761,0.5794285714285714,0.0678742857142857,280.0,11.44628818011257,26.65,105.0,87.58371181988743,0.4170371482176359,2.22962851782364,0.97,1.452936625,0.0,0.0,0.0,0.0,0.0,0.0,0.0,0.0,17.617307444444428,3.876792355555556,23.730685416666685,180.8488888888889,204.5580555555556,222.3083333333333,206.8983333333333,219.87805555555548,42.60814766666671,1.0,406.3102777777789,522.7347222222251,683.7225000000042,67.07833333333326,1473.1809523809525,2.795404030555549,1192.6698500000002,107378.72194444446,0.0,0.0,0.0,0.0,0.0,0.0,0.0,0.0,0.0,0.0,0.0,0.0,38.00305555555562,34.91222222222232,28.326388888888918,70.11527777777779,60.0,12.005,5.278,87.065,0.405,5.3,0.93,4.461625355555554,3.7254696039332367,47.391000000000005,0.1445172712118334,59.38995188959929,0.0241060538920892,4.544369395032812,0.039781477495727,0.1368312548796184,0.0175461585533118,0.0628186153489059,5.77138465109409,0.2949713869722098,2.269483657234496,5942.301730555549,8.23,18.422386916527863,70.96,1.09,19.72,1233.0804666666672,92.4626666666671,2192.769961111112,105.057,2.59,1.890625,10.89,5.17777777777778,79.62333333333333,54.23,8.19,37.66,72.17,0.05,2.28,0.24,0.026,0.051,5.76,0.16,1.1255936624534004,17.92838095238095,37.70276190476191,0.4352380952380952,0.3926666666666666,7.970380952380953,0.2735238095238095,0.18,0.489047619047619,33.496761904761904,0.9442857142857144,1.3635182191465696,0.0,0.7428578422222228,0.2943823436111111,1.3425466861111088,1.0211154586111113,,22.0,8.0,0.0,206.2204177777776,96.39947942708334,26.272727272727277,28.25
2026-03-14 23:00:00,538.0,192.10854416666655,48.138888888889,45.40277777777743,88.38694444444441,53.17722222222238,54.473611111111104,63.06472222222215,53.76972222222238,1.1592214033333337,6.5,4.3994193548387095,0.0122645161290322,94.5811406451613,0.2430322580645161,0.1,0.0163225806451612,0.5785806451612904,0.06924,280.0,11.418966439363553,29.916,105.0,87.61103356063646,0.4174114186388554,2.2258858136114457,0.97,1.4619304472222223,0.0,0.0,0.0,0.0,0.0,0.0,0.0,0.0,18.089867583333326,3.9293659805555543,23.760465416666648,158.0005555555556,168.74333333333345,181.6036111111111,171.3203472222222,176.93388888888873,43.22332058333336,1.0,406.2775000000005,522.5124999999977,683.4624999999962,67.28111111111086,1476.4387096774194,2.810084669444445,1221.3836777777797,108020.0513888888,0.0,0.0,0.0,0.0,0.0,0.0,0.0,0.0,0.0,0.0,0.0,0.0,38.75305555555562,37.50250000000005,31.735555555555575,64.15277777777783,60.0,12.005,6.337,87.065,0.405,5.3,0.93,4.413888455555558,3.594947008547009,55.575,0.1395350787224471,59.71612739541162,0.0241484120557804,4.401361583445795,0.0372824291497975,0.1351645524066576,0.0171451372019793,0.0609535582546108,5.602806657669816,0.2772292577597841,2.2445793972109764,5914.69562777778,8.23,18.53190013079412,70.96,1.09,19.72,1233.8220305555549,96.46577777777804,2210.253075,122.214,2.59,1.890625,10.89,5.17777777777778,79.62333333333333,54.23,8.19,37.66,72.17,0.05,2.28,0.24,0.026,0.051,5.76,0.16,1.1291550941976376,17.914451612903225,37.807870967741934,0.3873548387096774,0.3773548387096774,8.076451612903226,0.2605806451612903,0.18,0.4852903225806451,33.48477419354838,0.9111612903225806,1.3703645567902494,0.0,0.90129970638889,0.3027090430555553,1.3482023249999997,1.0683451958333334,,22.0,8.0,0.0,210.68058944444425,95.45438210208331,26.272727272727277,28.25
2026-03-15 00:00:00,531.0055555555556,190.7036236111113,48.05333333333343,45.304444444444165,88.01972222222236,52.85416666666625,54.76527777777768,64.45583333333336,53.57861111111133,1.135889998333334,6.5,4.383935483870967,0.0126516129032258,94.71422451612904,0.2372258064516129,0.1,0.018258064516129,0.4740645161290323,0.05964,280.0,11.49362556113018,18.935,105.0,87.55757327700026,0.4029337206231845,2.0880116186955373,0.9488011618695537,1.4793705333333331,0.0,0.0,0.0,0.0,0.0,0.0,0.0,0.0,18.41726958333334,3.8565859583333295,23.50460588888889,191.6333333333334,221.6091666666668,239.17333333333303,216.47090277777772,213.4677777777778,43.93030255555556,1.0,406.19138888888864,522.3902777777747,683.2441666666712,67.23166666666684,1481.4709677419355,2.8275422333333333,1158.6534027777782,107038.42472222223,0.0,0.0,0.0,0.0,0.0,0.0,0.0,0.0,0.0,0.0,0.0,0.0,39.42055555555556,38.78111111111105,30.515000000000025,61.90916666666666,60.0,12.3,4.675,86.72999999999999,0.45,5.75,0.97,4.479152316666668,4.217375006109183,40.922,0.1248624211915351,58.31347930208689,0.0313798690191095,5.0309593861492585,0.0430360197448805,0.1194816968867601,0.0215398074385416,0.0684614877083231,6.477658472215433,0.3136947118909144,2.4704633204633204,5941.13702222222,8.1,18.24652270711118,71.09,1.02,19.79,1208.614311111112,95.68000000000023,2159.8136027777773,87.325,2.67,1.91958041958042,10.98,4.978888888888889,79.49,53.86,8.05,37.66,72.17,0.051,2.43,0.23,0.028,0.053,5.72,0.16,1.13817736630313,17.833161290322582,37.951096774193545,0.3834838709677419,0.3734838709677419,8.11516129032258,0.2760645161290322,0.18,0.4930322580645161,33.34541935483871,0.9421290322580644,1.3815577096694267,0.0,0.4086564202777765,0.343480532222222,1.3481383694444458,1.1000753183333332,,22.0,8.0,0.0,199.6562188888888,95.26823012847224,27.318181818181817,28.25
2026-03-15 01:00:00,526.6583333333333,198.44185416666667,47.96416666666664,45.29666666666638,86.07055555555554,52.74555555555532,53.851111111111386,65.59833333333363,53.40194444444442,1.1707649555555562,6.141666666666667,4.37336,0.0130479999999999,94.8241408,0.232768,0.100864,0.02,0.38432,0.0514991999999999,280.0,11.508475713280053,24.149,105.0,87.54204811793448,0.4031587229284856,2.0947616878545694,0.9494761687854568,1.457217208333333,0.0,0.0,0.0,0.0,0.0,0.0,0.0,0.0,17.646460777777758,3.9770126277777726,24.509138833333328,190.3769444444445,203.9736111111111,227.42972222222215,208.7673611111111,213.2891666666665,41.85844366666663,1.0,406.1536111111121,522.2950000000006,682.9799999999973,67.22249999999988,1485.28,2.805033047222222,1190.8596277777792,108430.3411111112,0.0,0.0,0.0,0.0,0.0,0.0,0.0,0.0,0.0,0.0,0.0,0.0,39.30666666666645,37.387777777777785,29.718611111111095,65.01472222222219,60.0,12.3,5.579,86.72999999999999,0.45,5.75,0.97,4.411162644444449,4.238717077142276,49.13,0.12629656014655,58.23986647669449,0.0313075513942601,5.068639934866681,0.0432446570323631,0.1203405251373906,0.0215454508446977,0.0687325666598819,6.516502951353553,0.3170513739059638,2.4795237125992267,5934.71399722222,8.1,17.94425900668515,71.09,1.02,19.79,1241.7720694444438,90.4257777777776,2203.447936111111,104.777,2.67,1.91958041958042,10.98,4.978888888888889,79.49,53.86,8.05,37.66,72.17,0.051,2.43,0.23,0.028,0.053,5.72,0.16,1.1470026000369904,17.758080000000003,38.10064,0.37568,0.36952,8.14664,0.2875999999999999,0.18,0.50048,33.2176,0.96424,1.39225319078536,0.0,0.948189210833333,0.2864522861111112,1.3479225861111137,1.1003838106250008,,22.0,8.0,0.0,207.12312166666663,96.29354567708332,27.318181818181817,28.25
2026-03-15 02:00:00,533.2138888888888,182.79592722222228,48.064166666666885,45.47111111111116,84.13611111111106,52.90611111111088,53.46972222222237,65.75416666666683,53.47527777777752,1.1513453672222222,6.716666666666667,4.406960000000001,0.013528,94.7255488,0.240448,0.109504,0.02,0.42752,0.0564912,280.0,11.467579868708972,25.135,105.0,87.58480286453154,0.4025390889198329,2.076172667594987,0.9476172667594988,1.4417274500000004,0.0,0.0,0.0,0.0,0.0,0.0,0.0,0.0,18.19736219444445,4.011140061111112,23.645037666666635,157.01083333333338,158.76194444444448,174.30055555555563,166.98500000000004,177.8666666666667,43.49298302777776,1.0,406.14666666666807,522.2061111111135,682.7319444444495,67.3113888888887,1478.08,2.7902519888888904,1218.3932111111114,107754.02055555549,0.0,0.0,0.0,0.0,0.0,0.0,0.0,0.0,0.0,0.0,0.0,0.0,39.75222222222229,38.1108333333333,33.59777777777783,61.76361111111108,60.0,12.3,5.66,86.72999999999999,0.45,5.75,0.97,4.42547489166667,4.213633824174947,50.118,0.1299533101879564,58.21850113731593,0.0313125423999361,5.098954467456801,0.0431828883834151,0.1226429626082445,0.0214124266730516,0.0688985993056386,6.537418891416257,0.3137894169759367,2.4775449938145977,5916.548047222222,8.1,18.065437138152184,71.09,1.02,19.79,1249.2761222222225,98.82844444444504,2227.3670861111086,105.322,2.67,1.91958041958042,10.98,4.978888888888889,79.49,53.86,8.05,37.66,72.17,0.051,2.43,0.23,0.028,0.053,5.72,0.16,1.15405448842616,17.73888,38.30704,0.33248,0.36472,8.11304,0.2636,0.18,0.50528,33.1936,0.90664,1.3984696260320966,0.0,0.941910215000001,0.2903820613888888,1.3483204416666688,1.1228103586805578,,22.0,8.0,0.0,211.4578188888888,94.22046035694446,27.318181818181817,28.25
2026-03-15 03:00:00,527.2027777777778,185.8145130555556,48.37833333333322,45.91027777777778,81.66250000000005,53.40694444444418,53.90055555555534,66.21111111111102,53.99472222222237,1.1190087324999998,6.283333333333333,4.4391428571428575,0.0139904761904761,94.6299380952381,0.2480571428571428,0.1178857142857142,0.0199809523809523,0.4696190476190476,0.0613857142857142,280.0,11.469489661766463,25.101,105.0,87.58280626269871,0.4025680251782798,2.0770407553483925,0.9477040755348392,1.4710378027777768,0.42,0.444,0.0,0.53,1.28,0.0,96.72,0.1,18.001543277777753,3.982566527777785,24.40605722222218,194.75277777777785,215.3894444444445,228.53500000000005,213.69937500000003,216.1202777777777,42.44713524999998,1.0,406.0577777777781,522.1186111111127,682.4199999999963,67.59861111111121,1471.142857142857,2.819227375,1153.1916388888883,107882.25361111113,0.0,0.0,0.0,0.0,0.0,0.0,0.0,0.0,0.0,0.0,0.0,0.0,41.01611111111128,40.95111111111117,36.759444444444405,60.823055555555584,60.0,12.3,5.705,86.72999999999999,0.45,5.75,0.97,4.4335018305555565,3.9438141780728566,51.361,0.1291215124316115,58.79981425595297,0.0319677576371176,4.864145557913592,0.0411391912151243,0.1225094916376239,0.0209317964992893,0.0670407897042503,6.261889955413642,0.2735644944607777,2.391072993127081,5932.7314805555625,8.1,17.176858755311557,71.09,1.02,19.79,1224.1877999999992,92.4408888888886,2197.452897222222,103.128,2.67,1.91958041958042,10.98,4.978888888888889,79.49,53.86,8.05,37.66,72.17,0.051,2.43,0.23,0.028,0.053,5.72,0.16,1.1607305936426444,17.722761904761903,38.50380952380952,0.2896190476190476,0.3605714285714285,8.079809523809525,0.2402857142857142,0.1801904761904761,0.5097142857142857,33.17209523809524,0.851047619047619,1.4043032121245551,0.0,0.38246044675,0.3520290791666664,1.348272236111112,1.2829553811111114,,22.0,8.0,0.0,200.38386833333337,94.62042297986112,27.318181818181817,28.25
2026-03-15 04:00:00,529.0694444444445,192.22007138888875,48.63416666666708,46.28861111111085,82.41083333333344,53.71722222222242,53.61444444444459,64.61749999999999,54.43972222222216,1.175529608333334,6.0,4.387714285714286,0.0134190476190476,94.7102238095238,0.2514857142857143,0.1110285714285714,0.0188380952380952,0.4467619047619047,0.0605285714285714,280.0,11.472433641818368,29.499,105.0,87.5797284653717,0.4026126309366419,2.0783789280992577,0.9478378928099256,1.4866744833333334,0.4199999999999999,0.756,0.0,0.53,1.28,0.0,96.72,0.1,18.54482591666668,3.852502919444446,23.901620749999985,175.17611111111108,195.79222222222225,219.70472222222253,196.43340277777787,195.06055555555565,43.68932250000001,1.0,405.9566666666652,521.9633333333318,682.1252777777783,67.78194444444424,1479.7142857142858,2.834972919444445,1167.51056388889,107958.70444444443,0.0,0.0,0.0,0.0,0.0,0.0,0.0,0.0,0.0,0.0,0.0,0.0,41.1602777777777,40.14916666666674,34.358055555555694,68.38777777777754,60.0,12.3,6.524,86.72999999999999,0.45,5.75,0.97,4.440274022222225,3.77817954119462,60.287,0.1204063894371921,59.322347769834295,0.0324928425697082,4.605434339078077,0.0396028994642294,0.1173413837145653,0.0208308590575082,0.0651560535438817,5.990515036409176,0.247822449284257,2.324675303133345,5948.316808333335,8.1,16.94227709221658,71.09,1.02,19.79,1212.7088111111104,88.13999999999962,2214.8144916666665,118.503,2.67,1.91958041958042,10.98,4.978888888888889,79.49,53.86,8.05,37.66,72.17,0.051,2.43,0.23,0.028,0.053,5.72,0.16,1.1452354916707062,17.88847619047619,38.13238095238095,0.2667619047619047,0.3948571428571428,8.068380952380952,0.2574285714285714,0.1916190476190476,0.4925714285714285,33.297809523809526,0.913904761904762,1.387548698114622,0.0,0.6509018314166658,0.3111448838888889,1.3482993027777774,1.228442708333333,,22.0,8.0,0.0,201.69943250000017,95.46915945902776,27.318181818181817,28.25
2026-03-15 05:00:00,530.6305555555556,192.6126008333333,48.81888888888867,46.70666666666636,77.26027777777777,54.0375000000002,54.77444444444444,64.2863888888888,55.004166666666734,1.1487765919444446,6.0,4.3597777777777775,0.0128222222222222,94.78980222222224,0.2474222222222222,0.1047555555555555,0.0225333333333333,0.4068888888888888,0.0559977777777777,280.0,11.469151230301351,25.319,105.0,87.58316007741223,0.4025628974288084,2.076886922864252,0.9476886922864252,1.4318736111111114,0.42,0.642,0.0,0.53,1.28,0.0,96.72,0.1,18.011598388888885,4.328060716666671,24.365934027777797,187.04055555555576,198.3602777777775,211.71249999999984,198.91201388888888,198.53472222222237,42.5039939722222,1.0,405.90527777777504,521.8511111111094,681.8100000000037,67.91638888888895,1482.6222222222225,2.7800844666666675,1180.5213694444444,108220.49888888888,0.0,0.0,0.0,0.0,0.0,0.0,0.0,0.0,0.0,0.0,0.0,0.0,41.59027777777775,40.17138888888885,33.9952777777777,66.6124999999999,60.0,12.3,5.259,86.72999999999999,0.45,5.75,0.97,4.444230977777781,3.787794026256505,51.492,0.1206892332789559,59.29652062456304,0.0324657034102384,4.617337062067894,0.039684416996815,0.1175031072788005,0.0208419948729899,0.065245222558844,6.003488114658587,0.2492881612677697,2.328167482327352,5928.814105555546,8.1,16.976874637449964,71.09,1.02,19.79,1264.385577777777,88.13999999999962,2191.2484861111125,100.903,2.67,1.91958041958042,10.98,4.978888888888889,79.49,53.86,8.05,37.66,72.17,0.051,2.43,0.23,0.028,0.053,5.72,0.16,1.1258640955536878,17.933555555555557,37.716,0.2624444444444444,0.4333333333333333,8.074222222222224,0.2895555555555555,0.2071111111111111,0.4826666666666666,33.50822222222222,0.9893333333333332,1.3668414233437565,0.0,0.8414641176388892,0.2830970341666665,1.3483675000000006,1.186873814791665,,22.0,8.0,0.0,207.6051872222221,95.52116961041666,27.318181818181817,28.25
2026-03-15 06:00:00,540.7520325203252,185.33034756097535,48.59024390243904,46.55528455284552,66.84024390243906,54.07601626016266,55.16666666666677,64.13902439024395,55.30813008130076,1.1240401073170734,6.871951219512195,4.396444444444445,0.0121555555555555,94.86743555555556,0.2227555555555555,0.1000888888888889,0.0395333333333333,0.3202222222222222,0.0413644444444444,280.0,11.472273441437167,33.733000000000004,105.0,87.5798959475884,0.4026102036581389,2.078306109744167,0.9478306109744166,1.3993707845528451,0.42,0.862,0.0,0.53,1.2800000000000002,0.0,96.72,0.1,18.204783455284552,4.167266565040651,24.198425406504057,121.96504065040646,135.4349593495935,157.95528455284554,137.38821138211384,134.19756097560983,42.93595337398372,1.0,405.9000000000003,521.6443089430896,681.4199186991852,67.8138211382113,1469.9555555555555,2.747707479674796,1251.009414634147,108254.618699187,0.0,0.0,0.0,0.0,0.0,0.0,0.0,0.0,0.0,0.0,0.0,0.0,41.441869918699176,39.312195121951234,35.0650406504065,57.08943089430893,60.0,12.3,6.81,86.72999999999999,0.45,5.75,0.97,4.402500434959349,3.857131200785842,63.117,0.1362450686819716,58.83731894735174,0.0320675729201324,4.891915965587718,0.0407364101589112,0.1270483387993726,0.020602531806011,0.0671144065782594,6.265468574235151,0.2615867832755042,2.375287165106073,5916.45780081301,8.1,18.70890647555427,71.09,1.02,19.79,1290.8945772357715,98.09582517143696,2239.431821138211,134.412,2.67,1.91958041958042,10.98,4.978888888888889,79.49,53.86,8.05,37.66,72.17,0.051,2.43,0.23,0.028,0.053,5.72,0.16,1.0958328905376988,17.64688888888889,37.176,0.3091111111111111,0.4833333333333333,8.127555555555556,0.3628888888888889,0.2337777777777778,0.4926666666666666,33.95155555555556,1.0993333333333333,1.3352640564803275,0.0,1.253606303252033,0.2753306601626016,1.348349516260163,1.1862571225609757,,22.0,8.0,0.0,219.52044918699184,94.55627105182924,27.318181818181817,28.25
2026-03-15 07:00:00,536.3508064516129,170.01599596774182,48.132258064516336,46.03548387096776,78.61532258064516,56.15000000000006,54.83870967741919,61.32661290322578,54.94556451612887,1.1103351705645166,7.080645161290323,4.433111111111111,0.0114888888888888,94.94506888888888,0.1980888888888888,0.0954222222222222,0.0565333333333333,0.2335555555555555,0.0267311111111111,280.0,11.47462366427045,25.735,105.0,87.57743889644453,0.4026458130950067,2.079374392850204,0.9479374392850204,1.4243043629032257,0.42,0.644,0.0,0.53,1.28,0.0,96.72,0.0999999999999999,18.58674967741934,4.0757658387096765,24.423198467741937,156.6810483870968,174.50483870967733,200.16249999999997,174.576814516129,166.95887096774197,43.21604713709675,1.0,405.8725806451614,521.3677419354839,680.84233870968,67.46935483870955,1457.2888888888888,2.7729648870967742,1205.5424395161297,109946.73870967742,0.0,0.0,0.0,0.0,0.0,0.0,0.0,0.0,0.0,0.0,0.0,0.0,41.68387096774195,39.58387096774195,33.05080645161292,68.54556451612902,60.0,12.3,5.239,86.72999999999999,0.45,5.75,0.97,4.323534774193551,3.773711640665181,52.497,0.1240945196868392,59.25721736480179,0.0324482541859534,4.653239994666362,0.0396961731146541,0.1196340743280568,0.0207353182086595,0.0654611120635464,6.032081642760538,0.2476297312227365,2.3292511953063983,5901.952629032254,8.1,17.684158976715107,71.09,1.02,19.79,1290.8049556451613,95.36499463245364,2227.2201048387083,101.651,2.67,1.91958041958042,10.98,4.978888888888889,79.49,53.86,8.05,37.66,72.17,0.051,2.43,0.23,0.028,0.053,5.72,0.16,1.0658016855217098,17.360222222222223,36.636,0.3557777777777778,0.5333333333333333,8.180888888888889,0.4362222222222222,0.2604444444444445,0.5026666666666667,34.394888888888886,1.2093333333333334,1.3036866896168986,0.0,0.8480517870967751,0.3139692225806449,1.3484226774193544,1.3379843774193547,,22.0,8.0,0.0,214.5522625,92.5271194657258,27.318181818181817,28.25
2026-03-15 08:00:00,542.8333333333334,179.54051499999994,48.46305555555565,46.29944444444424,79.81333333333335,59.403055555555554,55.15833333333314,59.52333333333311,54.88666666666658,1.1435248636111102,7.0,4.45744,0.011,95.010192,0.17872,0.091872,0.07028,0.16488,0.015616,280.0,11.371636845593107,30.18,105.0,87.68778131212723,0.3658727634194831,2.3735453943008618,0.9405818422796556,1.4595350611111115,0.42,0.109,0.0,0.53,1.28,0.0,96.72,0.1,18.161820249999987,4.203398261111111,24.685474888888898,156.33472222222215,165.90138888888885,187.72972222222225,171.16326388888888,174.68722222222226,42.38822477777776,1.0,405.7111111111119,521.1941666666689,680.4319444444394,67.60638888888893,1445.696,2.807673375000001,1222.0672499999991,110046.75361111113,0.0,0.0,0.0,0.0,0.0,0.0,0.0,0.0,0.0,0.0,0.0,0.0,42.579166666666666,41.74333333333322,34.54250000000002,64.58611111111105,60.0,12.3,6.247,86.72999999999999,0.45,5.75,0.97,4.33932236666667,3.9124868637753902,63.755,0.1142929966277154,59.16480432907223,0.0322644498470708,4.631164614540036,0.0403960473688338,0.1133613049956866,0.0212245314093012,0.0654886675554858,6.046326562622539,0.2670104305544663,2.357124931377931,5929.557280555559,7.94,18.51696088689032,71.03999999999999,1.18,19.84,1259.4425138888882,96.08360316877727,2220.0855722222213,117.743,2.78,1.853333333333333,11.12,4.978888888888889,79.49,53.59,9.15,37.66,72.17,0.052,2.33,0.23,0.029,0.051,6.0,0.16,1.0413175645365198,17.118,36.1952,0.42584,0.5623199999999999,8.21488,0.50152,0.27232,0.5087200000000001,34.75968,1.30152,1.2776543778801843,0.0,0.5793692069444454,0.3160102058333334,1.348146833333333,1.4689563086805562,,22.0,8.0,0.0,215.43115222222215,93.7891182375,27.318181818181817,28.25
2026-03-15 09:00:00,543.5833333333334,208.4826727777773,49.15055555555555,46.832499999999975,77.86388888888884,59.37250000000004,55.67333333333342,59.02083333333336,54.82361111111088,1.0965614547222218,5.929166666666666,4.44784,0.011,95.040912,0.17392,0.091392,0.07508,0.14568,0.014176,280.0,11.374153087561156,25.959000000000003,105.0,87.68513925806079,0.3660614815670865,2.373230864054856,0.9407076543780576,1.405966013888888,0.0,0.0,0.0,0.0,0.0,0.0,0.0,0.0,17.69027338888889,4.266742191666666,25.17308055555556,234.2313888888888,240.6355555555554,255.7749999999999,245.62506944444436,251.8583333333333,41.26752375000004,1.0,405.59611111111366,521.0172222222208,680.0133333333308,67.91611111111084,1437.056,2.7573382138888887,1209.402447222224,108617.29055555558,0.0,0.0,0.0,0.0,0.0,0.0,0.0,0.0,0.0,0.0,0.0,0.0,42.62888888888881,42.21055555555552,36.03305555555541,61.51944444444445,60.0,12.3,5.5,86.72999999999999,0.45,5.75,0.97,4.394377352777779,3.975913224600621,53.771,0.1136501087947034,59.04508638485429,0.0321229845083781,4.674653251752804,0.0408476688177642,0.1128729240668762,0.0213573487567647,0.0658493239850477,6.10064756095293,0.2763588737423518,2.3760912015770583,5927.586549999991,7.94,18.22053429653053,71.03999999999999,1.18,19.84,1290.9131111111096,87.39591666666651,2217.1419861111094,100.468,2.78,1.853333333333333,11.12,4.978888888888889,79.49,53.59,9.15,37.66,72.17,0.052,2.33,0.23,0.029,0.051,6.0,0.16,1.0320879246360264,16.997999999999998,36.0272,0.5602400000000001,0.53352,8.19568,0.54472,0.24352,0.50392,34.90848,1.34472,1.2668709677419354,0.0,0.5737991946944444,0.3094045527777775,1.351397852777779,1.3675152415972225,,22.0,8.0,0.0,213.03893916666664,97.6239541430555,27.318181818181817,28.25
2026-03-15 10:00:00,548.9166666666666,194.65181749999985,49.97055555555552,47.43999999999996,75.19416666666669,59.09333333333323,54.88083333333333,59.41694444444434,54.829999999999686,1.1509659980555549,6.570833333333334,4.441466666666667,0.011,95.06658666666668,0.17,0.0917333333333333,0.0792933333333333,0.1270666666666666,0.0128533333333333,280.0,11.370356071475154,30.668,105.0,87.68912612495109,0.3657767053606365,2.3737054910656057,0.9405178035737576,1.4154884972222204,0.0,0.0,0.0,0.0,0.0,0.0,0.0,0.0,17.67257491666667,4.346402361111108,24.22972138888888,150.14527777777778,153.68694444444438,175.19999999999993,161.8997222222222,168.56666666666678,42.17543072222218,1.0,405.5572222222238,520.8008333333338,679.5866666666672,68.36416666666612,1433.52,2.784810580555556,1220.3315611111104,107966.23999999998,0.0,0.0,0.0,0.0,0.0,0.0,0.0,0.0,0.0,0.0,0.0,0.0,42.87111111111096,41.598333333333365,37.26777777777787,54.76472222222223,60.0,12.3,6.649,86.72999999999999,0.45,5.75,0.97,4.436186738888891,3.957979283679932,62.849,0.114193543254467,59.07163359798884,0.0321575681395089,4.66740695953794,0.0407323903323839,0.1132352145618864,0.0213112380467469,0.0657801556110678,6.089794746137568,0.273761825963818,2.3713153749463,5946.712105555548,7.94,18.852823353129807,71.03999999999999,1.18,19.84,1274.7517722222224,96.85408333333348,2211.758283333334,117.198,2.78,1.853333333333333,11.12,4.978888888888889,79.49,53.59,9.15,37.66,72.17,0.052,2.33,0.23,0.029,0.051,6.0,0.16,1.027972063886455,16.95573333333333,35.95453333333333,0.6362666666666668,0.5056,8.178533333333332,0.5682666666666666,0.2170666666666666,0.5014666666666666,34.9772,1.3697333333333332,1.2617995167958416,0.0,1.2055748724999986,0.2645224536111109,1.3692818027777778,1.2573366011805556,,22.0,8.0,0.0,212.3681875000001,95.79136581874998,27.318181818181817,28.25
2026-03-15 11:00:00,545.8194444444445,196.22922833333328,50.25111111111128,47.60527777777792,75.78555555555552,60.12194444444436,54.17805555555553,60.0252777777779,54.72222222222236,1.116617524722222,6.286111111111111,4.449466666666667,0.011,95.06978666666666,0.17,0.0957333333333333,0.0808933333333333,0.1110666666666666,0.0120533333333333,280.0,11.410287969712837,24.829,105.0,87.64719763180152,0.3687715977284626,2.368714003785896,0.942514398485642,1.414108626388889,0.0,0.0,0.0,0.0,0.0,0.0,0.0,0.0,17.973355222222196,4.095373566666666,24.703920805555537,206.2200000000001,218.8188888888888,240.04472222222208,225.40715277777767,236.545,42.11577266666667,1.0,405.5469444444451,520.738333333335,679.2288888888919,68.35499999999979,1452.72,2.783335697222222,1201.670569444444,107487.53305555553,0.0,0.0,0.0,0.0,0.0,0.0,0.0,0.0,0.0,0.0,0.0,0.0,42.31805555555572,39.14888888888888,35.82000000000007,55.273333333333305,60.0,12.3,5.819,86.72999999999999,0.45,5.75,0.97,4.475918722222224,3.9338271421954616,53.975,0.1139859194071329,59.12635738767949,0.0322182121352478,4.644529133858268,0.0405448818897637,0.1131407132931913,0.0212713663733209,0.0656017786012042,6.063472163038443,0.2701441778601204,2.3633589624826308,5968.536883333334,7.94,18.18206611780061,71.03999999999999,1.18,19.84,1270.3227500000007,92.65727777777728,2213.736891666665,100.567,2.78,1.853333333333333,11.12,4.978888888888889,79.49,53.59,9.15,37.66,72.17,0.052,2.33,0.23,0.029,0.051,6.0,0.16,1.046635764809171,17.259733333333333,36.30653333333333,0.4522666666666667,0.4816,8.170533333333333,0.5042666666666666,0.2010666666666666,0.5094666666666666,34.6892,1.3137333333333334,1.2821722477057107,0.0,0.8826147951111112,0.2974910699999999,1.369167844444444,1.177105149513889,,22.0,8.0,0.0,209.2217708333334,96.00037275416666,27.318181818181817,28.25
2026-03-15 12:00:00,545.5694444444445,180.29252444444452,49.95472222222213,47.27194444444464,75.94277777777785,61.45888888888861,53.58777777777777,59.8113888888887,54.41861111111101,1.1721224730555535,7.070833333333334,4.432315789473685,0.011,95.0252,0.1817894736842105,0.0954105263157894,0.0674421052631579,0.1689473684210526,0.0178947368421052,280.0,11.40351283721249,29.173,105.0,87.65431152092687,0.3682634627909368,2.369560895348438,0.9421756418606244,1.4462881277777768,0.0,0.0,0.0,0.0,0.0,0.0,0.0,0.0,18.104142916666664,4.042743708333333,24.24925283333333,131.37972222222223,134.62555555555562,145.24999999999997,138.80784722222225,143.97611111111112,42.746606277777786,1.0,405.51888888888936,520.6569444444474,678.9088888888838,68.16944444444441,1451.642105263158,2.821506002777779,1223.495041666669,108405.6583333334,0.0,0.0,0.0,0.0,0.0,0.0,0.0,0.0,0.0,0.0,0.0,0.0,41.6491666666667,36.24083333333335,31.791666666666643,57.815555555555584,60.0,12.3,6.613,86.72999999999999,0.45,5.75,0.97,4.462237288888887,3.818974270899783,61.137,0.1141999116737818,59.36233083075715,0.0324886075535273,4.552511572370251,0.0396944567119747,0.1134360534537187,0.0210533392217478,0.0648625055203886,5.953267579370921,0.2530944599833162,2.3274727251909644,5958.481545825174,7.94,18.790823092074803,71.03999999999999,1.18,19.84,1251.7434722222213,98.58976070404847,2219.1820694444464,119.912,2.78,1.853333333333333,11.12,4.978888888888889,79.49,53.59,9.15,37.66,72.17,0.052,2.33,0.23,0.029,0.051,6.0,0.16,1.0473276178462405,17.338947368421053,36.212105263157895,0.4812631578947368,0.4917894736842105,8.264315789473685,0.4941052631578947,0.2,0.5217894736842106,34.57568421052631,1.3041052631578949,1.2863550672172086,0.0,1.1560185516666672,0.274165687222222,1.3752874361111098,1.108744821180556,,22.0,8.0,0.0,211.5463952777777,93.88875948888892,27.318181818181817,28.25
2026-03-15 13:00:00,548.6388888888889,200.4748236111113,49.76055555555544,47.05361111111122,78.02527777777775,78.10833333333336,53.818888888889,59.62472222222231,54.442499999999946,1.1205503058333333,6.429166666666666,4.428842105263158,0.011,94.93055789473684,0.1992842105263157,0.0965473684210526,0.0504842105263157,0.2542105263157894,0.0290736842105263,280.0,11.36540333982957,26.169,105.0,87.69432649317895,0.3654052504872176,2.374324582521304,0.9402701669914784,1.400810477777778,0.0,0.0,0.0,0.0,0.0,0.0,0.0,0.0,18.133801611111107,4.011373119444444,23.337432638888878,144.22666666666657,147.51305555555552,168.34000000000003,157.52166666666665,170.0069444444445,43.72789880555555,1.0,405.428888888886,520.5238888888883,678.6052777777788,68.06638888888898,1454.2,2.770347005555558,1216.5802722222231,106219.18083333327,0.0,0.0,0.0,0.0,0.0,0.0,0.0,0.0,0.0,0.0,0.0,0.0,41.019722222222185,34.72388888888893,28.270833333333314,64.23250000000002,60.0,12.3,6.061,86.72999999999999,0.45,5.75,0.97,4.529049630555559,3.830057586331827,52.443,0.1141902637148904,59.33933718513433,0.0324623495986118,4.561544915431993,0.0397769006349751,0.1134143737009705,0.0210741185668249,0.0649348435444196,5.964039433289477,0.2547411665999275,2.330953606773068,5969.650005555564,7.94,19.019397346927487,71.03999999999999,1.18,19.84,1266.951680555556,94.8717500000002,2201.808425,104.612,2.78,1.853333333333333,11.12,4.978888888888889,79.49,53.59,9.15,37.66,72.17,0.052,2.33,0.23,0.029,0.051,6.0,0.16,1.0567091634418322,17.47063157894737,36.32231578947368,0.468,0.398978947368421,8.347684210526316,0.4546315789473684,0.2154736842105263,0.5233684210526316,34.37736842105263,1.2469473684210526,1.2995540806749692,0.0,1.029157023333333,0.2802601727777777,1.369596858333332,1.075346160555556,,22.0,8.0,0.0,209.77970083333315,96.56291412847224,27.318181818181817,28.25
2026-03-15 14:00:00,540.4583333333334,202.14678972222197,49.5072222222222,46.97499999999993,83.50500000000008,72.9749999999999,54.42194444444442,60.03944444444439,54.72416666666671,1.1661119949999994,6.0,4.454105263157895,0.011,94.7492947368421,0.2258105263157895,0.1009684210526315,0.0290105263157894,0.3805263157894737,0.0492842105263157,280.0,11.363581929965251,26.187,105.0,87.6962389735365,0.3652686447473937,2.374552258754344,0.9401790964982626,1.475349530555556,0.0,0.0,0.0,0.0,0.0,0.0,0.0,0.0,18.014443833333328,3.871310749999997,23.976610972222225,180.76611111111103,199.80972222222223,214.54944444444456,204.73729166666664,223.8238888888888,42.90621138888884,1.0,405.36388888888814,520.2816666666705,678.21416666667,67.99249999999996,1466.2,2.823189858333336,1203.2163722222217,107594.81333333328,0.0,0.0,0.0,0.0,0.0,0.0,0.0,0.0,0.0,0.0,0.0,0.0,40.39000000000016,34.420277777777585,27.534722222222214,67.73472222222215,60.0,12.3,5.485,86.72999999999999,0.45,5.75,0.97,4.490432855555555,3.8563710364410784,52.825,0.1133930903928064,59.30038239469948,0.032411604353999,4.572179460482726,0.0399460482725982,0.1128829152863227,0.0211417699952673,0.0650363464268812,5.979965357311878,0.258551689540937,2.337961192617132,5996.548875000009,7.94,17.93850611994995,71.03999999999999,1.18,19.84,1219.4420555555555,88.74000000000068,2218.998674999997,103.75,2.78,1.853333333333333,11.12,4.978888888888889,79.49,53.59,9.15,37.66,72.17,0.052,2.33,0.23,0.029,0.051,6.0,0.16,1.084612730141143,17.72957894736842,36.87178947368421,0.348,0.1103473684210525,8.39821052631579,0.353578947368421,0.2596842105263158,0.504421052631579,33.99842105263158,1.0953684210526315,1.3316450956265928,0.0,0.8378014463888882,0.3092375374999998,1.3480986916666655,0.9551803027777775,,22.0,8.0,0.0,207.16618749999984,96.78444963819442,27.318181818181817,28.25
2026-03-15 15:00:00,535.0,186.251986666667,49.45527777777764,46.91916666666639,76.63749999999996,66.27777777777779,54.76722222222229,61.64194444444451,55.4897222222224,1.152738313055555,6.356944444444444,4.46,0.0113538461538461,94.74383538461538,0.2277538461538461,0.1005846153846153,0.024,0.3816923076923076,0.05078,280.0,11.362687540769732,30.66,105.0,87.69717808219177,0.3652015655577299,2.374664057403783,0.9401343770384866,1.4169424555555554,0.0,0.0,0.0,0.0,0.0,0.0,0.0,0.0,17.996335527777788,3.822908616666664,23.666136166666643,149.6063888888889,153.21222222222224,172.66749999999996,162.03194444444443,172.64166666666668,43.1986698333333,1.0,405.2827777777771,520.0766666666676,677.8830555555528,67.99972222222226,1467.9384615384615,2.765174816666666,1197.606941666667,107434.13666666656,0.0,0.0,0.0,0.0,0.0,0.0,0.0,0.0,0.0,0.0,0.0,0.0,40.61861111111144,32.988055555555576,32.15027777777776,59.69111111111112,60.0,12.3,6.907,86.72999999999999,0.45,5.75,0.97,4.4637670472222215,3.8472851360873057,61.027,0.1139531682697822,59.30808166876956,0.0324248611270421,4.572484637947138,0.0398974224523571,0.1132429908073475,0.021111671882937,0.0650271355301751,5.978015304701198,0.2572723548593245,2.336003736051256,5950.055991666658,7.94,17.511264336910457,71.03999999999999,1.18,19.84,1268.7375250000007,94.01920833333264,2222.8713027777785,119.989,2.78,1.853333333333333,11.12,4.978888888888889,79.49,53.59,9.15,37.66,72.17,0.052,2.33,0.23,0.029,0.051,6.0,0.16,1.1026752932825068,17.83953846153846,37.24061538461538,0.3023076923076923,0.1339384615384615,8.371076923076924,0.3052307692307692,0.2381538461538461,0.5106153846153846,33.77553846153846,1.0246153846153847,1.3505184506798136,0.0,1.1231722625,0.2642041475,1.3481499249999993,0.9672597527777788,,22.0,8.0,0.0,208.83216722222215,94.67838823333338,27.318181818181817,28.25
2026-03-15 16:00:00,541.2785515320335,193.18348105849597,49.2701949860726,46.741504178273125,72.88300835654593,62.61838440111416,58.76016713091909,62.38746518105845,55.76100278551507,1.1121685178272973,6.5,4.46,0.0118153846153846,94.79188153846154,0.2222153846153846,0.0987384615384615,0.024,0.3447692307692308,0.04658,283.45403899721447,11.424276517473942,26.096000000000004,105.0,87.65780770999385,0.3876781882280808,2.225593960760269,0.9179157725321888,1.4051584011142062,0.0,0.0,0.0,0.0,0.0,0.0,0.0,0.0,17.764865766016698,4.025561253481897,24.005048774373257,157.4557103064068,180.75905292479112,196.382729805014,184.25731197771583,202.4317548746516,42.53137094707523,1.0,405.21142061281387,519.9465181058466,677.6334261838455,67.83649025069604,1466.553846153846,2.7533600947075225,1211.0589832869068,106480.97938718676,0.0,0.0,0.0,0.0,0.0,0.0,0.0,0.0,0.0,0.0,0.0,0.0,40.21532033426188,32.11225626740933,32.46378830083565,57.66518105849584,60.0,12.45,6.074,86.59,0.43,5.300000000000001,0.96,4.502213264623951,4.025032413171338,46.586,0.1790954363972009,58.89478512857941,0.0238414545142317,4.846321212381402,0.0540759026316919,0.1094749495556604,0.0140759026316919,0.0687181556690851,5.944181943073026,0.3181396986219035,2.482265058171983,5945.320275766023,8.112,18.510238465613472,70.659,0.989,20.24,1266.1184540389968,95.81688022284148,2204.1499526462394,103.465,2.52,1.91710758377425,10.87,4.978888888888889,79.49,54.28,9.15,37.66,72.17,0.044,2.45,0.24,0.028,0.052,5.67,0.15,1.1177427683844954,17.904153846153847,37.55446153846154,0.2792307692307692,0.2525538461538461,8.320307692307694,0.2729230769230769,0.1966153846153846,0.5244615384615385,33.600153846153844,0.9784615384615384,1.3653690396769984,0.0,0.8417817963788303,0.2929899086350972,1.348175434540389,0.9937540600278552,,22.0,8.0,0.0,210.1017668523677,96.46032098955432,27.318181818181817,28.25
2026-03-15 17:00:00,543.9888888888889,231.3829916666672,49.09916666666679,46.572222222222265,66.9227777777778,60.880833333333285,59.80277777777768,62.30833333333295,56.02222222222229,1.0915026244444446,5.788888888888889,4.470588235294118,0.012,94.82357294117648,0.2178823529411764,0.0988470588235294,0.0259058823529411,0.3088235294117647,0.04238,285.0,11.421488862386028,25.993,105.0,87.66086638710422,0.3875620359327511,2.225206786442504,0.9176447505097526,1.3890244388888875,0.0,0.0,0.0,0.0,0.0,0.0,0.0,0.0,17.338782916666638,4.52270604166667,24.24134361111108,179.43472222222232,199.88416666666672,216.20194444444445,204.12319444444452,220.97194444444463,41.70035791666664,1.0,405.114722222224,519.7486111111148,677.3183333333366,67.70055555555562,1464.729411764706,2.737312644444444,1206.6104722222242,108817.02194444444,0.0,0.0,0.0,0.0,0.0,0.0,0.0,0.0,0.0,0.0,0.0,0.0,40.22916666666695,31.811111111111057,34.60138888888884,53.54805555555557,60.0,12.45,6.273,86.59,0.43,5.300000000000001,0.96,4.431949730555552,3.377769034153804,49.687,0.2073983134421478,59.61739267816532,0.024368446474933,4.840636786282127,0.0519067361684142,0.1269319942842192,0.0119067361684142,0.0653114094229879,5.614156016664318,0.2234878740918147,2.3900074466158148,5942.371527777767,8.112,19.71671032278514,70.659,0.989,20.24,1307.2657805555552,85.21244444444386,2132.3100333333336,103.481,2.52,1.91710758377425,10.87,4.978888888888889,79.49,54.28,9.15,37.66,72.17,0.044,2.45,0.24,0.028,0.052,5.67,0.15,1.1170315935043176,17.817764705882354,37.572,0.2721176470588236,0.3148235294117647,8.336,0.2811764705882353,0.1778823529411764,0.53,33.638,0.9896470588235294,1.364843311652788,0.0,0.7565972252777775,0.2975218252777777,1.348321694444445,1.1101101356944445,,22.0,8.0,0.0,214.1216377777776,101.9082463958334,27.318181818181817,28.25
2026-03-15 18:00:00,545.0,205.9004636111112,49.00333333333327,46.38638888888853,63.7444444444444,59.836111111110775,58.605277777777765,61.90583333333305,56.57361111111141,1.0652728827777789,6.566666666666666,4.488235294117647,0.012,94.84436117647058,0.2143529411764705,0.1002588235294117,0.0290823529411764,0.2735294117647059,0.03818,285.0,11.421043979716966,30.173,105.0,87.661354522255,0.3875434991548735,2.225144997182912,0.9176014980280384,1.3431705888888883,0.0,0.0,0.0,0.0,0.0,0.0,0.0,0.0,17.3927715,4.375651044444444,24.165172222222207,173.89805555555554,188.34166666666655,201.0252777777777,191.7854166666666,203.87666666666652,41.85153594444447,1.0,405.04222222222273,519.5275000000003,677.021666666666,67.72138888888867,1462.6117647058825,2.691398130555557,1228.987555555557,108553.54638888883,0.0,0.0,0.0,0.0,0.0,0.0,0.0,0.0,0.0,0.0,0.0,0.0,40.19916666666674,31.05861111111101,38.21861111111112,49.2386111111112,60.0,12.45,7.422,86.59,0.43,5.300000000000001,0.96,4.388173680555557,3.9706117899322697,58.762,0.1772038051802185,59.10287260474456,0.0238707327864946,4.733050610939042,0.0537799938735917,0.1061037745481773,0.0137799938735917,0.0678273033593138,5.831834518906777,0.3083383479119158,2.484593785099214,5909.0104138888855,8.112,19.953459322198928,70.659,0.989,20.24,1349.860530555556,96.90827777777844,2184.659525000002,120.769,2.52,1.91710758377425,10.87,4.978888888888889,79.49,54.28,9.15,37.66,72.17,0.044,2.45,0.24,0.028,0.052,5.67,0.15,1.1058013186360287,17.63070588235294,37.392,0.2756470588235294,0.3395294117647058,8.396,0.3164705882352941,0.1743529411764706,0.53,33.818,1.0390588235294118,1.354066705614314,0.0,0.955852201944444,0.2778977241666671,1.3482535583333324,1.194647965902777,,22.0,8.0,0.0,220.1019491666668,98.53181142847222,27.318181818181817,28.25
2026-03-15 19:00:00,545.0,213.504046944444,49.14166666666691,46.33722222222202,64.0655555555556,60.163333333333085,59.8180555555554,62.407777777777945,56.92194444444464,1.103531614166667,6.288888888888889,4.505882352941176,0.012,94.8651494117647,0.2108235294117647,0.1016705882352941,0.0322588235294117,0.238235294117647,0.03398,285.0,11.422842537654038,21.91,105.0,87.65938110451849,0.3876184390689183,2.2253947968963943,0.917776357827476,1.417819577777777,0.0,0.0,0.0,0.0,0.0,0.0,0.0,0.0,17.76316547222222,4.261123983333331,23.9870034722222,209.5155555555557,231.9452777777776,252.38972222222216,233.31770833333331,239.42027777777787,42.54760069444446,1.0,404.927499999998,519.3172222222233,676.6497222222232,67.4813888888891,1460.4941176470588,2.7658017638888857,1216.5900944444425,108852.60138888874,0.0,0.0,0.0,0.0,0.0,0.0,0.0,0.0,0.0,0.0,0.0,0.0,40.16888888888899,31.0711111111113,35.340555555555554,47.52083333333337,60.0,12.45,5.108,86.59,0.43,5.300000000000001,0.96,4.397517277777772,3.947799601219261,43.633,0.1741170673572754,59.269220773267925,0.0238749341095042,4.624996676827172,0.0535949854467948,0.1020919945912497,0.0135949854467948,0.0671292828822221,5.7393080924987965,0.3032399330781747,2.4909861801847226,5934.829180555547,8.112,19.898861847284568,70.659,0.989,20.24,1283.492075,93.20133333333236,2174.069827777777,86.059,2.52,1.91710758377425,10.87,4.978888888888889,79.49,54.28,9.15,37.66,72.17,0.044,2.45,0.24,0.028,0.052,5.67,0.15,1.0945710437677398,17.44364705882353,37.212,0.2791764705882353,0.364235294117647,8.456000000000001,0.3517647058823529,0.1708235294117647,0.53,33.998,1.0884705882352943,1.34329009957584,0.0,0.6631727566666672,0.3142879424999998,1.3481216083333314,1.4290323013888897,,22.0,8.0,0.0,214.55976555555543,99.53928622013883,27.318181818181817,28.25
2026-03-15 20:00:00,545.0,223.5883486111111,49.29249999999983,46.72805555555544,79.04083333333347,60.91666666666635,61.08472222222188,62.22805555555567,56.918333333333166,1.144705603611111,6.0,4.487,0.012,94.77524,0.2284,0.10062,0.02656,0.3266,0.04358,285.0,11.427549192309137,26.681,105.0,87.6542168584386,0.3878145496795472,2.2260484989318243,0.918233949252277,1.4634694416666671,0.0,0.0,0.0,0.0,0.0,0.0,0.0,0.0,17.424792944444423,4.359101752777776,23.92317744444444,210.88583333333332,235.68361111111096,253.7088888888889,236.78972222222225,246.88055555555567,42.1432223055556,1.0,404.7258333333341,518.953055555552,676.1913888888907,67.61305555555546,1465.98,2.8115595388888868,1198.224449999998,109919.2647222223,0.0,0.0,0.0,0.0,0.0,0.0,0.0,0.0,0.0,0.0,0.0,0.0,39.77638888888898,34.457777777777736,30.457500000000053,61.30138888888887,60.0,12.45,5.714,86.59,0.43,5.300000000000001,0.96,4.362783369444447,3.986773652895333,47.732,0.1785527528701919,59.01392231626583,0.023864807676192,4.78747674516048,0.0538887957764183,0.1079967317522835,0.0138887957764183,0.068203259867594,5.880790664543703,0.3115888502472136,2.4820434928349955,5950.141288888885,8.112,19.881475958499863,70.659,0.989,20.24,1254.0643944444446,88.91999999999918,2159.405913888889,100.473,2.52,1.91710758377425,10.87,4.978888888888889,79.49,54.28,9.15,37.66,72.17,0.044,2.45,0.24,0.028,0.052,5.67,0.15,1.1122177588274185,17.4506,37.515,0.303,0.3516,8.552800000000001,0.3186,0.1608,0.5346000000000001,33.7364,0.9758,1.3657863268744557,0.0,0.6273726636111114,0.3187638458333333,1.3480564833333315,1.404423039444446,,22.0,8.0,0.0,211.2489497222224,100.87545619097222,27.318181818181817,28.25
2026-03-15 21:00:00,542.2916666666666,202.8399672222225,49.88916666666661,47.28888888888864,86.38916666666681,61.02249999999977,61.97833333333321,61.16166666666684,56.98805555555547,1.1726328819444445,6.0,4.459272727272727,0.012,94.64878545454546,0.2514545454545454,0.1000545454545454,0.0187454545454545,0.4523636363636363,0.0573236363636363,285.0,11.429895709177591,26.848,105.0,87.65164220798569,0.387912321215733,2.226374404052444,0.9184620828367104,1.4768700555555558,0.0,0.0,0.0,0.0,0.0,0.0,0.0,0.0,16.850887583333357,4.318520149999996,24.89547161111109,236.87388888888896,243.6294444444444,260.5636111111112,251.1186111111111,263.4074999999999,40.36689930555555,1.0,404.4572222222192,518.5827777777778,675.678611111112,67.7816666666665,1473.1818181818182,2.80583278611111,1199.8110583333316,108689.86111111104,0.0,0.0,0.0,0.0,0.0,0.0,0.0,0.0,0.0,0.0,0.0,0.0,40.42416666666673,37.60194444444464,28.498611111111103,66.60194444444454,60.0,12.45,5.525,86.59,0.43,5.300000000000001,0.96,4.4175282666666655,3.986027192216539,48.102,0.1761619059498565,59.098350588333126,0.0238568874475073,4.7234726206810524,0.0538218785081701,0.1052712984907072,0.0138218785081701,0.0678563885077543,5.832409047440855,0.3104338696935678,2.487659556775186,5954.016377777774,8.112,18.03652988539994,70.659,0.989,20.24,1228.053441666666,88.91999999999918,2211.9839416666678,101.877,2.52,1.91710758377425,10.87,4.978888888888889,79.49,54.28,9.15,37.66,72.17,0.044,2.45,0.24,0.028,0.052,5.67,0.15,1.1375823184286624,17.506727272727275,37.94290909090909,0.3267272727272727,0.3289090909090909,8.666363636363636,0.2678181818181818,0.1496363636363636,0.5396363636363637,33.354909090909096,0.826,1.3974189948138624,0.0,0.5369188908333323,0.3042371891666666,1.328899516666668,1.370249744791666,,22.0,8.0,0.0,209.2923438888889,98.12629565694448,27.318181818181817,28.25
2026-03-15 22:00:00,540.0,201.49644499999997,50.74833333333324,47.73222222222213,83.22805555555566,61.09083333333327,67.48611111111114,60.86277777777743,57.01250000000008,1.1447730661111113,6.0,4.452,0.012,94.49664,0.266,0.1106,0.0162,0.5760000000000001,0.07056,285.0,11.427548539149305,26.731,105.0,87.65421757510006,0.3878145224645542,2.226048408215181,0.9182338857506266,1.423402025,0.0,0.0,0.0,0.0,0.0,0.0,0.0,0.0,17.321566888888892,4.235878013888887,24.59141133333335,203.9188888888888,219.81666666666652,241.8980555555557,227.12604166666665,242.8705555555556,41.32812300000005,1.0,404.2030555555573,518.239722222225,675.1438888888889,67.90277777777808,1475.0,2.7709136583333303,1198.3538472222156,109241.20305555558,0.0,0.0,0.0,0.0,0.0,0.0,0.0,0.0,0.0,0.0,0.0,0.0,40.76444444444413,38.11472222222234,32.03277777777779,63.26444444444443,60.0,12.45,5.994,86.59,0.43,5.300000000000001,0.96,4.374920230555556,3.97920796460177,49.72,0.1747139983909895,59.16619267900241,0.0238562952534191,4.67730329847144,0.0537526146419951,0.1034770716009654,0.0137526146419951,0.0675734111021721,5.794347948511665,0.3086831657280772,2.490810539018504,5928.486083333323,8.112,17.917063889399838,70.659,0.989,20.24,1282.1802888888903,88.91999999999918,2212.2110000000007,103.425,2.52,1.91710758377425,10.87,4.978888888888889,79.49,54.28,9.15,37.66,72.17,0.044,2.45,0.24,0.028,0.052,5.67,0.15,1.15330963692739,17.474,38.172,0.294,0.318,8.83,0.246,0.146,0.536,33.104,0.7859999999999999,1.420140998075316,0.0,0.8523172458333325,0.2786289563888889,1.3477887666666677,1.315941992152779,,22.0,8.0,0.0,211.7848263888889,97.9482789625,27.318181818181817,28.25
2026-03-15 23:00:00,535.5972222222222,190.30683844444445,51.16750000000012,47.55638888888897,77.65333333333358,60.02333333333311,59.462222222222245,60.679722222222416,56.96000000000011,1.0512095677777775,6.0,4.444727272727273,0.012,94.34449454545454,0.2805454545454545,0.1211454545454545,0.0136545454545454,0.6996363636363636,0.0837963636363636,289.1388888888889,11.427556863188864,26.511,105.0,87.65420844177889,0.387814869299536,2.2260495643317872,0.9182346950322507,1.3348207688888878,0.0,0.0,0.0,0.0,0.0,0.0,0.0,0.0,17.505618694444447,4.193166480555552,24.334129694444428,241.46388888888896,248.87944444444443,250.5880555555554,249.3922916666667,256.63777777777784,41.83417847222224,1.0,403.9983333333312,518.000833333331,674.7063888888914,67.82361111111096,1476.8181818181818,2.6293321388888917,1151.1815833333317,100962.36372222225,0.0,0.0,0.0,0.0,0.0,0.0,0.0,0.0,0.0,0.0,0.0,0.0,40.888888888888665,39.20444444444431,36.44888888888895,49.452777777777776,60.0,12.45,5.991,86.59,0.43,5.300000000000001,0.96,4.885580566666667,3.9836543481247424,50.953,0.1733630993268305,59.20111965929386,0.0238486055776892,4.646803132298393,0.0537367770298117,0.1020469844758895,0.0137367770298117,0.0674331638961395,5.773709300728122,0.3088343179008105,2.494175024041764,5937.224969444444,8.112,16.922084074479855,70.659,0.989,20.24,1259.4643130555555,88.91999999999918,2197.812016666668,102.564,2.52,1.91710758377425,10.87,4.978888888888889,79.49,54.28,9.15,37.66,72.17,0.044,2.45,0.24,0.028,0.052,5.67,0.15,1.1690369554261175,17.44127272727273,38.4010909090909,0.2612727272727272,0.3070909090909091,8.993636363636364,0.2241818181818181,0.1423636363636363,0.5323636363636364,32.85309090909091,0.746,1.4428630013367698,0.0,0.6879340599444443,0.2836112333333333,1.294475777777778,1.260054125902778,,22.0,8.0,0.0,196.9274909166666,97.50037831611112,27.318181818181817,28.25
2026-03-16 01:00:00,515.6666666666666,181.05260194444455,50.95916666666644,46.6308333333334,65.88055555555543,57.047222222222224,64.27527777777762,59.6641666666666,56.15055555555552,1.0591048686111106,4.644444444444445,4.4415,0.0119499999999999,94.2084575,0.2643,0.12445,0.013325,0.8472500000000001,0.0887675,290.0,11.52951387030595,22.422,105.0,87.54501917759343,0.3728891267505129,1.9288912675051288,0.9254669521006156,1.3254683055555552,0.0,0.0,0.0,0.0,0.0,0.0,0.0,0.0,17.731626694444437,3.624421263888889,24.24274219444444,221.275,242.6175,266.5630555555554,245.5275,251.6544444444445,42.23861594444444,1.0,403.6041666666688,517.4769444444407,673.8063888888921,67.497777777778,1490.375,2.35608359166667,1155.7403777777788,90325.98041666672,0.0,0.0,0.0,0.0,0.0,0.0,0.0,0.0,0.0,0.0,0.0,0.0,40.91055555555563,40.96416666666688,44.146111111111146,36.68833333333324,60.0,12.45,5.059,86.59,0.43,5.300000000000001,0.96,4.82734966666667,4.16995420444608,43.45400000000001,0.1704218253785612,58.8135923045059,0.0237152391034197,4.785890366824686,0.0544994707046531,0.1029191789018272,0.0144994707046531,0.0691502738528098,5.971794081097251,0.3383238367008789,2.508438808855341,5299.681652777776,8.0,12.436744631033188,71.06,1.12,19.82,1143.4409911111118,68.6913333333335,2275.0336944444443,84.572,2.49,1.95929203539823,11.07,5.088888888888891,79.97777777777777,53.96,8.96,35.13,72.17,0.048,2.52,0.24,0.029,0.05,5.65,0.15,1.1748393705656082,17.8645,38.32775,0.24475,0.307,8.8515,0.2027499999999999,0.149,0.50675,32.6935,0.74725,1.446355593690422,0.0,0.7703366216666669,0.2663634444444444,1.0307423799999995,1.205629901527777,,22.0,8.0,0.0,190.7483319444445,96.48946975763891,27.318181818181817,28.25
2026-03-16 02:00:00,525.1527777777778,174.0524683333332,50.611388888889,46.348611111110806,68.20861111111104,57.07805555555572,66.2722222222222,57.8897222222224,56.0386111111109,1.109118535277778,4.855555555555555,4.453117647058823,0.0107588235294117,94.06818529411764,0.2625235294117647,0.1298647058823529,0.0119294117647058,0.969058823529412,0.0945617647058823,290.0,11.518562252030986,21.172,105.0,87.55710372189684,0.371945021726809,1.9194502172680896,0.9243340260721707,1.3544086861111104,0.0,0.0,0.0,0.0,0.0,0.0,0.0,0.0,17.25554572222221,4.017971952777779,24.626905277777773,210.13027777777788,217.4716666666665,234.4855555555557,223.25833333333335,230.94583333333335,41.196743833333336,1.0,403.4833333333327,517.0819444444427,673.3330555555559,67.41277777777779,1491.3764705882354,2.5294173416666674,1143.460994444444,96459.531361111,0.0,0.0,0.0,0.0,0.0,0.0,0.0,0.0,0.0,0.0,0.0,0.0,40.98666666666648,41.153333333333286,44.23527777777785,37.51833333333328,60.0,12.45,5.573,86.59,0.43,5.300000000000001,0.96,4.605942141666666,4.129459546524594,40.355,0.1742066658406641,58.789325981910544,0.0237552967414198,4.838722339239252,0.0544172964936191,0.1062931483087597,0.0144172964936191,0.0692221533886755,5.991039772023293,0.3332713170610829,2.4979110395242223,5371.057902777772,8.0,12.499345943400602,71.06,1.12,19.82,1192.5504111111102,71.81366666666716,2237.96195,80.05,2.49,1.95929203539823,11.07,5.088888888888891,79.97777777777777,53.96,8.96,35.13,72.17,0.048,2.52,0.24,0.029,0.05,5.65,0.15,1.2373377467618525,17.772058823529413,39.22147058823529,0.2231176470588235,0.2717058823529412,9.223823529411764,0.167235294117647,0.1444705882352941,0.4862176470588235,31.69958823529412,0.6458235294117647,1.528328584696656,0.0,1.027131576111111,0.2452901972222221,1.1747329138888878,1.2027450595833336,,22.0,8.0,0.0,192.60917444444453,95.56195205416664,27.318181818181817,28.25
2026-03-16 03:00:00,530.0,180.15350027777777,50.32944444444429,46.21416666666679,70.67194444444443,56.78000000000013,64.40250000000002,56.8027777777777,55.89555555555525,1.1841996972222222,6.066666666666666,4.428411764705882,0.0104058823529411,94.27977352941176,0.2515823529411765,0.1252764705882353,0.0147529411764705,0.8067058823529412,0.0830911764705882,290.0,11.519740725417185,29.004,105.0,87.55580333747068,0.372046614260102,1.9204661426010208,0.9244559371121224,1.4798823333333329,0.0,0.0,0.0,0.0,0.0,0.0,0.0,0.0,17.88609158333332,4.037334416666667,24.71163686111111,198.61055555555552,198.37666666666647,226.64944444444444,210.5365277777777,218.50944444444443,41.98888158333334,1.0,403.3769444444425,516.7252777777793,673.0211111111105,67.29888888888846,1496.3176470588237,2.778935102777776,1173.3224638888903,105063.0891666666,0.0,0.0,0.0,0.0,0.0,0.0,0.0,0.0,0.0,0.0,0.0,0.0,41.04416666666664,39.97694444444436,40.80361111111119,45.88916666666656,60.0,12.45,7.893,86.59,0.43,5.300000000000001,0.96,4.580104138888888,4.128438347232232,58.278000000000006,0.1717905556127526,58.87534678609424,0.0237474690277634,4.773731425237654,0.054348467689351,0.1035328940595078,0.014348467689351,0.0688685610350389,5.9417797453584535,0.332060074127458,2.503575963485363,5910.080572222227,8.0,15.753432755040054,71.06,1.12,19.82,1184.3314694444448,87.44449999999954,2205.446027777779,112.007,2.49,1.95929203539823,11.07,5.088888888888891,79.97777777777777,53.96,8.96,35.13,72.17,0.048,2.52,0.24,0.029,0.05,5.65,0.15,1.2278324731287602,17.78970588235294,39.06264705882353,0.1984117647058823,0.3034705882352941,9.170882352941176,0.1778235294117647,0.1656470588235294,0.4075117647058823,31.816058823529414,0.7128823529411765,1.5160987447423937,0.0,0.8774667672222224,0.2956826208333332,1.299035441666666,1.2240831084722237,,22.0,8.0,0.0,199.97652611111116,96.37033878680556,27.318181818181817,28.25
2026-03-16 04:00:00,535.0138888888889,168.42126694444428,49.87944444444423,45.87916666666641,66.13805555555554,56.25749999999976,62.52194444444434,56.52722222222253,55.134166666666815,1.1444660638888888,6.855555555555555,4.403705882352941,0.0100529411764705,94.49136176470589,0.2406411764705882,0.1206882352941176,0.0175764705882352,0.6443529411764706,0.0716205882352941,293.6388888888889,11.521388499777924,29.269,105.0,87.55398510369332,0.3721886637739588,1.921886637739588,0.9246263965287508,1.433698558333333,0.0,0.0,0.0,0.0,0.0,0.0,0.0,0.0,17.874421499999997,3.8254404500000025,24.517939861111117,157.00583333333336,168.8180555555557,189.84111111111108,171.75986111111112,171.3744444444443,42.16347647222223,1.0,403.1297222222244,516.3922222222204,672.7080555555591,67.04722222222232,1501.2588235294118,2.7626510666666704,1186.0562777777754,105637.49749999998,0.0,0.0,0.0,0.0,0.0,0.0,0.0,0.0,0.0,0.0,0.0,0.0,40.84555555555552,38.05888888888892,37.48944444444445,44.33361111111115,60.0,12.45,7.218,86.59,0.43,5.300000000000001,0.96,4.499743683333333,4.180594037516369,58.801,0.1708970935868437,58.76927212122244,0.0237098858862944,4.810820224145847,0.0545601265284604,0.1036977262291457,0.0145601265284604,0.0693393649767861,5.995847519600007,0.3402856073876295,2.507734562337375,5882.448175,8.0,16.37363019185887,71.06,1.12,19.82,1229.9439916666672,97.21830555555611,2232.437761111112,113.859,2.49,1.95929203539823,11.07,5.088888888888891,79.97777777777777,53.96,8.96,35.13,72.17,0.048,2.52,0.24,0.029,0.05,5.65,0.15,1.218327199495668,17.807352941176468,38.90382352941177,0.1737058823529411,0.3352352941176471,9.117941176470588,0.1884117647058823,0.1868235294117647,0.3288058823529411,31.932529411764705,0.7799411764705882,1.5038689047881315,0.0,1.2278887175,0.2892324972222221,1.329051544444445,1.1898823240277767,,22.0,8.0,0.0,204.39285083333323,95.7255400923611,27.318181818181817,28.25
2026-03-16 05:00:00,554.1111111111111,184.0397122222222,49.44222222222214,45.60694444444451,60.01555555555555,55.87833333333311,57.79500000000014,56.20333333333328,54.45083333333345,1.120125117777777,7.355555555555555,4.44675,0.01085,94.6752075,0.226675,0.1115,0.0248,0.4499999999999999,0.0542175,299.09722222222223,11.531108774235951,30.43,105.0,87.5432592836017,0.3730266184686164,1.930266184686165,0.9256319421623398,1.4041788341666663,0.0,0.0,0.0,0.0,0.0,0.0,0.0,0.0,17.925178916666663,4.234061538888887,24.47432061111111,151.59999999999994,149.0205555555555,178.67305555555558,163.32944444444442,174.0241666666667,42.27635508333335,1.0,402.932222222219,516.1319444444449,672.4672222222194,66.84888888888858,1489.25,2.752499627777783,1223.5778638888878,103483.9741111111,0.0,0.0,0.0,0.0,0.0,0.0,0.0,0.0,0.0,0.0,0.0,0.0,40.60361111111128,36.3858333333333,33.115833333333434,45.22611111111112,60.0,12.45,7.009,86.59,0.43,5.300000000000001,0.96,4.575362308333333,4.288577959022595,60.81399999999999,0.1692393198934456,58.54302857894564,0.0236327490380504,4.892681290492321,0.0550034531522346,0.104256585654619,0.0150034531522346,0.0703413029894432,6.1115943697175,0.3573987568651955,2.5158910777123684,5864.171972222219,8.0,19.91313776015833,71.06,1.12,19.82,1232.1745166666665,98.22648587992434,2158.352180555554,118.689,2.49,1.95929203539823,11.07,5.088888888888891,79.97777777777777,53.96,8.96,35.13,72.17,0.048,2.52,0.24,0.029,0.05,5.65,0.15,1.194392592045015,17.895,38.3785,0.3399999999999999,0.36975,8.927249999999999,0.241,0.19,0.352275,32.137,0.91325,1.472237255649433,0.0,1.106445310833333,0.2840537047222222,1.3481607694444453,1.1984109465277784,,22.0,8.0,0.0,205.7901288888888,99.159567425,27.318181818181817,28.25
2026-03-16 06:00:00,540.9638554216867,188.92310481927709,49.04417670682734,45.371887550200775,64.37510040160642,55.56947791164668,55.57469879518078,55.62128514056235,54.750602409638496,1.139705771084338,6.626506024096385,4.50175,0.01185,94.8541575,0.212175,0.1015,0.0328,0.2499999999999999,0.0357675,295.0,11.527268535291986,30.361,105.0,87.54749678864331,0.3726955633872402,1.926955633872402,0.9252346760646885,1.456400457831326,0.0,0.0,0.0,0.0,0.0,0.0,0.0,0.0,18.23613883534137,3.999818726907633,24.75342365461847,176.8172690763052,188.34698795180725,208.5554216867469,192.44638554216868,196.0658634538153,42.41788534136549,1.0,402.7602409638554,515.8429718875506,672.3008032128528,66.7570281124497,1474.25,2.8048129718875514,1190.0692048192775,105286.85313253012,0.0,0.0,0.0,0.0,0.0,0.0,0.0,0.0,0.0,0.0,0.0,0.0,40.38714859437752,37.34658634538154,30.49598393574298,55.92730923694781,60.0,12.45,7.208,86.59,0.43,5.300000000000001,0.96,4.47121423694779,4.277673815029864,60.107,0.1706887716904853,58.52165188746735,0.0236450496614371,4.918270417755004,0.0549927629061507,0.1056525862212388,0.0149927629061507,0.0704215482389738,6.125299382767398,0.3562239339843945,2.5120401949856093,5838.181987951805,8.0,18.415450355907865,71.06,1.12,19.82,1206.9999116465865,97.47590361445783,2186.069518072289,118.382,2.49,1.95929203539823,11.07,5.088888888888891,79.97777777777777,53.96,8.96,35.13,72.17,0.048,2.52,0.24,0.029,0.05,5.65,0.15,1.1679116315677331,17.995,37.788500000000006,0.5399999999999999,0.40475,8.71225,0.301,0.19,0.393775,32.357,1.05825,1.437181757831128,0.0,0.7827037369477907,0.3166947269076305,1.3484414738955823,1.3457178549196784,,22.0,8.0,0.0,201.98120562248997,98.78231138855422,27.318181818181817,28.25
2026-03-16 07:00:00,555.0,192.97198218623487,48.85020242914983,45.48178137651814,61.74574898785424,54.951012145749125,55.51174089068813,55.13441295546564,55.62024291497983,1.1415374935222673,6.834008097165992,4.528,0.012,94.9302,0.204,0.0952,0.0406,0.166,0.024,295.0,11.525909003499867,26.001,105.0,87.5489969616553,0.372578362370678,1.9257836237067807,0.9250940348448136,1.4406748461538457,0.0,0.0,0.0,0.0,0.0,0.0,0.0,0.0,17.747202834008082,4.348618635627528,24.90303813765182,178.16437246963565,181.55384615384625,219.80364372469649,198.20313765182195,213.29068825910943,41.61445085020242,1.0,402.4971659919008,515.4469635627527,672.1392712550622,66.61012145748994,1461.8,2.788859801619433,1205.632198380566,102648.0306072874,0.0,0.0,0.0,0.0,0.0,0.0,0.0,0.0,0.0,0.0,0.0,0.0,40.36194331983791,37.912145748987705,28.766801619433195,58.41133603238873,60.0,12.45,6.342,86.59,0.43,5.300000000000001,0.96,4.635283141700406,4.254172981846641,52.387,0.169885085994617,58.6110567507206,0.0236577395155286,4.869704315956248,0.0548653291847214,0.1042117319182239,0.0148653291847214,0.0700387118941722,6.077044877545957,0.351997041250692,2.513014679214309,5906.416797570848,8.0,19.39913742605536,71.06,1.12,19.82,1192.1870890688258,95.7828719668996,2167.364433198381,101.241,2.49,1.95929203539823,11.07,5.088888888888891,79.97777777777777,53.96,8.96,35.13,72.17,0.048,2.52,0.24,0.029,0.05,5.65,0.15,1.133021838163924,17.71,37.346,0.504,0.4459999999999999,8.614,0.382,0.2019999999999999,0.49,32.972,1.17,1.3943521070763023,0.0,0.9172992700404838,0.2991374064777327,1.3482000161943315,1.3313971360323875,,22.0,8.0,0.0,200.9712437246964,99.31878763967612,27.318181818181817,28.25
2026-03-16 08:00:00,544.5138888888889,203.30382500000024,48.45944444444429,45.47916666666659,59.87944444444449,54.52250000000015,55.31805555555574,54.19583333333343,55.24888888888884,1.126895151111111,6.288888888888889,4.518588235294118,0.0121529411764705,94.95397647058824,0.2045882352941176,0.0935294117647058,0.0425529411764705,0.1529411764705882,0.0216705882352941,290.55555555555554,11.390793587967543,30.318,105.0,87.6937878488027,0.3866079556698991,2.144053037799327,0.9154185632297644,1.391158402777776,0.42,0.411,0.0,0.53,1.28,0.0,96.72,0.1,17.742115472222217,4.262860055555552,25.052951888888888,154.28361111111113,159.10083333333338,181.9572222222224,168.62520833333343,179.15916666666678,41.459905916666656,1.0,402.28611111111184,515.2577777777811,672.1016666666701,66.44027777777791,1455.764705882353,2.7394024388888893,1208.727316666665,102879.44722222224,0.0,0.0,0.0,0.0,0.0,0.0,0.0,0.0,0.0,0.0,0.0,0.0,40.17777777777793,37.66694444444459,28.558333333333213,57.63166666666667,60.0,12.435,6.905,86.60000000000001,0.425,6.4,0.965,4.619736774999999,3.784458004663392,60.471,0.2102986555539018,59.06672735691488,0.0244132724777165,4.978247424385242,0.0689965437978535,0.1790311058193183,0.0136036612591159,0.0682331530816424,5.715990805510079,0.2922522200724314,2.614668188057085,5895.499208333335,7.98,18.81871126188401,71.12,0.99,19.91,1235.0750333333342,92.56447222222208,2184.005436111111,117.553,2.62,1.938848920863309,10.78,5.088888888888891,79.97777777777777,54.23,8.91,35.13,72.17,0.052,2.37,0.23,0.028,0.049,5.56,0.15,1.1130923990381636,17.58494117647059,37.134470588235295,0.4370588235294118,0.4577647058823529,8.544,0.416235294117647,0.2054117647058823,0.5484705882352942,33.36152941176471,1.205529411764706,1.3691959665358373,0.0,1.4015553150000009,0.2642632424999999,1.3484193777777778,1.354056227291667,,22.0,8.0,0.0,203.49706333333327,99.57664570138893,27.318181818181817,28.25
2026-03-16 09:00:00,551.25,189.15703333333371,47.993888888888726,45.34249999999983,50.75138888888888,54.88111111111106,61.25611111111101,53.394722222222015,55.00972222222208,1.1324667777777775,7.066666666666666,4.469176470588235,0.0125058823529411,94.93315294117646,0.2151764705882353,0.0970588235294117,0.0369058823529411,0.2058823529411765,0.0301411764705882,290.0,11.41248804611253,30.534,105.0,87.67001310015065,0.3874995087443506,2.149996724962337,0.917498853736818,1.394219905555556,0.42,0.416,0.0,0.53,1.28,0.0,96.72,0.1,17.44613263888888,4.366464136111112,24.650920916666664,144.81361111111104,148.5033333333333,167.54972222222224,158.86958333333334,174.6116666666667,41.443861499999976,1.0,402.0688888888887,515.0074999999999,672.1277777777818,66.38027777777786,1457.529411764706,2.7423200527777785,1220.3835694444438,104476.69219444448,0.0,0.0,0.0,0.0,0.0,0.0,0.0,0.0,0.0,0.0,0.0,0.0,39.978888888888896,36.68388888888896,28.72944444444446,59.30138888888878,60.0,12.435,6.918,86.60000000000001,0.425,6.4,0.965,4.552718405555556,3.890448765187158,52.923,0.2170096177465374,58.55365474368422,0.024819586947074,5.24112710919638,0.0677338775201708,0.1903951023184626,0.0140746178410143,0.0704671314929236,6.033037053832928,0.3065177522060351,2.604510326323149,5907.683919444444,7.98,19.67636681671128,71.12,0.99,19.91,1251.6367249999994,98.28659043274745,2176.22051111111,117.664,2.62,1.938848920863309,10.78,5.088888888888891,79.97777777777777,54.23,8.91,35.13,72.17,0.052,2.37,0.23,0.028,0.049,5.56,0.15,1.1146670000282806,17.757882352941177,37.19094117647059,0.3841176470588235,0.4295294117647059,8.484,0.3844705882352941,0.1948235294117647,0.5449411764705883,33.36505882352941,1.1490588235294117,1.3689453746456557,0.0,0.8103226516944444,0.2617531211111111,1.3480347222222226,1.4354458080555554,,22.0,8.0,0.0,208.5482047222222,97.56330691666672,27.318181818181817,28.25
2026-03-16 10:00:00,543.5,196.75085999999996,48.074722222222405,45.47805555555552,53.29861111111112,60.03388888888898,58.7988888888888,53.42333333333334,55.60972222222226,1.1813873611111103,6.433333333333334,4.419764705882353,0.0128588235294117,94.9123294117647,0.2257647058823529,0.1005882352941176,0.0312588235294117,0.2588235294117647,0.0386117647058823,290.0,11.410510519940782,22.291,105.0,87.67218025211969,0.3874182405455116,2.149454936970077,0.9173092279395272,1.472678452777779,0.42,0.325,0.0,0.53,1.28,0.0,96.72,0.1,17.149764083333338,4.282214522222221,24.762129138888863,226.80999999999997,243.61055555555564,254.77888888888904,247.81326388888888,266.0536111111109,40.918206,1.0,401.8558333333332,514.8586111111084,672.380833333332,66.49138888888864,1459.2941176470588,2.820778599999999,1204.494902777777,103439.11666666668,0.0,0.0,0.0,0.0,0.0,0.0,0.0,0.0,0.0,0.0,0.0,0.0,40.23833333333309,36.15277777777773,28.783333333333303,61.15027777777775,60.0,12.435,5.063,86.60000000000001,0.425,6.4,0.965,4.64290798333333,3.74798337664885,40.786,0.2130206443387436,59.09362673466386,0.0244772716128083,4.981324228902074,0.0689062423380571,0.1798438189574854,0.0135004903643407,0.0681832736723385,5.713157946354141,0.286988893247683,2.613068209679792,5965.101186111107,7.98,18.632044107519945,71.12,0.99,19.91,1174.1719388888885,94.6986666666664,2197.984330555554,83.661,2.62,1.938848920863309,10.78,5.088888888888891,79.97777777777777,54.23,8.91,35.13,72.17,0.052,2.37,0.23,0.028,0.049,5.56,0.15,1.1162416010183975,17.930823529411764,37.24741176470589,0.3311764705882353,0.4012941176470588,8.424,0.3527058823529412,0.184235294117647,0.5414117647058824,33.36858823529411,1.0925882352941176,1.3686947827554736,0.0,0.5405140846944441,0.2912911119444444,1.348077525000001,1.4314867909722224,,22.0,8.0,0.0,200.5375883333332,98.56948895,27.318181818181817,28.25
2026-03-16 11:00:00,550.0,217.69620944444483,48.38722222222214,45.55805555555574,53.70972222222217,61.46888888888881,58.38499999999996,54.2597222222223,55.84194444444414,1.1706756999999994,6.0,4.393032258064516,0.0127677419354838,94.78670967741937,0.2392903225806451,0.1050193548387096,0.0252838709677419,0.384516129032258,0.0533806451612903,290.0,11.426173225753336,30.365,105.0,87.65501564301005,0.3880619133871233,2.153746089247489,0.9188111312366212,1.4506736722222229,0.42,0.43,0.0,0.53,1.28,0.0,96.72,0.1,17.26950736111111,4.330954230555553,24.21607380555552,186.85500000000016,201.4311111111112,201.18138888888865,199.75486111111115,209.55194444444467,41.62538844444446,1.0,401.67833333333385,514.7880555555552,672.776388888886,66.71249999999976,1464.645161290323,2.7986753499999995,1214.8543305555552,102524.8577777778,0.0,0.0,0.0,0.0,0.0,0.0,0.0,0.0,0.0,0.0,0.0,0.0,40.46166666666661,34.49666666666668,28.75555555555553,48.64777777777775,60.0,12.435,6.283,86.60000000000001,0.425,6.4,0.965,4.692319616666669,3.778069173465768,56.38,0.2126124512238382,59.01679531748848,0.0244989003192621,5.012939162823696,0.068789109613338,0.1808980134799574,0.0136070947144377,0.0684868925150762,5.754295494856333,0.2912010109968074,2.6125274920184465,5965.493991666664,7.98,19.226929218133307,71.12,0.99,19.91,1178.0159777777776,88.31999999999977,2174.329241666667,111.361,2.62,1.938848920863309,10.78,5.088888888888891,79.97777777777777,54.23,8.91,35.13,72.17,0.052,2.37,0.23,0.028,0.049,5.56,0.15,1.1233897369674597,18.05341935483871,37.383806451612905,0.3053548387096774,0.3760645161290322,8.430193548387097,0.3167741935483871,0.1753548387096774,0.5307096774193548,33.27941935483871,1.0258709677419355,1.3767197181322344,0.0,0.9091652236111106,0.2799979525000001,1.3480757638888892,1.3826373131944454,,22.0,8.0,0.0,200.1977047222221,101.34474775138894,27.318181818181817,28.25
2026-03-16 12:00:00,545.0277777777778,186.55984666666728,49.11777777777776,45.66861111111133,61.88138888888879,61.14638888888904,62.799722222222,55.04527777777788,55.68000000000009,1.1474214586111116,6.711111111111111,4.38141935483871,0.0123806451612903,94.59122580645162,0.2547741935483871,0.1100516129032258,0.0190903225806451,0.5587096774193548,0.0723483870967741,290.0,11.427188410240689,26.092,105.0,87.65390311206501,0.3881036332975625,2.15402422198375,0.9189084776943124,1.4489960333333352,0.42,0.375,0.0,0.53,1.28,0.0,96.71999999999998,0.1,17.640239388888862,4.0940876,23.863377527777764,193.7755555555555,212.72527777777788,230.97694444444463,214.66847222222225,221.1961111111111,42.503029499999975,1.0,401.5413888888889,514.8011111111094,673.3347222222225,66.86944444444458,1472.3870967741937,2.7969874527777767,1209.485483333333,101562.75572222212,0.0,0.0,0.0,0.0,0.0,0.0,0.0,0.0,0.0,0.0,0.0,0.0,40.73388888888883,33.92638888888883,32.42000000000001,52.66861111111113,60.0,12.435,5.034,86.60000000000001,0.425,6.4,0.965,4.73336053888889,3.7644169344919263,50.406,0.2095288259334206,59.14889457604253,0.0243566638892195,4.937820299170735,0.0691832321549022,0.1773509106058802,0.0135204539142165,0.0678820576915446,5.666584533587272,0.2895197198746181,2.616083402769512,5961.860386111105,7.98,18.429791217019424,71.12,0.99,19.91,1169.1974555555555,98.78755555555614,2197.0638083333324,95.571,2.62,1.938848920863309,10.78,5.088888888888891,79.97777777777777,54.23,8.91,35.13,72.17,0.052,2.37,0.23,0.028,0.049,5.56,0.15,1.1342535628891517,18.142451612903223,37.57348387096774,0.2976129032258064,0.3528387096774193,8.480516129032258,0.2780645161290322,0.1676129032258064,0.5152258064516129,33.12845161290322,0.9523225806451612,1.390261671686957,0.0,0.6765745588888877,0.3015745463888887,1.3479388722222216,1.3377116308333328,,22.0,8.0,0.0,198.01839694444453,97.2191796833334,27.318181818181817,28.25
2026-03-16 13:00:00,542.4861111111111,186.1442381666667,50.33583333333343,45.77833333333303,64.27861111111109,60.53361111111101,62.91833333333349,55.39333333333307,55.51333333333314,1.1564798013888882,6.288888888888889,4.369217391304348,0.0120086956521739,94.39735652173913,0.2698260869565217,0.1149391304347826,0.0130086956521739,0.7326956521739131,0.0909478260869565,296.8888888888889,11.424089899029278,25.651,105.0,87.65729874078984,0.3879762972203812,2.153175314802542,0.9186113601808896,1.44971193888889,0.42,0.376,0.0,0.53,1.28,0.0,96.72,0.1,17.400993916666657,3.8371189972222295,23.792366166666675,181.86472222222216,209.60583333333332,222.99749999999997,208.06430555555556,217.7891666666667,42.240967138888905,1.0,401.4774999999991,514.8533333333307,673.9402777777794,67.01388888888886,1480.0782608695652,2.797895694444444,1216.4494166666664,100899.04061111117,0.0,0.0,0.0,0.0,0.0,0.0,0.0,0.0,0.0,0.0,0.0,0.0,40.701388888889134,33.32916666666661,30.344444444444463,54.77777777777783,60.0,12.435,4.731,86.60000000000001,0.425,6.4,0.965,4.761615466666669,3.736645826163436,52.302,0.2088748040227907,59.25047722840427,0.0242949409200413,4.8894734426981765,0.0693988757600091,0.1754101181599174,0.0134099843218232,0.0674545141677182,5.606839509005392,0.2857042178119384,2.617626476998968,5953.83968611111,7.98,16.986116751957177,71.12,0.99,19.91,1161.805058333333,91.25244444444438,2247.4777972222223,95.838,2.62,1.938848920863309,10.78,5.088888888888891,79.97777777777777,54.23,8.91,35.13,72.17,0.052,2.37,0.23,0.028,0.049,5.56,0.15,1.1454216552410308,18.232,37.76608695652174,0.2908695652173912,0.3293913043478261,8.533043478260868,0.2391304347826086,0.16,0.5004347826086957,32.97173913043478,0.8771304347826087,1.404224982180427,0.0,0.7886164099999996,0.2932321644444445,1.3481498888888868,1.3085044283333322,,22.0,8.0,0.0,197.5154072222223,98.88633377930556,27.318181818181817,28.25
2026-03-16 14:00:00,540.6805555555555,184.61520666666684,51.482777777777855,46.03222222222234,75.1616666666667,61.28888888888863,63.1913888888888,55.65416666666676,55.5955555555557,1.179497747222222,6.355555555555555,4.322260869565217,0.0125304347826086,94.29874782608697,0.2593913043478261,0.1112869565217391,0.0135304347826086,0.8944347826086957,0.0878173913043478,300.0,11.425116424389923,30.406,105.0,87.6561737814905,0.3880184831941064,2.1534565546273767,0.918709794119582,1.4683848166666669,0.42,0.429,0.0,0.53,1.2800000000000002,0.0,96.72,0.1,17.748650027777753,3.7278405111111113,23.727840416666652,165.7058333333336,170.5730555555556,180.2066666666666,177.13840277777786,192.0680555555556,42.79238800000001,1.0,401.3255555555562,514.9488888888875,674.5355555555567,67.38138888888878,1484.7739130434782,2.816470469444448,1228.4347750000022,101685.05463888892,0.0,0.0,0.0,0.0,0.0,0.0,0.0,0.0,0.0,0.0,0.0,0.0,40.16666666666664,33.36333333333338,26.54416666666664,64.20861111111101,60.0,12.435,5.79,86.60000000000001,0.425,6.4,0.965,4.731558880555554,3.77149120338955,60.421,0.2085960179407822,59.15572085864186,0.0243278495887191,4.929696297644858,0.0692429784346502,0.1768131940881481,0.0135357243342546,0.0678338822594793,5.658582280995018,0.2905690405653664,2.616803760282021,5969.423130555547,7.98,16.43024057331482,71.12,0.99,19.91,1155.595369444444,88.99722222222222,2270.8801305555558,105.002,2.62,1.938848920863309,10.78,5.088888888888891,79.97777777777777,54.23,8.91,35.13,72.17,0.052,2.37,0.23,0.028,0.049,5.56,0.15,1.174541466973942,18.352,38.13130434782609,0.3430434782608695,0.2928695652173913,8.715652173913044,0.1869565217391304,0.16,0.5265217391304348,32.47608695652174,0.7049565217391305,1.4430483520599957,0.0,0.8716941563888895,0.2888870663888889,1.3481547166666656,1.2095201843749994,,22.0,8.0,0.0,199.1142402777778,99.46151488333336,27.318181818181817,28.25
2026-03-16 15:00:00,538.2777777777778,175.78153833333317,52.573333333333096,46.33111111111088,74.39944444444434,61.61888888888903,64.15499999999976,55.60972222222218,55.82444444444439,1.1773533352777774,6.5,4.283666666666667,0.0129666666666666,94.2201,0.2496666666666666,0.1081,0.0141,1.0266666666666666,0.0847333333333333,300.0,11.42453914919852,25.952,105.0,87.65680641183725,0.3879947595561036,2.1532983970406905,0.9186544389642416,1.4684539055555543,0.4199999999999999,0.361,0.0,0.53,1.28,0.0,96.72,0.1,17.492284416666653,3.685321836111112,23.765649500000016,194.53333333333345,216.4619444444443,235.9030555555556,222.29041666666663,242.2633333333333,42.39974491666669,1.0,401.2713888888888,515.0916666666697,675.1908333333315,67.55916666666646,1489.3333333333333,2.816482525,1220.2049638888905,101701.18233333332,0.0,0.0,0.0,0.0,0.0,0.0,0.0,0.0,0.0,0.0,0.0,0.0,40.04527777777776,33.12166666666674,28.53111111111105,61.13944444444439,60.0,12.435,5.206,86.60000000000001,0.425,6.4,0.965,4.74206981666667,3.787480153298659,51.142,0.2078806069375464,59.12971686676313,0.0243191506002893,4.937230456376364,0.0692327245708028,0.1769054788627742,0.0135865433498885,0.067924015486293,5.669915920378553,0.2928426342340933,2.617021234992765,5978.371408333327,7.98,15.99611998833332,71.12,0.99,19.91,1155.714663888888,91.0,2280.571616666668,96.303,2.62,1.938848920863309,10.78,5.088888888888891,79.97777777777777,54.23,8.91,35.13,72.17,0.052,2.37,0.23,0.028,0.049,5.56,0.15,1.1987732003731038,18.459,38.428666666666665,0.3853333333333333,0.264,8.874333333333334,0.143,0.1606666666666666,0.549,32.058,0.559,1.475604727124451,0.0,0.7222149741944438,0.2911006244444442,1.3482035499999985,1.228913219722223,,22.0,8.0,0.0,198.47869972222225,98.29105382916664,27.318181818181817,28.25
2026-03-16 16:00:00,535.0,182.75819777777772,53.42805555555551,46.401388888888654,66.36222222222213,60.87972222222202,68.42777777777772,55.43111111111096,56.17861111111114,1.16333741111111,6.143055555555556,4.320333333333333,0.0126333333333333,94.3211,0.2463333333333333,0.1091,0.0151,0.8933333333333333,0.0820666666666666,300.0,11.398735058452646,30.452,105.0,87.66819026664915,0.4026149349796401,2.004597399185603,0.9330746748982004,1.4474495805555554,0.42,0.421,0.0,0.53,1.28,0.0,96.72,0.1,17.478926111111132,3.690007702777781,24.38662283333332,172.49416666666656,195.41,212.5788888888888,196.1960416666666,204.30111111111108,41.75241299999998,1.0,401.2927777777777,515.3266666666659,675.80111111111,67.72527777777776,1492.6666666666667,2.795416111111108,1224.0688000000018,101777.98838888892,0.0,0.0,0.0,0.0,0.0,0.0,0.0,0.0,0.0,0.0,0.0,0.0,40.253055555555584,32.323611111111134,33.21694444444446,53.13138888888888,60.0,12.435,6.294,86.60000000000001,0.425,6.4,0.965,4.727350172222223,3.766551968543802,59.257,0.2103910086572051,59.11693420186645,0.0243942994076649,4.9566316215805735,0.0690819649999156,0.1782623150007594,0.0135384511534502,0.0680309330543227,5.688326442445619,0.2897559106940952,2.6151425148083773,5967.716152777778,8.52,15.717712670549382,70.16000000000001,1.1,20.22,1174.3828361111114,86.00277777777778,2290.4323361111115,112.619,2.49,1.978339350180506,10.96,5.088888888888891,79.97777777777777,54.3,8.88,35.13,72.17,0.048,2.5,0.23,0.029,0.049,5.54,0.15,1.179012228768518,18.449,38.11533333333333,0.3386666666666666,0.304,8.817666666666668,0.173,0.1673333333333333,0.539,32.338,0.649,1.4517581488528828,0.0,0.8704113802777782,0.2841121783333335,1.3479775194444434,1.3304114901388897,,22.0,8.0,0.0,199.94230722222213,99.21546120555556,27.318181818181817,28.25
2026-03-16 17:00:00,535.1666666666666,177.65613166666665,53.5158333333333,46.31638888888862,69.52444444444446,59.86444444444448,64.54722222222223,55.45472222222208,56.311666666666326,1.1718178694444437,6.713888888888889,4.357,0.0123,94.4221,0.243,0.1101,0.0161,0.76,0.0794,300.0,11.39961501737769,26.183,105.0,87.66725241568957,0.4026265133865485,2.005060535461941,0.9331325669327428,1.4617772999999987,0.42,0.372,0.0,0.53,1.28,0.0,96.71999999999998,0.1,17.765504666666693,3.71311561388889,24.126495638888887,165.77972222222238,178.40277777777774,190.6336111111112,179.87638888888893,184.68944444444435,42.4062908888889,1.0,401.3202777777766,515.5538888888921,676.4138888888907,67.7022222222221,1496.0,2.8099560638888903,1230.4152000000022,102352.82513888886,0.0,0.0,0.0,0.0,0.0,0.0,0.0,0.0,0.0,0.0,0.0,0.0,40.15611111111126,33.10527777777773,32.492222222222146,54.56666666666671,60.0,12.435,5.438,86.60000000000001,0.425,6.4,0.965,4.701808947222222,3.757862560829049,50.757,0.2111511712670173,59.12001989873319,0.0244140709655811,4.959441259333688,0.0690488011505802,0.178560789644778,0.0135151801721929,0.0680350099493665,5.69001083594381,0.2884941584412002,2.614648225860472,5969.93971944444,8.52,16.698689398157406,70.16000000000001,1.1,20.22,1169.0177333333345,93.99444444444444,2265.9649111111107,96.791,2.49,1.978339350180506,10.96,5.088888888888891,79.97777777777777,54.3,8.88,35.13,72.17,0.048,2.5,0.23,0.029,0.049,5.54,0.15,1.1592512571639326,18.439,37.802,0.292,0.344,8.761000000000001,0.203,0.174,0.529,32.617999999999995,0.739,1.4279115705813146,0.0,0.8605879097222219,0.2899594841666668,1.3482559972222212,20.377412280694447,,22.0,8.0,0.0,200.8789061111111,98.53943744583331,27.318181818181817,28.25
2026-03-16 18:00:00,530.0,175.56773861111117,53.50888888888877,46.24611111111134,66.3019444444444,58.408888888889,63.72916666666664,55.43416666666649,56.02944444444433,1.1547195869444444,6.286111111111111,4.394,0.012,94.5246,0.2385,0.111,0.01785,0.6265000000000001,0.07555,300.0,11.397271956706003,30.674,105.0,87.66974962508964,0.4025956836408684,2.00382734563474,0.9329784182043426,1.431201263888889,0.42,0.511,0.0,0.53,1.28,0.0,96.72,0.1,17.746551722222172,3.5740579944444444,24.019652,193.71972222222223,217.15805555555536,220.11111111111128,209.1602777777778,205.65222222222224,42.49231180555556,1.0,401.3177777777777,515.7283333333305,676.9780555555574,67.57527777777763,1498.6,2.7787100944444445,1218.289211111111,102511.6723333334,0.0,0.0,0.0,0.0,0.0,0.0,0.0,0.0,0.0,0.0,0.0,0.0,40.048055555555536,32.4463888888889,30.961388888888884,52.41888888888887,60.0,12.435,5.917,86.60000000000001,0.425,6.4,0.965,4.667047213888885,3.782447455893634,58.665,0.2104863206341089,59.06709094008353,0.0244183243842154,4.979116508991733,0.0689876416943663,0.1791112247507031,0.0135984147276911,0.0682357794255518,5.716629336060684,0.2919594477115827,2.6145418903946136,5928.920663888882,8.52,15.535356448444013,70.16000000000001,1.1,20.22,1195.2332472222222,88.48639602777696,2294.631777777777,109.162,2.49,1.978339350180506,10.96,5.088888888888891,79.97777777777777,54.3,8.88,35.13,72.17,0.048,2.5,0.23,0.029,0.049,5.54,0.15,1.140215392515388,18.4195,37.504000000000005,0.2565,0.3835,8.6935,0.233,0.1805,0.52,32.8925,0.826,1.4045245265736357,0.0,0.8408902766666639,0.276481711388889,1.3478454861111109,25.06025676041666,,22.0,8.0,0.0,201.85771694444435,98.26272536597224,27.318181818181817,28.25
2026-03-16 19:00:00,530.9027777777778,162.42764138888896,53.59027777777776,46.05277777777784,59.69027777777778,57.22277777777801,66.2463888888889,55.18777777777797,55.53555555555567,1.1915436083333346,6.713888888888889,4.433999999999999,0.012,94.6406,0.2234999999999999,0.111,0.02635,0.4915,0.06105,300.0,11.394649596585984,29.994,105.0,87.67254450890178,0.4025611789024472,2.0024471560978863,0.932805894512236,1.4597016305555564,0.42,0.47,0.0,0.53,1.28,0.0,96.72,0.1,17.85385341666665,3.5347865250000066,24.36229324999997,173.70888888888882,181.375,185.87972222222223,179.67763888888885,177.74694444444435,42.289132444444434,1.0,401.4074999999985,515.9372222222219,677.4008333333347,67.4427777777776,1494.6,2.808296308333336,1227.8721694444453,105260.63555555556,0.0,0.0,0.0,0.0,0.0,0.0,0.0,0.0,0.0,0.0,0.0,0.0,39.912222222222006,31.97666666666677,34.63611111111111,47.7966666666666,60.0,12.435,6.054,86.60000000000001,0.425,6.4,0.965,4.479946202777783,3.770463727175263,58.763000000000005,0.2097193812432993,59.125344008985245,0.0243720538434048,4.949242380409441,0.0691312560624883,0.1778186954376052,0.0135450708779333,0.0679820295083641,5.680610247945135,0.2903471061722512,2.6156986539148788,5845.091933333334,8.52,15.376348493170596,70.16000000000001,1.1,20.22,1203.9110916666666,94.66583619444486,2305.4487916666667,113.205,2.49,1.978339350180506,10.96,5.088888888888891,79.97777777777777,54.3,8.88,35.13,72.17,0.048,2.5,0.23,0.029,0.049,5.54,0.15,1.1277054904712114,18.3145,37.344,0.3215,0.4185,8.528500000000001,0.263,0.1855,0.52,33.1175,0.8859999999999999,1.3852732909409582,0.0,1.1070192486111117,0.2681580311111111,1.3482138166666664,25.098604530277772,,22.0,8.0,0.0,206.39083500000004,96.5216624840278,27.318181818181817,28.25
2026-03-16 20:00:00,535.0,174.60553055555582,53.60888888888888,45.81861111111104,57.41333333333346,56.898333333333305,127.73666666666674,54.630277777777856,55.03999999999997,1.1633044663888892,6.643055555555556,4.474,0.012,94.7566,0.21,0.1097,0.034,0.357,0.0467,300.0,11.394317890619732,29.658,105.0,87.67289803762895,0.4025568143502596,2.0022725740103846,0.932784071751298,1.4629379388888888,0.42,0.631,0.0,0.53,1.28,0.0,96.72,0.1,18.29829791666667,3.4870595388888894,23.954644333333334,171.56444444444443,185.1775,188.4441666666667,181.91159722222216,182.4602777777777,43.30768108333328,1.0,401.4738888888887,516.1816666666674,677.9194444444447,67.32944444444402,1488.7,2.8111415916666656,1223.1081305555588,105498.5075,0.0,0.0,0.0,0.0,0.0,0.0,0.0,0.0,0.0,0.0,0.0,0.0,39.789166666666574,31.71722222222208,39.25805555555556,44.40972222222224,60.0,12.435,6.0,86.60000000000001,0.425,6.4,0.965,4.513564369444447,3.78432861798884,58.60300000000001,0.2097399450540074,59.0837293312629,0.0243904748903639,4.967691585754995,0.0690555091036295,0.1785004180673344,0.0135966418101462,0.0681517669743869,5.703975905670356,0.2922735525485043,2.6152381277409007,5904.093480555549,8.52,16.354790781008198,70.16000000000001,1.1,20.22,1204.4989222222223,93.66708333333403,2275.165544444443,112.902,2.49,1.978339350180506,10.96,5.088888888888891,79.97777777777777,54.3,8.88,35.13,72.17,0.048,2.5,0.23,0.029,0.049,5.54,0.15,1.1145043017206882,18.188,37.166,0.379,0.455,8.389000000000001,0.296,0.195,0.52,33.348,0.954,1.3660631752701082,0.0,0.870360728333333,0.2996334705555555,1.3483060138888885,25.0858725767361,,22.0,8.0,0.0,206.28658527777787,98.13523279861114,27.318181818181817,28.25
2026-03-16 21:00:00,538.9444444444445,178.99318861111118,53.2233333333335,45.53666666666669,69.21638888888891,56.77055555555565,92.37277777777776,53.95777777777764,54.16222222222237,1.137595559722222,6.856944444444444,4.50472,0.012,94.8584224,0.21072,0.098048,0.033568,0.24672,0.0358016,300.0,11.393807082945017,25.752,105.0,87.67344245107176,0.4025500931966449,2.0020037278657967,0.9327504659832246,1.4583830611111115,0.42,0.546,0.0,0.53,1.28,0.0,96.72,0.1,18.27001405555556,3.599167330555558,23.864993666666663,167.6530555555556,182.01638888888888,195.14305555555555,181.7626388888889,182.2380555555557,43.36099586111111,1.0,401.535000000002,516.3733333333304,678.3686111111108,67.18222222222201,1468.0,2.8063391194444414,1202.583458333332,104810.69358333328,0.0,0.0,0.0,0.0,0.0,0.0,0.0,0.0,0.0,0.0,0.0,0.0,39.47166666666645,33.159166666666664,34.983055555555545,56.5502777777777,60.0,12.435,5.372,86.60000000000001,0.425,6.4,0.965,4.537967916666665,3.7968755346449954,51.436,0.2085290458044948,59.08264328485886,0.0243573372735049,4.961528695855043,0.0691152111361692,0.177963099774477,0.0136289174896959,0.0681296951551442,5.699151178163153,0.2941034100629909,2.6160665681623767,5895.623797222221,8.52,17.302078255112093,70.16000000000001,1.1,20.22,1200.0907777777782,96.66333333333358,2228.5609472222213,96.796,2.49,1.978339350180506,10.96,5.088888888888891,79.97777777777777,54.3,8.88,35.13,72.17,0.048,2.5,0.23,0.029,0.049,5.54,0.15,1.0961576238011352,17.901919999999997,36.85472,0.36664,0.4976,8.467600000000001,0.3475999999999999,0.2375999999999999,0.5190400000000001,33.622080000000004,1.07568,1.3480070757486788,0.0,0.6975043570000002,0.3207875125,1.348041980555554,5.694045094027776,,22.0,8.0,0.0,202.97435861111103,98.71659749097223,27.318181818181817,28.25
2026-03-16 22:00:00,546.9722222222222,194.99250833333335,52.80833333333303,45.74666666666659,85.001388888889,56.6200000000002,67.22083333333327,53.93416666666647,53.790277777777625,1.1415958388888905,6.643055555555556,4.45192,0.012,94.8326464,0.21792,0.098528,0.029248,0.31392,0.0438176,300.0,11.403155105015571,30.186,105.0,87.66347942754919,0.4026730934870469,2.0069237394818797,0.933365467435235,1.426216166666666,0.42,0.646,0.0,0.53,1.28,0.0,96.72,0.1,17.458478250000006,4.108289913888886,24.52910422222221,177.98444444444442,190.40944444444432,198.8977777777777,188.91875,188.3833333333334,41.579699722222216,1.0,401.61111111111273,516.4975000000011,678.8111111111092,67.35749999999987,1468.0,2.7741246805555555,1219.3075611111103,102039.1448888889,0.0,0.0,0.0,0.0,0.0,0.0,0.0,0.0,0.0,0.0,0.0,0.0,39.54972222222228,35.80305555555554,30.06833333333342,69.67416666666666,60.0,12.435,6.056,86.60000000000001,0.425,6.4,0.965,4.651882050000003,3.787537531417703,58.884,0.2093624753753141,59.08546769920522,0.0243792541267576,4.964855308742613,0.0690778479722844,0.1782993682494395,0.0136041029821343,0.0681364377420012,5.7013103729366215,0.2927463147883975,2.615518646831058,5887.857308333333,8.52,18.26819813072236,70.16000000000001,1.1,20.22,1193.3336416666666,93.68666666666736,2199.9873222222227,112.396,2.49,1.978339350180506,10.96,5.088888888888891,79.97777777777777,54.3,8.88,35.13,72.17,0.048,2.5,0.23,0.029,0.049,5.54,0.15,1.0874957665743925,17.92112,36.80192,0.33304,0.4736,8.4436,0.3236,0.2136,0.50944,33.84288,1.03248,1.3370064046640382,0.0,1.0427951791666663,0.2846203419444443,1.3479316138888906,1.203533057291667,,22.0,8.0,0.0,200.5365075000001,100.83650735416668,27.318181818181817,28.25
2026-03-16 23:00:00,543.8888888888889,184.85039833333332,52.74194444444431,46.37027777777793,85.0419444444444,57.0436111111112,70.56694444444445,54.32666666666645,53.99277777777765,1.1419414508333332,6.856944444444444,4.400390243902439,0.012,94.80504195121952,0.2251414634146341,0.0990634146341463,0.0249560975609756,0.3815609756097561,0.0518458536585365,300.0,11.405977472612252,25.924,105.0,87.66047137787378,0.4027102299027927,2.008409196111711,0.933551149513964,1.442234408333334,0.42,0.556,0.0,0.53,1.28,0.0,96.72,0.1,17.846475111111094,4.125618924999997,24.292438388888872,183.2222222222223,201.64722222222207,221.8005555555557,202.9950694444444,205.3102777777776,42.35014161111112,1.0,401.6913888888882,516.6836111111121,679.3161111111098,67.94166666666631,1468.165853658537,2.790276108333333,1218.389094444447,102894.50161111102,0.0,0.0,0.0,0.0,0.0,0.0,0.0,0.0,0.0,0.0,0.0,0.0,40.44111111111104,37.071111111111136,29.418055555555576,71.28333333333337,60.0,12.435,5.396,86.60000000000001,0.425,6.4,0.965,4.639433247222222,3.7685765467824175,50.799,0.2096283391405342,59.133633142384696,0.0243659717710978,4.945090651390776,0.0691507706844623,0.1776430638398393,0.0135370184452449,0.0679463178409023,5.675566054449891,0.2900911041555936,2.615850705722554,5921.776636111106,8.52,17.868255670894502,70.16000000000001,1.1,20.22,1191.3855527777775,96.66333333333358,2217.479905555557,96.458,2.49,1.978339350180506,10.96,5.088888888888891,79.97777777777777,54.3,8.88,35.13,72.17,0.048,2.5,0.23,0.029,0.049,5.54,0.15,1.0792143370497769,17.94248780487805,36.753365853658536,0.2995609756097561,0.4497073170731707,8.420682926829269,0.2995609756097561,0.1899024390243902,0.4999512195121951,34.055853658536584,0.9889268292682928,1.3264765702158323,0.0,0.6202835494444433,0.3002929649999998,1.348051008333334,1.183410861666666,,22.0,8.0,0.0,201.55562555555557,99.49267777916668,27.318181818181817,28.25
2026-03-17 00:00:00,540.0,180.7753188888887,52.58777777777785,46.80388888888869,82.77527777777793,57.10777777777768,74.9638888888889,55.61055555555568,54.2941666666665,1.138273153888889,6.643055555555556,4.423804878048781,0.012,94.66955902439024,0.2336292682926829,0.1028682926829268,0.0223219512195121,0.4752195121951219,0.0605970731707317,300.0,11.36457857190039,30.278,105.0,87.65807054627122,0.3438420635444877,1.9324559085804875,0.9773508818283902,1.4498007944444444,0.58,0.648,0.0,0.55,1.12,0.0,96.94,0.1,17.959755944444442,3.9095454166666666,23.99722741666666,168.75555555555565,182.9877777777777,209.4472222222221,191.24819444444444,203.8022222222223,42.80776608333333,1.0,401.766388888889,516.8958333333314,679.8166666666663,68.29416666666687,1478.1170731707316,2.797747002777779,1208.4586694444472,103372.48277777772,0.0,0.0,0.0,0.0,0.0,0.0,0.0,0.0,0.0,0.0,0.0,0.0,41.17083333333319,39.47138888888883,33.88833333333335,62.166388888888925,60.0,12.345,6.415,86.66,0.39,5.8,0.995,4.597580036111112,3.9336004554956903,58.837,0.1253234699253871,58.42141934497,0.0270677464860546,5.082511344902017,0.0453184390774512,0.1370940054727467,0.0247853731495487,0.081871475432126,6.439805054642487,0.2772365178374152,2.762804017879905,5897.48523055555,8.12,16.936237042303812,70.6,1.26,20.02,1191.21875,93.68666666666736,2239.781513888888,112.173,2.54,1.97335701598579,11.11,5.088888888888891,79.97777777777777,53.87,8.56,35.13,72.17,0.05,2.58,0.22,0.027,0.051,5.63,0.15,1.0933781419506474,18.09175609756097,36.95531707317073,0.2732195121951219,0.4321463414634146,8.461658536585366,0.2732195121951219,0.1840487804878048,0.4970243902439024,33.80707317073171,0.9245365853658536,1.3437260973172742,0.0,0.6655864157666658,0.3115276588888886,1.3478207194444456,1.231045021041668,,22.0,8.0,0.0,201.03588666666667,98.95272975277776,27.318181818181817,28.25
2026-03-17 01:00:00,537.4722222222222,204.102051666667,52.39027777777763,46.96305555555553,75.68611111111112,56.98750000000019,68.3594444444444,57.80333333333345,54.97555555555549,1.1484374252777776,5.786111111111111,4.447219512195122,0.012,94.53407609756098,0.2421170731707317,0.1066731707317073,0.0196878048780487,0.5688780487804878,0.0693482926829268,300.0,11.35895367911264,25.604,105.0,87.66362599593813,0.3432170754569598,1.9289837525386655,0.9774203249492266,1.4525691,0.58,0.558,0.0,0.55,1.12,0.0,96.94,0.1,17.370973972222213,4.069765958333329,24.73529158333334,227.14111111111123,248.6461111111113,253.693611111111,246.41500000000013,256.17916666666684,41.257538444444414,1.0,401.8961111111099,517.1533333333349,680.4722222222244,68.52555555555533,1488.0682926829268,2.80075304722222,1190.034025000001,104157.59255555562,0.0,0.0,0.0,0.0,0.0,0.0,0.0,0.0,0.0,0.0,0.0,0.0,41.39638888888872,39.93722222222219,36.05944444444443,52.47666666666665,60.0,12.345,5.728,86.66,0.39,5.8,0.995,4.556068372222224,3.854963443879043,51.291,0.1261698738570119,58.544454387709344,0.027177964945117,5.042819208048196,0.0447651049891793,0.1379891208984032,0.0245931839893938,0.0817115283383049,6.390214072644325,0.2669266927921078,2.737776607981907,5883.272852777779,8.12,16.659489797205467,70.6,1.26,20.02,1195.5769027777783,81.62333333333277,2232.183252777778,90.467,2.54,1.97335701598579,11.11,5.088888888888891,79.97777777777777,53.87,8.56,35.13,72.17,0.05,2.58,0.22,0.027,0.051,5.63,0.15,1.107541946851518,18.241024390243904,37.15726829268293,0.2468780487804878,0.4145853658536585,8.502634146341464,0.2468780487804878,0.1781951219512195,0.4940975609756097,33.55829268292683,0.8601463414634146,1.360975624418716,0.0,0.510486598638889,0.3041317055555556,1.3481299555555568,1.2526000131944437,,22.0,8.0,0.0,199.1171922222223,102.04352184583338,27.318181818181817,28.25
2026-03-17 02:00:00,535.0,182.8307038888889,52.49194444444444,47.11083333333348,71.96722222222219,56.8869444444444,75.39638888888892,60.64944444444444,56.2516666666667,1.164117868888889,6.570833333333334,4.470634146341464,0.012,94.39859317073171,0.2506048780487805,0.1104780487804878,0.0170536585365853,0.6625365853658536,0.0780995121951219,300.0,11.360561912225704,25.52,105.0,87.66203761755484,0.3433957680250784,1.9299764890282127,0.9774004702194355,1.4721286944444445,0.58,0.558,0.0,0.55,1.12,0.0,96.94,0.1,17.687258888888906,3.994976533333333,24.34818663888889,195.8975,217.9688888888888,239.30611111111077,218.38458333333324,220.36583333333337,42.080419972222174,1.0,402.016666666668,517.4241666666663,681.1897222222202,68.72750000000016,1498.019512195122,2.8202039249999995,1162.8731416666692,107481.54361111108,0.0,0.0,0.0,0.0,0.0,0.0,0.0,0.0,0.0,0.0,0.0,0.0,41.70861111111102,41.42138888888884,40.18722222222224,41.14805555555554,60.0,12.345,5.833,86.66,0.39,5.8,0.995,4.402664666666665,3.895111869168255,49.835,0.1279100230761513,58.44230159526437,0.0270974014247015,5.09740122403933,0.0451210594963379,0.1385644627269991,0.0246059195344637,0.0817601284237985,6.434345540282934,0.2725034012240393,2.7519715059697,5874.187372222224,8.12,16.928294873072293,70.6,1.26,20.02,1219.1419555555556,92.59000000000049,2216.428630555554,97.018,2.54,1.97335701598579,11.11,5.088888888888891,79.97777777777777,53.87,8.56,35.13,72.17,0.05,2.58,0.22,0.027,0.051,5.63,0.15,1.1217057517523887,18.39029268292683,37.35921951219512,0.2205365853658536,0.3970243902439024,8.543609756097561,0.2205365853658536,0.1723414634146341,0.491170731707317,33.309512195121954,0.7957560975609757,1.378225151520158,0.0,0.4942491284166673,0.3080108374999998,1.348137238888888,1.3069352203472238,,22.0,8.0,0.0,201.47777111111105,99.22506826527778,27.318181818181817,28.25
2026-03-17 03:00:00,535.0,181.9481647222222,52.68388888888904,46.90777777777748,70.36583333333314,56.69888888888904,101.3352777777778,62.007777777777726,56.90666666666653,1.1778580966666663,6.286111111111111,4.471692307692308,0.0117230769230769,94.43628307692308,0.2437538461538461,0.1089538461538461,0.0196,0.6335384615384615,0.0744553846153846,300.0,11.359646228470185,34.429,105.0,87.66294199657266,0.3432940253855761,1.9294112521420892,0.977411774957158,1.4751134638888888,0.58,0.698,0.0,0.55,1.12,0.0,96.94,0.1,17.698496138888874,3.8653951333333327,24.5448014722222,176.21722222222232,191.98,212.72250000000025,194.14000000000007,195.64027777777773,41.89492877777781,1.0,402.1697222222216,517.7030555555529,681.7894444444443,68.63416666666663,1501.1692307692308,2.8231738083333324,1176.393088888892,106883.91694444451,0.0,0.0,0.0,0.0,0.0,0.0,0.0,0.0,0.0,0.0,0.0,0.0,41.82805555555535,41.79166666666679,40.786111111111,40.87416666666666,60.0,12.345,7.798,86.66,0.39,5.8,0.995,4.410918958333336,3.897756266650521,66.06400000000001,0.1291659905546137,58.41490509203196,0.0270793321627512,5.1190270041172194,0.0451830951804311,0.1391447687091305,0.0245618945265197,0.0817459584645192,6.447136715911843,0.2730351628723662,2.7536510050859766,5853.260805555555,8.12,16.133951553655315,70.6,1.26,20.02,1210.1573888888886,88.67334044444361,2243.718924999999,129.055,2.54,1.97335701598579,11.11,5.088888888888891,79.97777777777777,53.87,8.56,35.13,72.17,0.05,2.58,0.22,0.027,0.051,5.63,0.15,1.120005567292479,18.375230769230768,37.32646153846154,0.2238461538461538,0.4093846153846154,8.537846153846154,0.2266153846153846,0.1783076923076923,0.4955384615384615,33.329076923076926,0.7976923076923077,1.3761883177029683,0.0,0.8169222802777792,0.2972553752777777,1.3481330111111116,1.3351366512500007,,22.0,8.0,0.0,201.85299805555545,99.10813182569444,27.318181818181817,28.25
2026-03-17 04:00:00,535.0,160.6847608333331,53.09305555555561,46.85083333333304,67.30111111111113,56.322499999999614,78.07972222222233,63.9369444444444,56.80555555555566,1.1423401041666668,7.070833333333334,4.4578461538461545,0.0112615384615384,94.58942153846154,0.226676923076923,0.103876923076923,0.0256,0.5227692307692308,0.0625476923076923,300.0,11.35715083798883,25.776,105.0,87.66540657976412,0.3430167597765363,1.927870887647424,0.9774425822470516,1.4750531805555558,0.58,0.265,0.0,0.55,1.12,0.0,96.94,0.1,18.159698111111105,3.750715336111114,24.232928250000008,189.63361111111112,204.80944444444447,230.54472222222228,209.30625,212.2372222222222,42.83580741666666,1.0,402.35638888888633,518.0286111111145,682.4808333333356,68.67888888888872,1499.784615384615,2.8233265222222235,1177.428341666665,105708.0027777777,0.0,0.0,0.0,0.0,0.0,0.0,0.0,0.0,0.0,0.0,0.0,0.0,42.10722222222247,39.12999999999987,34.06277777777775,51.09166666666662,60.0,12.345,5.759,86.66,0.39,5.8,0.995,4.448872233333334,3.922827882391807,48.432,0.1328942228278823,58.30327882391807,0.0269994838123554,5.194842459530888,0.0454946935910142,0.1407594152626363,0.0244660142054839,0.0817361042286091,6.497572266270234,0.2768982697390155,2.7642385199867854,5834.753388888895,8.12,16.010630033633735,70.6,1.26,20.02,1197.7301611111122,99.64000288888892,2249.258730555558,95.938,2.54,1.97335701598579,11.11,5.088888888888891,79.97777777777777,53.87,8.56,35.13,72.17,0.05,2.58,0.22,0.027,0.051,5.63,0.15,1.107729389925382,18.250615384615383,37.13723076923077,0.2469230769230769,0.4416923076923077,8.500923076923078,0.2543076923076923,0.1921538461538461,0.5047692307692307,33.52753846153846,0.8438461538461538,1.3612939099400243,0.0,0.5952522232499997,0.3327130394444443,1.3482216305555552,1.346604916250001,,22.0,8.0,0.0,199.80121861111095,96.29073081041663,27.318181818181817,28.25
2026-03-17 05:00:00,537.75,159.5036944444447,52.75805555555566,46.5705555555555,63.21555555555559,55.744722222222215,70.96583333333318,65.60722222222216,55.53027777777772,1.1448783791666672,7.143055555555556,4.416909090909091,0.011,94.78275272727272,0.2099090909090909,0.0967454545454545,0.0299454545454545,0.4032727272727273,0.0494654545454545,300.0,11.360626910299004,30.1,105.0,87.6619734219269,0.3434029900332225,1.930016611295681,0.9773996677740864,1.435473249999999,0.58,0.308,0.0,0.55,1.12,0.0,96.94,0.1,18.12203474999999,3.827192613888892,24.38765911111112,131.73111111111103,139.7541666666667,164.23944444444442,147.52624999999998,154.3802777777778,42.62851461111109,1.0,402.5638888888903,518.4152777777789,683.1191666666657,68.3719444444442,1488.6,2.783874169444444,1194.609575000002,105726.4269444444,0.0,0.0,0.0,0.0,0.0,0.0,0.0,0.0,0.0,0.0,0.0,0.0,41.82638888888865,37.9702777777778,29.11527777777784,55.34333333333337,60.0,12.345,6.335,86.66,0.39,5.8,0.995,4.478003777777779,3.883886577284636,58.401,0.1297384976284652,58.42894162771186,0.0270940394856252,5.118712179585966,0.0450998099347614,0.1395037756202804,0.0245113611068303,0.081711306313248,6.442055273026147,0.2712777349702916,2.7495128508073488,5880.372802777776,8.12,16.0678704993519,70.6,1.26,20.02,1230.8384055555557,96.657513022943,2266.4772833333327,112.319,2.54,1.97335701598579,11.11,5.088888888888891,79.97777777777777,53.87,8.56,35.13,72.17,0.05,2.58,0.22,0.027,0.051,5.63,0.15,1.0994530860244678,18.175272727272727,37.00636363636364,0.3167272727272727,0.46,8.380727272727272,0.2794545454545454,0.2,0.51,33.65890909090909,0.9078181818181816,1.3484448878993889,0.0,1.0823423575000009,0.2905948705555555,1.3483090166666667,1.3364886781944452,,22.0,8.0,0.0,205.6150583333332,96.13423951388891,27.318181818181817,28.25
2026-03-17 06:00:00,542.1020408163265,179.78324122448984,52.288163265306096,46.30000000000005,59.38693877551015,55.24408163265313,68.72244897959179,68.06163265306117,54.77428571428574,1.1939341306122455,6.710204081632653,4.386642857142857,0.011,94.92139571428572,0.1993428571428571,0.0928857142857142,0.0336571428571428,0.3156428571428571,0.0394328571428571,300.0,11.360049149085558,29.909,105.0,87.66254405028587,0.3433387943428399,1.9296599685713327,0.9774068006285734,1.4837212244897957,0.58,0.308,0.0,0.55,1.12,0.0,96.94,0.1,18.419713306122457,3.853245465306124,24.38591306122448,152.62938775510207,161.6636734693878,189.52489795918368,168.85928571428573,171.6191836734694,43.02984461224492,1.0,402.7383673469381,518.7787755102048,683.6657142857146,68.1485714285715,1475.2285714285715,2.831738922448978,1224.7499142857157,105476.90326530616,0.0,0.0,0.0,0.0,0.0,0.0,0.0,0.0,0.0,0.0,0.0,0.0,41.53061224489792,37.71999999999992,30.002448979591776,52.898775510204125,60.0,12.345,6.538,86.66,0.39,5.8,0.995,4.4812790081632645,3.8728684560100817,58.718,0.1297894683061412,58.44740505466806,0.0271102387683504,5.11208249599782,0.0450199938690009,0.1395970571204741,0.0244870908409686,0.0816899247249565,6.434521271160461,0.2698234442590006,2.7459620559283358,5874.097955102041,8.12,17.01516292543188,70.6,1.26,20.02,1187.4060081632651,94.64265306122444,2257.425355102041,112.507,2.54,1.97335701598579,11.11,5.088888888888891,79.97777777777777,53.87,8.56,35.13,72.17,0.05,2.58,0.22,0.027,0.051,5.63,0.15,1.09425640783841,18.074785714285717,36.96228571428571,0.3711428571428571,0.4577857142857143,8.241214285714285,0.3099285714285714,0.2,0.5122142857142857,33.77964285714286,0.981,1.3382424374964643,0.0,0.9424603514285702,0.2897870787755102,1.3481397918367346,1.338251972755102,,22.0,8.0,0.0,206.00297428571432,98.8212794622449,27.318181818181817,28.25
2026-03-17 07:00:00,545.125,180.98320666666663,51.77500000000009,46.0745833333335,66.62916666666662,55.00208333333349,78.26249999999997,63.93250000000002,55.02250000000024,1.1397254816666664,7.3625,4.3995,0.011,94.95971,0.1942,0.0946,0.0388,0.2685,0.03369,300.0,11.358774686269893,29.723,105.0,87.6638027789927,0.3431971873633213,1.928873263129563,0.9774225347374088,1.4317177166666677,0.58,0.295,0.0,0.55,1.12,0.0,96.94,0.1,18.45044874999997,4.3258343,24.07251912500001,141.9004166666668,158.57624999999996,192.61000000000007,165.32145833333337,168.19916666666666,43.39192608333335,1.0,402.9512500000006,519.2054166666671,684.292916666666,68.1741666666667,1471.8,2.7800202000000005,1188.0310624999995,106948.9120833334,0.0,0.0,0.0,0.0,0.0,0.0,0.0,0.0,0.0,0.0,0.0,0.0,41.64208333333342,38.666666666666735,32.71333333333343,58.350416666666646,60.0,12.345,6.696,86.66,0.39,5.8,0.995,4.389587329166667,3.869541759683713,58.681,0.1294237657844958,58.45988071096266,0.0271193912850837,5.104060428418056,0.0449830098328249,0.1394441130860073,0.0244947427617116,0.0816892690990269,6.428946166561579,0.269329442238544,2.7446413660298896,5825.621775000004,8.12,18.777460149683336,70.6,1.26,20.02,1248.5961416666669,96.7534356701419,2175.820450000002,111.96,2.54,1.97335701598579,11.11,5.088888888888891,79.97777777777777,53.87,8.56,35.13,72.17,0.05,2.58,0.22,0.027,0.051,5.63,0.15,1.087047524381069,17.8905,36.928,0.354,0.4535,8.185500000000001,0.3485,0.2,0.5165,33.972500000000004,1.041,1.3280136405583511,0.0,0.98119576,0.2919922041666666,1.3482620125000004,1.304594106145833,,22.0,8.0,0.0,206.71278416666655,98.98027488333334,27.318181818181817,28.25
2026-03-17 08:00:00,542.675,196.0156450000001,51.610555555555706,46.170555555555815,74.13027777777778,55.17583333333352,77.99805555555561,61.67305555555576,55.08083333333354,1.1246446297222226,6.786111111111111,4.409694444444445,0.0110055555555555,94.9913425,0.1898611111111111,0.0959861111111111,0.0429944444444444,0.2300833333333333,0.0290325,300.0,11.393045714479072,29.553,105.0,87.65168037085913,0.3952739146617941,1.8582174398538225,0.955273914661794,1.4295171999999998,0.5019230769230769,0.104,0.0,0.4759615384615385,0.9692307692307692,0.0,83.8903846153846,0.0865384615384615,18.275101750000008,4.288644569444451,24.31577969444444,170.14166666666668,192.56916666666663,220.87638888888875,194.30979166666663,193.6519444444444,42.91266461111113,1.0,403.1347222222223,519.5500000000017,684.7080555555508,68.15249999999995,1469.0472222222222,2.777637066666669,1205.7439805555534,107642.5805555556,0.0,0.0,0.0,0.0,0.0,0.0,0.0,0.0,0.0,0.0,0.0,0.0,41.5825,39.77499999999998,33.64361111111118,65.27749999999999,60.0,12.345,7.059,86.66,0.39,5.8,0.995,4.4010042194444425,3.873187504226114,59.156,0.1282483602677666,58.47475082831834,0.0271269862735817,5.087951856109271,0.0449702481574142,0.1388626681993373,0.0245483129352897,0.0817139766042328,6.421405774562175,0.2696437216850362,2.745060517952532,5882.12932777777,8.06,18.67772098559895,70.86999999999999,1.18,19.89,1258.4109916666675,95.28688888888912,2196.041288888889,105.704,2.57,1.964221824686941,10.98,5.088888888888891,79.97777777777777,54.1,8.3,35.13,72.17,0.051,2.39,0.21,0.029,0.052,5.59,0.15,1.0812488562271036,17.747,36.89841666666666,0.3400833333333333,0.4500555555555555,8.13938888888889,0.3795277777777778,0.2000833333333333,0.5200277777777778,34.125861111111114,1.0895833333333331,1.3197602297432058,0.0,0.7853250202777774,0.3048725755555553,1.3482867472222235,1.323934631388891,,22.0,8.0,0.0,210.24204388888887,100.9720729625,27.318181818181817,28.25
2026-03-17 09:00:00,542.0,200.7896500000001,51.58500000000028,46.20722222222206,78.81638888888885,55.29333333333312,66.49611111111106,61.14722222222207,54.71000000000024,1.1086772411111112,6.5,4.408027777777778,0.0110358585858585,94.99321068181818,0.1891035353535353,0.0959103535353535,0.0429641414141414,0.2305378787878788,0.0292097727272727,300.0,11.39392729340156,29.901,105.0,87.65077589378281,0.3952968128156248,1.858904384468747,0.9552968128156248,1.3821726305555555,0.0,0.0,0.0,0.0,0.0,0.0,0.0,0.0,17.816430638888882,4.387176872222221,24.94601213888888,163.8630555555555,180.29055555555544,192.29333333333315,179.36999999999992,181.0330555555555,41.66540622222225,1.0,403.36277777777536,519.9333333333345,685.1538888888861,68.15750000000017,1469.304797979798,2.7307218277777765,1223.987236111112,108455.70722222226,0.0,0.0,0.0,0.0,0.0,0.0,0.0,0.0,0.0,0.0,0.0,0.0,41.60416666666692,40.5597222222223,31.977222222222206,65.31027777777778,60.0,12.345,6.05,86.66,0.39,5.8,0.995,4.388002866666669,3.88227103449438,59.343,0.1253404445343174,58.51142628448174,0.0271456785130512,5.048142999174292,0.044939150363143,0.1374237905060411,0.0246809733245707,0.0817752220143909,6.40279746558145,0.2704297389751108,2.7461183290362805,5904.602999999997,8.06,18.29796080450008,70.86999999999999,1.18,19.89,1309.5714194444438,91.13000000000034,2219.4012916666684,114.207,2.57,1.964221824686941,10.98,5.088888888888891,79.97777777777777,54.1,8.3,35.13,72.17,0.051,2.39,0.21,0.029,0.052,5.59,0.15,1.0817320562427195,17.785181818181815,36.8897803030303,0.3405378787878788,0.4503585858585858,8.136055555555556,0.3769520202020202,0.2005378787878788,0.520179292929293,34.103285353535355,1.087310606060606,1.3203062662030978,0.0,1.03179016388889,0.2734953844444444,1.348541708333333,1.21919715625,,22.0,8.0,0.0,216.2035905555555,101.60462862500002,27.318181818181817,28.25
2026-03-17 10:00:00,548.7722222222222,201.2122030555552,52.04444444444442,46.116666666666646,74.80472222222237,55.57305555555573,61.31888888888888,59.94999999999994,54.19138888888886,1.0851979552777755,6.856944444444444,4.406361111111111,0.0110661616161616,94.99507886363637,0.1883459595959596,0.0958345959595959,0.0429338383838383,0.2309924242424242,0.0293870454545454,300.0,11.392177441168515,25.879,105.0,87.65257119672322,0.3952513621082731,1.8575408632481931,0.9552513621082732,1.3333310444444435,0.0,0.0,0.0,0.0,0.0,0.0,0.0,0.0,17.61559586111111,4.509653080555554,24.416739305555534,178.5363888888889,189.1763888888888,206.09166666666653,189.54277777777773,184.36666666666667,41.90944413888893,1.0,403.6022222222248,520.3811111111116,685.5272222222255,67.93916666666654,1469.5623737373735,2.6815883250000008,1223.835358333334,107602.81083333332,0.0,0.0,0.0,0.0,0.0,0.0,0.0,0.0,0.0,0.0,0.0,0.0,40.942222222222505,39.15388888888882,33.29277777777779,56.25611111111104,60.0,12.345,5.362,86.66,0.39,5.8,0.995,4.399922450000003,4.084194925898016,43.791,0.1368120846749332,57.94840629353063,0.026710077413167,5.365624215021351,0.0468213559863899,0.1416099198465438,0.0246381219885364,0.081978260373136,6.64830695805074,0.2988692882099061,2.819284784544769,5875.986480555567,8.06,19.58052399135029,70.86999999999999,1.18,19.89,1348.5023555555551,97.31280555555598,2181.273302777778,95.75,2.57,1.964221824686941,10.98,5.088888888888891,79.97777777777777,54.1,8.3,35.13,72.17,0.051,2.39,0.21,0.029,0.052,5.59,0.15,1.0822152562583358,17.823363636363634,36.88114393939394,0.3409924242424242,0.4506616161616161,8.132722222222222,0.3743762626262626,0.2009924242424242,0.5203308080808081,34.0807095959596,1.085037878787879,1.3208523026629897,0.0,1.220748964166667,0.248133081111111,1.3482927583333342,1.1684338600694448,,22.0,8.0,0.0,218.141353888889,101.66061690486109,27.318181818181817,28.25
2026-03-17 11:00:00,551.1333333333333,204.1484600000006,54.72083333333337,45.876388888888606,66.80499999999996,55.717222222221935,59.39249999999997,59.4044444444444,53.557222222222215,1.0859229547222222,6.643055555555556,4.404694444444445,0.0110964646464646,94.99694704545456,0.1875883838383838,0.0957588383838383,0.0429035353535353,0.2314469696969697,0.0295643181818181,300.0,11.418300948938093,30.982,105.0,87.62576915628429,0.3959298947776128,1.877896843328384,0.9559298947776128,1.3686046197222228,0.0,0.0,0.0,0.0,0.0,0.0,0.0,0.0,17.499470111111144,4.386823199999999,24.05606247222225,188.0458333333332,191.55000000000004,220.8338888888888,203.80395833333327,214.78611111111107,42.11140319444444,1.0,403.87805555555406,520.8752777777768,685.8444444444434,67.62777777777812,1469.8199494949497,2.716700338888891,1240.4356555555564,105710.29777777774,0.0,0.0,0.0,0.0,0.0,0.0,0.0,0.0,0.0,0.0,0.0,0.0,40.547222222222224,36.63472222222223,28.54999999999998,55.93833333333338,60.0,12.345,7.322,86.66,0.39,5.8,0.995,4.507926669444442,3.913618402533426,56.84,0.1391770408163265,58.205710591133,0.0269432441942294,5.287881949331457,0.0456389690358902,0.1438029556650246,0.0242004398311048,0.0816232582688247,6.54531703026038,0.2765818085855031,2.7653413089373675,5910.609999999989,8.06,19.424408404729,70.86999999999999,1.18,19.89,1291.971511111111,95.1484444444453,2199.1362166666663,113.99,2.57,1.964221824686941,10.98,5.088888888888891,79.97777777777777,54.1,8.3,35.13,72.17,0.051,2.39,0.21,0.029,0.052,5.59,0.15,1.082698456273952,17.861545454545453,36.87250757575757,0.3414469696969697,0.4509646464646464,8.12938888888889,0.371800505050505,0.2014469696969697,0.5204823232323232,34.05813383838384,1.0827651515151515,1.3213983391228818,0.0,1.0072145436111104,0.2826816752777776,1.3480263277777789,1.221704315347222,,22.0,8.0,0.0,215.0777644444445,102.04967095000008,27.318181818181817,28.25
2026-03-17 12:00:00,540.8222222222222,201.07311055555584,60.02472222222205,45.61777777777802,21.905833333333334,55.54555555555559,58.19083333333329,58.53083333333317,53.09944444444447,1.098726792777778,6.144444444444445,4.403027777777778,0.0111267676767676,94.99881522727271,0.1868308080808081,0.0956830808080808,0.0428732323232323,0.2319015151515151,0.0297415909090909,300.0,11.388208812990776,26.234,105.0,87.65664290615231,0.3951482808569033,1.8544484257070972,0.9551482808569032,1.3941634361111104,0.45,0.887,30.85,0.18,45.26,21.31,1.64,0.1,17.549190166666662,4.028179658333336,24.261453972222203,186.4641666666668,201.27555555555568,224.5766666666668,205.94125000000008,211.44861111111103,41.9747431388889,1.0,404.1852777777759,521.3358333333321,686.1391666666715,67.44277777777772,1470.0775252525252,2.742135191666667,1230.5558722222218,106557.19944444446,0.0,0.0,0.0,0.0,0.0,0.0,0.0,0.0,0.0,0.0,0.0,0.0,39.48333333333327,35.22749999999988,29.723333333333358,68.27500000000008,60.0,12.345,6.074,86.66,0.39,5.8,0.995,4.496055872222225,3.539929834030496,51.877,0.12290810956686,59.15782292730884,0.0276939105962179,4.778709832873913,0.0423234188561404,0.1384135551400428,0.0240847389016327,0.0811720030071129,6.133930450874184,0.2246652080883628,2.633172696956262,5945.92346666665,8.06,17.70087086110872,70.86999999999999,1.18,19.89,1274.9964277777783,88.03201388888857,2243.9992249999987,93.816,2.57,1.964221824686941,10.98,5.088888888888891,79.97777777777777,54.1,8.3,35.13,72.17,0.051,2.39,0.21,0.029,0.052,5.59,0.15,1.083181656289568,17.899727272727272,36.86387121212121,0.3419015151515152,0.4512676767676767,8.126055555555556,0.3692247474747475,0.2019015151515151,0.5206338383838384,34.03555808080808,1.0804924242424243,1.3219443755827738,0.0,0.819369685555555,0.2954366744444442,1.3479865138888898,1.3354138743749997,,22.0,8.0,0.0,213.30703916666656,101.64218714861116,27.318181818181817,28.25
2026-03-17 13:00:00,539.8888888888889,178.71039500000018,62.78666666666656,45.76583333333301,32.86472222222223,55.79166666666637,57.848611111111154,59.54861111111108,53.32944444444425,1.1110234150000011,6.711111111111111,4.401361111111111,0.0111570707070707,95.00068340909093,0.1860732323232323,0.0956073232323232,0.0428429292929292,0.2323560606060606,0.0299188636363636,300.0,11.392976339675668,26.331,105.0,87.65175154760549,0.3952721127188485,1.8581633815654552,0.9552721127188484,1.3930811361111115,0.45,1.388,30.85,0.18,45.26,21.31,1.64,0.1,17.75863252777775,3.9317611694444463,23.785301222222238,174.35638888888874,190.9875000000002,203.61305555555543,190.59541666666664,193.42472222222216,42.74693794444447,1.0,404.5044444444471,521.7752777777752,686.401944444445,67.54361111111115,1470.335101010101,2.741206880555557,1219.577638888888,105488.99472222228,0.0,0.0,0.0,0.0,0.0,0.0,0.0,0.0,0.0,0.0,0.0,0.0,38.86805555555558,34.42666666666674,25.485833333333375,73.76694444444456,60.0,12.345,5.593,86.66,0.39,5.8,0.995,4.536892402777776,3.4184859720677285,48.54600000000001,0.1304728092942775,59.23451860091458,0.0277941539982696,4.816265603757261,0.0416804474107032,0.1427697441601779,0.0235419602026943,0.0808297491039426,6.111536274873316,0.2096447287109133,2.598603386478803,5938.725083333336,8.06,17.18661840057118,70.86999999999999,1.18,19.89,1265.2357111111114,96.17022222222252,2251.6586194444435,94.305,2.57,1.964221824686941,10.98,5.088888888888891,79.97777777777777,54.1,8.3,35.13,72.17,0.051,2.39,0.21,0.029,0.052,5.59,0.15,1.083664856305184,17.93790909090909,36.85523484848485,0.3423560606060606,0.451570707070707,8.122722222222222,0.3666489898989899,0.2023560606060606,0.5207853535353536,34.01298232323233,1.078219696969697,1.3224904120426657,0.0,0.8053265305277784,0.2820577683333332,1.3481353777777767,1.3365449102083324,,22.0,8.0,0.0,209.9804130555557,98.67912733750002,27.318181818181817,28.25
2026-03-17 14:00:00,539.9166666666666,181.70388694444443,62.35722222222213,45.93611111111107,51.77555555555557,56.56972222222235,57.85194444444448,61.45500000000002,53.922222222222295,1.1524537524999994,6.288888888888889,4.399694444444444,0.0111873737373737,95.00255159090908,0.1853156565656565,0.0955315656565656,0.0428126262626262,0.232810606060606,0.0300961363636363,300.0,11.393476484165122,26.429,105.0,87.65123841235007,0.3952851034848083,1.8585531045442505,0.9552851034848082,1.4349003583333326,0.45,1.383,30.85,0.18,45.26,21.31,1.6399999999999997,0.1,17.87958144444442,4.148670594444453,23.737967777777783,180.9888888888889,205.4819444444444,234.14666666666668,209.58763888888885,217.73305555555547,42.96293174999999,1.0,404.7749999999994,522.1194444444478,686.5833333333368,67.71361111111102,1470.5926767676767,2.7830061083333315,1185.212258333334,105941.16361111098,0.0,0.0,0.0,0.0,0.0,0.0,0.0,0.0,0.0,0.0,0.0,0.0,38.53333333333328,34.38861111111114,28.60750000000001,67.48166666666665,60.0,12.345,5.778,86.66,0.39,5.8,0.995,4.5649246361111135,3.067317414667373,52.852,0.1203651706652539,60.03543517747672,0.0284416483765988,4.419623855294028,0.0387398773934761,0.1401672595171422,0.0232295845001135,0.0803268372057821,5.769809278740634,0.1616033073488231,2.477779459623098,5953.595819444444,8.06,16.375113912791743,70.86999999999999,1.18,19.89,1234.1004916666666,90.11977777777749,2204.390680555555,93.196,2.57,1.964221824686941,10.98,5.088888888888891,79.97777777777777,54.1,8.3,35.13,72.17,0.051,2.39,0.21,0.029,0.052,5.59,0.15,1.0841480563208,17.976090909090907,36.846598484848485,0.3428106060606061,0.4518737373737373,8.119388888888889,0.3640732323232323,0.202810606060606,0.5209368686868687,33.99040656565657,1.0759469696969697,1.323036448502558,0.0,0.6770640533333345,0.2824465891666665,1.348180594444442,1.171533062430555,,22.0,8.0,0.0,203.3359172222221,99.07576502013887,27.318181818181817,28.25
2026-03-17 15:00:00,542.1666666666666,186.08554888888887,60.73249999999983,46.07416666666687,61.98388888888901,56.98583333333328,57.831111111111085,63.75472222222216,54.88972222222211,1.1467053055555554,6.0,4.398027777777778,0.0112176767676767,95.00441977272727,0.1845580808080808,0.095455808080808,0.0427823232323232,0.2332651515151515,0.030273409090909,300.0,11.394848005066498,22.106,105.0,87.64983126752918,0.3953207274043246,1.8596218221297385,0.9553207274043246,1.4280228138888889,0.4499999999999999,1.164,30.85,0.18,45.26,21.31,1.64,0.1,17.904707055555548,3.7522424833333328,23.519097138888885,180.74777777777777,207.19805555555547,225.98972222222216,207.5705555555556,216.3466666666668,43.22051527777775,1.0,404.9930555555579,522.3891666666653,686.6769444444476,67.8761111111112,1470.8502525252525,2.7766082527777782,1218.5283166666666,106743.68222222224,0.0,0.0,0.0,0.0,0.0,0.0,0.0,0.0,0.0,0.0,0.0,0.0,38.9525,33.877222222222244,28.652777777777743,62.32055555555552,60.0,12.345,5.016,86.66,0.39,5.8,0.995,4.492919919444445,3.305172089041096,46.72,0.1223133775684931,59.58164982876713,0.0280578553082191,4.610902611301371,0.040565988869863,0.1396023116438356,0.0236336900684931,0.0807420162671233,5.958851455479452,0.1934371789383561,2.5564212328767124,5944.300352777777,8.06,15.999635493466592,70.86999999999999,1.18,19.89,1248.8729777777771,85.97999999999962,2280.1561583333314,77.887,2.57,1.964221824686941,10.98,5.088888888888891,79.97777777777777,54.1,8.3,35.13,72.17,0.051,2.39,0.21,0.029,0.052,5.59,0.15,1.0846312563364162,18.014272727272726,36.83796212121212,0.3432651515151515,0.4521767676767677,8.116055555555556,0.3614974747474747,0.2032651515151515,0.5210883838383839,33.96783080808081,1.0736742424242425,1.3235824849624498,0.0,0.6124517633333322,0.2813175155555554,1.3482058749999972,1.175522752569444,,22.0,8.0,0.0,209.3066599999999,99.65633522777776,27.318181818181817,28.25
2026-03-17 16:00:00,530.4166666666666,185.2341194444445,58.98805555555564,46.103055555555706,65.97277777777767,57.26305555555562,56.95694444444438,63.74555555555563,56.50138888888896,1.1644249049999988,5.286111111111111,4.396361111111111,0.0112479797979797,95.00628795454546,0.183800505050505,0.0953800505050505,0.0427520202020202,0.2337196969696969,0.0304506818181818,300.0,11.342774249701812,31.021,105.0,87.72396537829212,0.3585645208084845,2.0795622320363623,0.9332603720060604,1.446287947222221,0.4499999999999999,1.385,30.850000000000005,0.18,45.26,21.31,1.64,0.1,17.614511583333336,3.8228282888888896,24.18627088888888,177.87972222222206,193.25694444444449,213.74361111111116,198.1830555555555,207.8519444444444,42.14170669444447,1.0,405.3066666666648,522.6794444444427,686.7274999999995,67.96277777777783,1471.1078282828282,2.794154236111112,1214.6672500000032,108352.69861111105,0.0,0.0,0.0,0.0,0.0,0.0,0.0,0.0,0.0,0.0,0.0,0.0,38.823888888888746,33.21111111111112,30.68250000000005,64.07305555555567,60.0,12.39,7.15,86.61,0.38,5.85,1.0,4.471970622222221,3.378398433915517,65.386,0.1606677270363686,60.37404031444041,0.0337750129997247,4.146017649038021,0.0787050744807757,0.132125378521396,0.0143308659346037,0.0711771480133362,5.412740189031291,0.1930720643562842,2.42412595968556,5963.207094444446,7.89,14.023272501954532,71.02000000000001,1.13,19.96,1251.2689777777775,75.70566666666612,2307.6455666666675,109.532,2.43,2.001838235294118,10.89,5.088888888888891,79.97777777777777,54.5,8.9,35.13,72.17,0.042,2.48,0.2,0.03,0.05,5.44,0.15,1.0851144563520323,18.052454545454545,36.82932575757576,0.343719696969697,0.452479797979798,8.112722222222223,0.3589217171717171,0.2037196969696969,0.521239898989899,33.945255050505054,1.0714015151515153,1.324128521422342,0.0,0.7437017638888892,0.2818630675000003,1.3478351805555522,1.2287883594444429,,22.0,8.0,0.0,211.90444916666684,99.5435208263889,27.318181818181817,28.25
2026-03-17 17:00:00,530.0,164.95969972222233,57.97916666666666,46.18000000000024,72.12555555555555,56.90638888888885,56.60250000000023,62.59972222222203,57.8255555555554,1.167179388888889,6.066666666666666,4.394694444444444,0.0112782828282828,95.00815613636364,0.1830429292929292,0.0953042929292929,0.0427217171717171,0.2341742424242424,0.0306279545454545,300.0,11.333923808795996,26.171,105.0,87.73334263115662,0.357826984066333,2.076401360284284,0.9327335600473808,1.439801858333332,0.45,1.133,30.850000000000005,0.18,45.26,21.31,1.64,0.1,17.737944277777768,3.632016816666666,24.43754825000002,181.56027777777777,193.63277777777773,203.01027777777784,197.3015972222222,211.00305555555556,42.05361105555556,1.0,405.5344444444473,522.9433333333332,686.8411111111084,68.01249999999997,1471.365404040404,2.78786483888889,1220.4132027777805,107653.19638888886,0.0,0.0,0.0,0.0,0.0,0.0,0.0,0.0,0.0,0.0,0.0,0.0,38.96388888888897,34.155277777777755,32.02638888888887,61.50944444444452,60.0,12.39,6.276,86.61,0.38,5.85,1.0,4.468509813888892,3.3860165788574617,55.613,0.1604736302663046,60.357488177224745,0.0337755560750184,4.151906208979915,0.0786891554133026,0.1322593638178124,0.0143595202560552,0.0712183841907467,5.42159081509719,0.1940906442738209,2.4271932821462605,5953.896977777777,7.89,14.320811371684966,71.02000000000001,1.13,19.96,1247.3635944444443,86.81399999999965,2330.986197222223,93.121,2.43,2.001838235294118,10.89,5.088888888888891,79.97777777777777,54.5,8.9,35.13,72.17,0.042,2.48,0.2,0.03,0.05,5.44,0.15,1.0855976563676484,18.090636363636364,36.82068939393939,0.3441742424242424,0.4527828282828283,8.109388888888889,0.3563459595959596,0.2041742424242424,0.5213914141414142,33.922679292929296,1.0691287878787878,1.324674557882234,0.0,0.6863136541944443,0.2726224963888889,1.3480630416666648,1.2728420270138885,,22.0,8.0,0.0,210.8384669444446,96.85716021319446,27.318181818181817,28.25
2026-03-17 18:00:00,530.0,168.95129083333296,57.27333333333346,46.21222222222229,74.18277777777786,56.55388888888927,57.49361111111126,61.53611111111104,57.45444444444456,1.125307760555555,6.144444444444445,4.393027777777778,0.0113085858585858,95.01002431818182,0.1822853535353535,0.0952285353535353,0.0426914141414141,0.2346287878787878,0.0308052272727272,300.0,11.331874928764105,26.321,105.0,87.73551346833327,0.3576562440636754,2.075669617415752,0.9326116029026252,1.379924741666667,0.45,1.135,30.85,0.18,45.26,21.31,1.64,0.1,17.56136700000001,4.104648894444444,24.363859999999992,180.98333333333332,187.25166666666675,180.58111111111103,184.4463888888889,188.9694444444444,41.88782630555556,1.0,405.8561111111087,522.9997222222225,686.8686111111061,67.98444444444446,1471.6229797979795,2.7282623611111134,1212.6911305555582,109586.2730555555,0.0,0.0,0.0,0.0,0.0,0.0,0.0,0.0,0.0,0.0,0.0,0.0,39.39166666666669,33.566666666666755,29.307499999999948,66.10166666666647,60.0,12.39,6.421,86.61,0.38,5.85,1.0,4.386657908333329,3.3739135112622773,57.626000000000005,0.1591115121646479,60.42098705445458,0.0337979037240134,4.118041856106618,0.078724186998924,0.1304577794745427,0.0142964634019366,0.0710381772116752,5.38332697046472,0.1921975844236976,2.420914170686843,5904.619355555549,7.89,14.85538014910254,71.02000000000001,1.13,19.96,1325.9578833333333,87.92700000000042,2267.2434111111124,90.23,2.43,2.001838235294118,10.89,5.088888888888891,79.97777777777777,54.5,8.9,35.13,72.17,0.042,2.48,0.2,0.03,0.05,5.44,0.15,1.0860808563832645,18.12881818181818,36.81205303030303,0.3446287878787879,0.4530858585858586,8.106055555555557,0.353770202020202,0.2046287878787878,0.5215429292929293,33.90010353535354,1.0668560606060606,1.3252205943421258,0.0,0.8977213524999997,0.2546169630555557,1.3483554555555548,1.2682615681249991,,22.0,8.0,0.0,217.42099222222225,97.38604603541664,27.318181818181817,28.25
2026-03-17 19:00:00,530.0,152.78753027777805,56.44972222222183,46.22138888888894,72.21472222222214,56.03888888888884,58.12361111111108,60.429166666666696,56.44472222222212,1.1236399941666673,6.711111111111111,4.391361111111111,0.0113388888888888,95.0118925,0.1815277777777778,0.0951527777777777,0.0426611111111111,0.2350833333333333,0.0309825,300.0,11.334847569884094,30.801,105.0,87.73236388428947,0.3579039641570078,2.0767312749586053,0.9327885458264344,1.428109830555556,0.45,1.298,30.85,0.18,45.26,21.31,1.64,0.0999999999999999,18.411144916666657,3.751358361111107,24.124397249999998,165.18583333333328,179.38000000000014,180.34027777777783,179.4805555555556,193.0161111111112,43.28458472222224,1.0,406.05666666666906,523.1730555555573,686.798333333331,67.919722222222,1471.8805555555557,2.7568238694444447,1222.3021333333368,109379.97083333335,0.0,0.0,0.0,0.0,0.0,0.0,0.0,0.0,0.0,0.0,0.0,0.0,39.21694444444447,32.57138888888887,27.849444444444448,65.71833333333329,60.0,12.39,6.955,86.61,0.38,5.85,1.0,4.370369499999995,3.390918441257424,62.127,0.1643369227550018,60.258019540618406,0.0337204918956331,4.214209280988943,0.0786556569607417,0.136138554895617,0.0144198174706649,0.0715187438633766,5.485068327780192,0.1954021761874869,2.4325237014502554,5898.830044444437,7.89,14.673103257756557,71.02000000000001,1.13,19.96,1279.8929833333332,96.0359999999991,2309.0826861111086,106.14,2.43,2.001838235294118,10.89,5.088888888888891,79.97777777777777,54.5,8.9,35.13,72.17,0.042,2.48,0.2,0.03,0.05,5.44,0.15,1.0865640563988803,18.167,36.80341666666666,0.3450833333333333,0.4533888888888889,8.102722222222223,0.3511944444444445,0.2050833333333333,0.5216944444444445,33.87752777777778,1.0645833333333334,1.325766630802018,0.0,0.6053795398611116,0.3044698866666664,1.328685605555556,1.2093328758333337,,22.0,8.0,0.0,217.5134847222223,95.2443477618056,27.318181818181817,28.25
2026-03-17 20:00:00,534.5555555555555,166.94747388888885,55.62222222222217,45.97361111111094,60.03083333333333,55.40611111111086,56.97138888888906,58.57222222222216,55.30944444444454,1.1515535833333337,6.643055555555556,4.389694444444444,0.0113691919191919,95.01376068181818,0.180770202020202,0.0950770202020202,0.042630808080808,0.2355378787878788,0.0311597727272727,300.0,11.327759724273756,30.465,105.0,87.73987362547186,0.3573133103561464,2.0741999015263417,0.9323666502543904,1.4356759861111108,0.4683626141953619,1.423,26.492410400562196,0.2322628250175684,39.02518622628249,18.2999437807449,15.10120871398454,0.1,18.509934833333343,3.4640480333333343,23.91030141666668,138.7794444444444,142.73833333333332,152.25999999999993,147.59493055555555,156.60194444444454,43.636553972222224,1.0,406.2224999999977,523.2516666666629,686.6394444444479,67.61750000000006,1472.1381313131312,2.749312741666668,1216.902294444444,109417.81888888884,0.0,0.0,0.0,0.0,0.0,0.0,0.0,0.0,0.0,0.0,0.0,0.0,39.52916666666671,31.51972222222216,32.21527777777782,49.066111111111006,60.0,12.39,7.038,86.61,0.38,5.85,1.0,4.354805930555558,3.414404172409686,58.767,0.1719764493678425,60.02353055286131,0.0336077050045093,4.353228342437082,0.0785585447615158,0.144386305239335,0.0145946194292715,0.0722114792315415,5.631708101485527,0.1998976126057141,2.4489135058791502,5909.917616666665,7.89,15.936880056310605,71.02000000000001,1.13,19.96,1271.2458333333325,95.46044444444436,2289.898377777779,107.695,2.43,2.001838235294118,10.89,5.088888888888891,79.97777777777777,54.5,8.9,35.13,72.17,0.042,2.48,0.2,0.03,0.05,5.44,0.15,1.0870472564144966,18.205181818181817,36.7947803030303,0.3455378787878788,0.4536919191919192,8.099388888888889,0.3486186868686868,0.2055378787878788,0.5218459595959596,33.85495202020202,1.062310606060606,1.32631266726191,0.0,1.0597246516666667,0.2841224216666666,1.3135343777777762,1.1691520581250017,,22.0,8.0,0.0,216.59564138888877,97.12054029027776,27.318181818181817,28.25
2026-03-17 21:00:00,530.0,156.06909025069626,55.00974930362117,45.91197771587744,75.25933147632313,55.73342618384376,55.58969359331456,58.11922005571036,54.67855153203373,1.1288396671309195,6.855153203342619,4.388027777777777,0.0113994949494949,95.01562886363637,0.1800126262626262,0.0950012626262626,0.042600505050505,0.2359924242424242,0.0313370454545454,300.0,11.327624214356598,30.23,105.0,87.7400172014555,0.3573020178630499,2.074151505127357,0.9323585841878927,1.4361990027855158,0.4965577737447065,1.653,19.80148215366001,0.3125105868118572,29.45184513006654,13.678106473079248,35.77042952208106,0.1,18.85385286908079,3.365750431754877,23.394822813370467,159.27604456824497,169.7139275766017,175.09999999999994,174.4935236768802,193.88412256267412,44.62803752089136,1.0,406.3894150417801,523.3710306406657,686.5289693593313,67.65403899721441,1472.395707070707,2.784056459610029,1198.4477576601666,108721.38217270188,0.0,0.0,0.0,0.0,0.0,0.0,0.0,0.0,0.0,0.0,0.0,0.0,38.75710306406678,32.841782729805004,26.913927576601687,69.39136490250706,60.0,12.39,6.964,86.61,0.38,5.85,1.0,4.360487409470755,3.31906718539578,66.83,0.1714834655095017,60.29574562322311,0.0336415083046536,4.236664970821487,0.0787748017357474,0.139930570103247,0.0142053568756546,0.0714948077210833,5.478612000598534,0.1866699087236271,2.408068232829568,5879.172860724233,7.89,15.48112777191585,71.02000000000001,1.13,19.96,1263.8227353760442,99.19406685236834,2287.777955431753,105.957,2.43,2.001838235294118,10.89,5.088888888888891,79.97777777777777,54.5,8.9,35.13,72.17,0.042,2.48,0.2,0.03,0.05,5.44,0.15,1.0875304564301127,18.24336363636364,36.78614393939394,0.3459924242424242,0.4539949494949495,8.096055555555555,0.3460429292929293,0.2059924242424242,0.5219974747474748,33.83237626262626,1.0600378787878788,1.3268587037218018,0.0,0.5504536058495829,0.3073593548746519,1.348040612813369,1.1421908282729816,,22.0,8.0,0.0,210.9491208913649,95.67915445821724,27.318181818181817,28.25
2026-03-17 22:00:00,530.0,160.05790055555522,54.9374999999998,46.058333333333415,84.4486111111113,56.07055555555567,55.25083333333344,58.88611111111116,54.67361111111115,1.1439146788888888,6.644444444444445,4.386361111111111,0.0114297979797979,95.01749704545456,0.1792550505050505,0.094925505050505,0.042570202020202,0.2364469696969697,0.0315143181818181,300.0,11.326861118544286,26.159,105.0,87.7408257196376,0.3572384265453572,2.073878970908674,0.9323131618181124,1.4191479861111114,0.5076449787835926,1.414,17.170403111739745,0.3440664780763791,25.687312588401696,11.860657708628004,43.8982036775106,0.1,18.30080536111113,3.408404058333335,23.670476888888885,166.80583333333334,164.84444444444443,196.1791666666665,181.6918055555555,198.93777777777785,43.60385044444441,1.0,406.4472222222217,523.3972222222186,686.3197222222179,67.81777777777737,1472.6532828282827,2.7673770888888907,1210.3996499999976,110012.47111111115,0.0,0.0,0.0,0.0,0.0,0.0,0.0,0.0,0.0,0.0,0.0,0.0,38.669166666666605,35.09249999999993,29.731111111111087,73.73749999999991,60.0,12.39,6.181,86.61,0.38,5.85,1.0,4.320839141666665,3.4020387686488758,57.108,0.1506338866708692,61.8682289696715,0.0338356447432934,3.057606990264061,0.0907931288085732,0.0605340757862295,0.0201747040694823,0.0646573159627372,4.292986972052952,0.2192815892694543,2.4555876584716674,5897.115047222222,7.89,15.388784633125084,71.02000000000001,1.13,19.96,1295.1864583333336,96.14511111111136,2300.1324194444446,90.609,2.43,2.001838235294118,10.89,5.088888888888891,79.97777777777777,54.5,8.9,35.13,72.17,0.042,2.48,0.2,0.03,0.05,5.44,0.15,1.0880136564457288,18.28154545454545,36.777507575757575,0.3464469696969697,0.4542979797979798,8.092722222222223,0.3434671717171717,0.2064469696969697,0.52214898989899,33.809800505050504,1.0577651515151516,1.327404740181694,0.0,0.8605203761111103,0.2752332702777779,1.3481034416666653,1.168962219583333,,22.0,8.0,0.0,215.73657916666656,96.20767182361108,27.318181818181817,28.25
2026-03-17 23:00:00,533.9027777777778,182.63948777777796,54.7008333333337,45.98999999999997,80.68722222222242,55.34499999999973,55.14333333333345,60.576111111111054,54.697500000000296,1.160595018333333,6.144444444444445,4.3846944444444444,0.011460101010101,95.01936522727271,0.1784974747474747,0.0948497474747474,0.0425398989898989,0.2369015151515151,0.0316915909090909,300.0,11.324572085008615,26.115,105.0,87.74325100516943,0.357047673750718,2.0730614589316487,0.9321769098219416,1.4387453500000014,0.5074397797660014,1.453,17.219098417068135,0.3434824501032347,25.75698554714384,11.894294562973158,43.7477770130764,0.1,18.067323305555544,3.5417550777777795,24.175274944444443,175.72666666666666,189.95972222222227,208.1186111111111,197.1538194444445,214.81027777777797,42.77243974999999,1.0,406.44916666666535,523.3527777777751,686.1444444444481,67.82999999999987,1472.9108585858585,2.786799877777779,1219.5973333333343,110613.67749999998,0.0,0.0,0.0,0.0,0.0,0.0,0.0,0.0,0.0,0.0,0.0,0.0,39.1941666666665,38.64361111111126,35.32111111111115,62.61277777777767,60.0,12.39,6.435,86.61,0.38,5.85,1.0,4.308115580555555,3.4187327029918224,57.958,0.147306670347493,61.83654542944892,0.0338803961489354,3.0714651989371617,0.0902319955830083,0.0609016874288277,0.019943873149522,0.0648181786811139,4.315768314986715,0.2199303116049553,2.4585234135063327,5916.065691666652,7.89,16.24216769797103,71.02000000000001,1.13,19.96,1283.624272222222,88.93020833333317,2281.1772361111125,90.425,2.43,2.001838235294118,10.89,5.088888888888891,79.97777777777777,54.5,8.9,35.13,72.17,0.042,2.48,0.2,0.03,0.05,5.44,0.15,1.0884968564613449,18.31972727272727,36.76887121212121,0.3469015151515152,0.4546010101010101,8.08938888888889,0.3408914141414141,0.2069015151515151,0.5223005050505051,33.78722474747475,1.0554924242424244,1.327950776641586,0.0,0.8237413513888884,0.2781503108333333,1.3480461527777787,1.2015063166666664,,22.0,8.0,0.0,216.43811638888897,99.19973213055556,27.318181818181817,28.25
2026-03-18 00:00:00,533.2222222222222,163.28154194444414,54.650277777777966,46.010555555555584,81.03777777777785,55.29722222222213,55.54111111111133,61.59916666666677,54.67305555555578,1.1317088769444446,6.708333333333333,4.3830277777777775,0.011490404040404,95.02123340909093,0.177739898989899,0.0947739898989899,0.0425095959595959,0.2373560606060606,0.0318688636363636,300.0,11.365807613558808,26.374,105.0,87.67171380905438,0.3347857738682035,1.923928869341018,0.9624785773868202,1.4235937277777777,0.5067784765897974,1.431,17.376030747728862,0.3416002795248078,25.98152341020265,12.002697414395527,43.262990915443744,0.1,18.779706750000003,3.4225582027777786,23.956742555555536,172.24388888888888,186.7166666666667,202.31027777777788,190.0919444444445,199.0969444444445,43.943358777777775,1.0,406.5002777777791,523.3022222222207,686.175555555559,67.86722222222221,1473.1684343434345,2.7711427361111105,1211.5911249999986,110979.86305555564,0.0,0.0,0.0,0.0,0.0,0.0,0.0,0.0,0.0,0.0,0.0,0.0,40.11416666666657,39.78333333333335,32.08194444444442,58.89250000000021,60.0,12.39,6.455,86.61,0.38,5.85,1.0,4.277168930555552,3.427599111173815,56.70399999999999,0.1483898843115124,61.80884064616254,0.033861720513544,3.082507230530474,0.0903932350451467,0.0613249506207675,0.0200817579006772,0.064862990265237,4.329362126128669,0.2217127186794582,2.4636586484198646,5886.050552777784,7.77,15.849671242571478,71.34,1.03,19.86,1302.714405555556,97.06958333333392,2291.7540750000003,90.465,2.42,1.966789667896679,10.66,5.13333333333333,79.28888888888889,54.71,8.52,37.71,70.83657489990831,0.045,2.15,0.21,0.027,0.052,5.42,0.15,1.088980056476961,18.35790909090909,36.76023484848485,0.3473560606060606,0.4549040404040404,8.086055555555555,0.3383156565656565,0.2073560606060606,0.5224520202020202,33.764648989898994,1.053219696969697,1.3284968131014778,0.0,0.733321285305556,0.2918849019444444,1.3477960055555565,1.222681670347223,,22.0,8.0,0.0,217.6478761111112,96.63480430763884,27.318181818181817,28.25
2026-03-18 01:00:00,535.7222222222222,177.52250694444436,54.38194444444435,45.94194444444427,77.0636111111112,55.486388888888925,55.57972222222234,60.890833333333234,54.73333333333345,1.162369694444445,6.288888888888889,4.381361111111112,0.011520707070707,95.02310159090908,0.1769823232323232,0.0946982323232323,0.0424792929292929,0.237810606060606,0.0320461363636363,300.0,11.37296170953394,31.026,105.0,87.66446915490233,0.3356913556372075,1.9284567781860376,0.9625691355637208,1.4146760861111107,0.4968256578947368,1.216,19.737911184210528,0.3132730263157895,29.36088815789474,13.63419407894737,35.966809210526314,0.1,18.163098000000005,3.61614262222222,24.477888944444445,166.58972222222235,170.3472222222222,191.4319444444444,176.11590277777782,176.0947222222223,42.59302355555553,1.0,406.6305555555568,523.280833333331,686.1313888888936,67.89083333333312,1473.4260101010102,2.7633583666666657,1227.9959305555567,111379.0822222222,0.0,0.0,0.0,0.0,0.0,0.0,0.0,0.0,0.0,0.0,0.0,0.0,40.72055555555549,40.84611111111107,31.27027777777777,55.54916666666675,60.0,12.39,7.491,86.61,0.38,5.85,1.0,4.258901877777778,3.762991238871669,70.65299999999999,0.1431956180204662,60.93702970857572,0.0338427667614963,3.440561618048774,0.0890534018371477,0.0736424497190494,0.0210783264687982,0.0672161267037493,4.819374973461849,0.2658462061058979,2.599987261687402,5884.918922222222,7.77,16.173809323947815,71.34,1.03,19.86,1313.761672222222,91.10849999999948,2293.316852777777,103.306,2.42,1.966789667896679,10.66,5.13333333333333,79.28888888888889,54.71,8.52,37.71,70.94802000449138,0.045,2.15,0.21,0.027,0.052,5.42,0.15,1.089463256492577,18.39609090909091,36.751598484848486,0.3478106060606061,0.4552070707070707,8.082722222222223,0.335739898989899,0.207810606060606,0.5226035353535353,33.74207323232324,1.0509469696969698,1.32904284956137,0.0,1.272938410833334,0.2523063755555557,1.348402486111112,1.2320619338194445,,22.0,8.0,0.0,220.7474144444442,98.52173217013888,27.318181818181817,28.25
2026-03-18 02:00:00,535.1805555555555,175.94426638888916,54.02999999999994,45.91833333333328,76.90861111111118,55.55361111111115,60.184999999999945,61.13805555555563,55.241666666666426,1.1511235586111106,6.354166666666667,4.379694444444445,0.0115510101010101,95.02496977272727,0.1762247474747474,0.0946224747474747,0.0424489898989898,0.2382651515151515,0.032223409090909,300.0,11.366747065262524,26.493,105.0,87.67076246555695,0.3349046918053825,1.924523459026913,0.9624904691805384,1.4400275583333335,0.4931740196078431,0.8160000000000001,20.60447303921569,0.3028799019607843,30.60075980392157,14.232781862745098,33.28987745098039,0.1,18.55340975000002,3.654489766666668,24.250554805555552,172.56666666666644,191.8263888888888,217.06055555555528,195.7046527777776,201.3649999999999,43.34723986111109,1.0,406.66277777777793,523.3383333333313,686.1641666666702,67.77361111111094,1473.683585858586,2.788105927777775,1211.1761500000005,111675.42000000009,0.0,0.0,0.0,0.0,0.0,0.0,0.0,0.0,0.0,0.0,0.0,0.0,40.72888888888894,41.20416666666668,34.90694444444448,55.92833333333338,60.0,12.39,6.425,86.61,0.38,5.85,1.0,4.242674969444444,3.9788586635127134,55.803,0.1416963245703635,60.36887228285217,0.033803110943856,3.673396770782933,0.0884881457986129,0.0817178287905668,0.0218882497356772,0.0687043886529398,5.135727111445622,0.2951818540221852,2.690045338064262,5878.113958333331,7.77,16.19951850192454,71.34,1.03,19.86,1295.4785916666667,92.07187500000046,2275.960391666665,90.497,2.42,1.966789667896679,10.66,5.13333333333333,79.28888888888889,54.71,8.52,37.71,70.98789210111141,0.045,2.15,0.21,0.027,0.052,5.42,0.15,1.089946456508193,18.434272727272727,36.74296212121212,0.3482651515151515,0.455510101010101,8.07938888888889,0.3331641414141414,0.2082651515151515,0.5227550505050506,33.71949747474748,1.0486742424242426,1.329588886021262,0.0,0.7126109241666663,0.2889039711111109,1.3482644027777797,1.2794073522222231,,22.0,8.0,0.0,217.28294666666645,98.3126152965278,27.318181818181817,28.25
2026-03-18 03:00:00,538.5583333333333,165.5651330555559,54.00500000000001,46.22361111111093,65.92472222222224,55.79833333333298,59.51361111111115,61.39694444444443,55.7277777777776,1.129507371111111,6.855555555555555,4.378027777777778,0.0115813131313131,95.02683795454546,0.1754671717171717,0.0945467171717171,0.0424186868686868,0.2387196969696969,0.0324006818181818,300.0,11.368400396432111,35.315,105.0,87.6690882061447,0.3351139742319128,1.925569871159564,0.9625113974231914,1.3840706647222225,0.4931314072693383,1.073,20.614585274930104,0.3027586206896551,30.61522833178005,14.239767008387698,33.25863932898415,0.1,18.353515527777773,3.772376544444442,24.456766888888872,135.9788888888889,130.89166666666668,151.74277777777786,140.46159722222222,143.23305555555547,42.86711500000002,1.0,406.6883333333332,523.338333333331,686.2263888888863,67.83277777777784,1473.9411616161617,2.7324861083333314,1221.528522222222,111874.81194444442,0.0,0.0,0.0,0.0,0.0,0.0,0.0,0.0,0.0,0.0,0.0,0.0,41.14111111111095,41.86500000000016,34.98666666666671,48.62722222222213,60.0,12.39,8.231,86.61,0.38,5.85,1.0,4.228679419444442,3.924871949145892,76.454,0.1465056112172025,60.49404216914747,0.033746998194993,3.6208942632170986,0.0893439976979621,0.0800529730295341,0.0220909304941533,0.0682689852721898,5.058934653517149,0.2900821408951788,2.673085777068564,5872.871458333329,7.77,16.446743622339792,71.34,1.03,19.86,1350.6722805555569,99.33700000000022,2281.5395472222235,120.545,2.42,1.966789667896679,10.66,5.13333333333333,79.28888888888889,54.71,8.52,37.71,71.03070425111326,0.045,2.15,0.21,0.027,0.052,5.42,0.15,1.0904296565238092,18.472454545454543,36.73432575757575,0.3487196969696969,0.4558131313131313,8.076055555555556,0.3305883838383838,0.2087196969696969,0.5229065656565657,33.69692171717172,1.0464015151515151,1.3301349224811538,0.0,1.187514538888889,0.254563315277778,1.3483571833333343,1.287221560277778,,22.0,8.0,0.0,223.30843638888888,96.93738012986115,27.318181818181817,28.25
2026-03-18 04:00:00,537.75,162.40748638888877,54.01194444444469,46.46055555555559,54.09861111111114,55.45361111111091,55.48999999999997,61.13583333333331,55.85361111111072,1.1502369999999995,7.0,4.376361111111112,0.0116116161616161,95.02870613636364,0.1747095959595959,0.0944709595959596,0.0423883838383838,0.2391742424242424,0.0325779545454545,300.0,11.371208674953715,26.467,105.0,87.66624437979371,0.3354694525257868,1.9273472626289343,0.9625469452525788,1.429592397222222,0.5062274176408076,0.941,17.506801275239106,0.3400318809776833,26.16862911795961,12.093028692879916,42.85902231668437,0.0999999999999999,18.767506777777744,3.5595903666666686,24.518181194444413,152.04500000000002,159.3141666666666,184.0652777777777,166.21145833333333,169.4213888888889,43.35799519444445,1.0,406.7030555555552,523.3952777777747,686.3058333333291,67.78472222222219,1474.1987373737377,2.7778259333333337,1231.6094611111102,111600.83555555556,0.0,0.0,0.0,0.0,0.0,0.0,0.0,0.0,0.0,0.0,0.0,0.0,41.69194444444426,42.46000000000001,27.626111111111125,43.185,60.0,12.39,5.231,86.61,0.38,5.85,1.0,4.22086138888889,3.724055154082565,60.19500000000001,0.1486681618074591,61.01965678212475,0.0337724561840684,3.405284492067447,0.089993554281917,0.0726020433590829,0.0214076418307168,0.0668735443143118,4.765041614752056,0.2631791344796079,2.5902699559764097,5847.046166666668,7.77,16.472991344425026,71.34,1.03,19.86,1302.7867805555566,95.45333229267048,2282.382008333333,90.775,2.42,1.966789667896679,10.66,5.13333333333333,79.28888888888889,54.71,8.52,37.71,70.88127696564192,0.045,2.15,0.21,0.027,0.052,5.42,0.15,1.0909128565394253,18.51063636363636,36.72568939393939,0.3491742424242424,0.4561161616161616,8.072722222222223,0.3280126262626263,0.2091742424242424,0.5230580808080808,33.67434595959596,1.044128787878788,1.330680958941046,0.0,0.9154441533333336,0.2793553544444445,1.3482402916666654,1.3545221429166645,,22.0,8.0,0.0,220.68928583333349,96.51899194652776,27.318181818181817,28.25
2026-03-18 05:00:00,545.0,168.85319416666684,53.7702777777776,46.64027777777788,56.07666666666668,54.77555555555553,53.59611111111106,61.27472222222207,55.58333333333327,1.16423282111111,7.0,4.374694444444445,0.0116419191919191,95.03057431818182,0.1739520202020202,0.094395202020202,0.0423580808080808,0.2396287878787878,0.0327552272727272,300.0,11.372605997931746,30.944,105.0,87.66482936918304,0.3356463288521199,1.9282316442606,0.962564632885212,1.4482780527777774,0.5060556464811785,1.2219999999999998,16.308592471358434,0.3494517184942717,24.444157119476277,11.265351882160394,45.68783960720132,0.0990998363338789,19.0172164722222,3.637385863888889,24.275945333333308,136.50972222222234,147.3566666666666,173.76916666666688,155.3961805555556,163.9491666666665,43.92922927777773,1.0,406.7147222222205,523.4027777777746,686.3780555555534,67.50000000000033,1474.4563131313132,2.796493175000001,1230.0453222222209,110754.27750000004,0.0,0.0,0.0,0.0,0.0,0.0,0.0,0.0,0.0,0.0,0.0,0.0,41.236666666666615,43.03527777777791,33.85944444444443,45.68611111111112,60.0,12.39,6.79,86.61,0.38,5.85,1.0,4.253663041666667,3.6803879574802014,70.085,0.1457507312549047,61.14687821930513,0.0338284368980523,3.354024826995791,0.0895889562673896,0.0707108511093671,0.0209494756367268,0.0666183919526289,4.699359206677607,0.2556202183063423,2.568011700078477,5847.117525000006,7.77,17.126779484325038,71.34,1.03,19.86,1277.2080249999988,96.7353495145497,2261.831047222221,105.414,2.42,1.966789667896679,10.66,5.13333333333333,79.28888888888889,54.71,8.52,37.71,70.885725493188,0.045,2.15,0.21,0.027,0.052,5.42,0.15,1.0913960565550411,18.54881818181818,36.71705303030303,0.3496287878787878,0.4564191919191919,8.06938888888889,0.3254368686868687,0.2096287878787879,0.5232095959595959,33.6517702020202,1.0418560606060607,1.331226995400938,0.0,0.9222125783333328,0.2840452572222223,1.348075691666668,1.3250510187500002,,22.0,8.0,0.0,218.04326694444455,97.37304822708336,27.318181818181817,28.25
2026-03-18 06:00:00,545.0,180.791761570248,53.4888429752066,46.872727272727175,66.99132231404964,54.295867768595045,52.75206611570256,59.64876033057848,54.98595041322312,1.163501678512397,6.716942148760331,4.373027777777778,0.0116722222222222,95.0324425,0.1731944444444444,0.0943194444444444,0.0423277777777777,0.2400833333333333,0.0329325,300.0,11.370502748815166,26.375,105.0,87.66695924170617,0.3353800947867298,1.9269004739336493,0.962538009478673,1.4415161570247934,0.5121027131782946,1.032,16.112548449612405,0.3567538759689922,24.17374031007752,11.129932170542636,47.16606589147286,0.1,18.779450082644622,3.745839070247936,24.69646756198348,162.20041322314052,168.87809917355372,202.6285123966941,179.49142561983467,184.25867768595035,43.19394528925618,1.0,406.757024793388,523.4322314049584,686.4884297520655,67.21404958677691,1474.713888888889,2.7894833057851245,1221.88359090909,110799.82892561976,0.0,0.0,0.0,0.0,0.0,0.0,0.0,0.0,0.0,0.0,0.0,0.0,40.160743801652856,41.69545454545455,21.960330578512394,57.166115702479296,60.0,12.39,6.03,86.61,0.38,5.85,1.0,4.259445661157024,3.7282772328790905,57.605,0.1477232879090356,61.01203819112924,0.0337853137748459,3.408655845846715,0.089834979602465,0.0726867459421925,0.021339814252235,0.0669157017619998,4.770749066921274,0.2632910511240344,2.5908827358736217,5856.912731404962,7.77,17.596189471843136,71.34,1.03,19.86,1284.3198925619834,97.32849173553724,2247.1079545454545,89.796,2.42,1.966789667896679,10.66,5.13333333333333,79.28888888888889,54.71,8.52,37.71,70.75383816963728,0.045,2.15,0.21,0.027,0.052,5.42,0.15,1.0918792565706574,18.587,36.708416666666665,0.3500833333333333,0.4567222222222222,8.066055555555556,0.3228611111111111,0.2100833333333333,0.5233611111111112,33.629194444444444,1.0395833333333333,1.3317730318608298,0.0,0.9068848966942143,0.2780145227272726,1.3479583636363643,1.307412335743802,,22.0,8.0,0.0,218.00499214876024,98.95490840805786,27.318181818181817,28.25
2026-03-18 07:00:00,544.7933884297521,177.21145454545427,52.75578512396703,46.79917355371912,57.40537190082643,53.30578512396706,52.3896694214877,56.64876033057852,53.9409090909092,1.125362203305786,6.5,4.371361111111111,0.0117025252525252,95.03431068181818,0.1724368686868687,0.0942436868686868,0.0422974747474747,0.2405378787878788,0.0331097727272727,300.0,11.370801479189463,26.501,105.0,87.66665672993472,0.33541790875816,1.9270895437908,0.962541790875816,1.413275921487603,0.5090724637681159,1.035,15.76777777777778,0.3566376811594202,23.671787439613524,10.891777777777776,47.48181642512076,0.0992270531400966,18.332365619834725,3.707003739669421,24.97905206611573,186.75123966942132,198.77685950413215,220.08842975206605,208.00144628099167,226.38925619834708,42.32666074380164,1.0,406.8929752066104,523.5975206611586,686.5991735537222,66.63595041322326,1474.9714646464647,2.761247632231404,1211.9988760330552,109242.65826446282,0.0,0.0,0.0,0.0,0.0,0.0,0.0,0.0,0.0,0.0,0.0,0.0,39.348760330578486,39.62231404958676,32.261983471074416,47.190495867768576,60.0,12.39,6.293,86.61,0.38,5.85,1.0,4.301381628099175,3.8165169151318312,49.571,0.1566359363337435,60.74344354562144,0.0336272619071634,3.5161352403623085,0.0911387303060256,0.0767497125335377,0.0225413850840209,0.0673882915414254,4.905057392427024,0.2800876722277137,2.639646164087874,5830.396657024796,7.77,16.690660846363656,71.34,1.03,19.86,1288.5648016528924,94.18500000000026,2257.7056528925614,86.918,2.42,1.966789667896679,10.66,5.13333333333333,79.28888888888889,54.71,8.52,37.71,70.84966599391998,0.045,2.15,0.21,0.027,0.052,5.42,0.15,1.0923624565862735,18.62518181818182,36.6997803030303,0.3505378787878788,0.4570252525252525,8.062722222222222,0.3202853535353535,0.2105378787878788,0.5235126262626263,33.606618686868686,1.037310606060606,1.332319068320722,0.0,0.6908968867768592,0.2879137669421486,1.3479825785123982,1.2312808362603298,,22.0,8.0,0.0,214.64631652892564,98.48051772727268,27.318181818181817,28.25
2026-03-18 08:00:00,541.4444444444445,190.79917277777776,52.32694444444432,46.41138888888892,62.82638888888897,52.7458333333332,51.60555555555551,55.34305555555547,53.09638888888873,1.136252457222223,6.144444444444445,4.369694444444445,0.0117328282828282,95.03617886363637,0.1716792929292929,0.0941679292929292,0.0422671717171717,0.2409924242424242,0.0332870454545454,300.0,11.441013186178573,31.169000000000004,105.0,87.63347139786325,0.3877577079790817,1.8551541595816357,0.9255154159581636,1.412215172222223,0.5191202090592334,1.148,16.63427700348432,0.4104006968641114,24.947874564459926,11.490322299651568,45.471428571428575,0.1,18.23097533333333,3.8115998,24.91336347222219,190.0502777777778,183.7719444444443,220.5363888888893,202.92743055555565,217.3511111111112,42.2597474444444,1.0,406.9305555555545,523.6886111111133,686.5900000000037,66.27166666666648,1475.2290404040405,2.7602879916666674,1206.6217277777769,109285.86499999987,0.0,0.0,0.0,0.0,0.0,0.0,0.0,0.0,0.0,0.0,0.0,0.0,39.005833333333136,40.615555555555446,35.68222222222217,43.83555555555558,60.0,12.51,7.403,86.47,0.41,6.7,1.02,4.32256039722222,3.843141999624835,63.97200000000001,0.0661869255299193,60.76802945038455,0.0319649690489589,3.6558056649784274,0.0615977302569874,0.0780622772462952,0.016346933033202,0.057072312886888,4.892803413993622,0.3155453010692177,3.4527855936972425,5860.863388888895,8.13,17.04420935372202,70.66,1.17,20.04,1292.6079361111113,89.3306250000008,2246.9823166666674,103.967,2.41,1.973733583489681,10.52,5.13333333333333,79.28888888888889,54.77,8.71,37.71,71.1400565652528,0.051,2.31,0.21,0.028,0.05,5.33,0.15,1.0928456566018896,18.663363636363638,36.69114393939394,0.3509924242424243,0.4573282828282828,8.05938888888889,0.3177095959595959,0.2109924242424242,0.5236641414141414,33.584042929292934,1.035037878787879,1.332865104780614,0.0,0.9551938861111118,0.2759627088888885,1.3479533583333334,1.1716265650694448,,22.0,8.0,0.0,214.43132500000013,100.28089039305556,27.318181818181817,28.25
2026-03-18 09:00:00,550.0,176.9815313888889,52.20611111111099,46.04638888888896,65.00166666666661,52.4061111111112,51.03611111111118,55.211388888888735,52.83777777777775,1.153946339444444,6.708333333333333,4.368027777777778,0.0117631313131313,95.03804704545456,0.1709217171717171,0.0940921717171717,0.0422368686868686,0.2414469696969697,0.0334643181818181,300.0,11.44318948983506,31.284,105.0,87.63110855389337,0.3878509781357883,1.8570195627157653,0.9257019562715766,1.3986174611111108,0.5019348268839104,0.982,20.168737270875766,0.3531160896130347,29.998085539714864,13.931792260692465,34.57360488798371,0.1,18.215880861111103,3.832312572222225,24.75224272222223,149.2919444444445,142.1033333333333,169.99500000000006,157.21055555555557,167.45194444444448,42.39110100000004,1.0,406.9483333333325,523.7038888888899,686.5344444444455,66.295,1475.4866161616162,2.74651163611111,1217.7195222222244,109344.14833333342,0.0,0.0,0.0,0.0,0.0,0.0,0.0,0.0,0.0,0.0,0.0,0.0,38.835277777777634,41.072777777777645,38.82027777777777,42.87333333333333,60.0,12.51,7.389,86.47,0.41,6.7,1.02,4.324560697222221,3.933671590372098,65.601,0.0665390771482142,60.50456852791879,0.0327326717580524,3.76768829743449,0.0655092147985549,0.0750358988430054,0.017366518803067,0.0576515906769713,5.050916601881069,0.3272249813265042,3.553538818005824,5870.569030555566,8.13,17.262631087062644,70.66,1.17,20.04,1305.7772888888896,97.53916666666616,2251.214522222224,104.218,2.41,1.973733583489681,10.52,5.13333333333333,79.28888888888889,54.77,8.71,37.71,71.0002518302151,0.051,2.31,0.21,0.028,0.05,5.33,0.15,1.0933288566175057,18.701545454545453,36.682507575757576,0.3514469696969697,0.4576313131313131,8.056055555555556,0.3151338383838384,0.2114469696969697,0.5238156565656565,33.561467171717176,1.0327651515151517,1.333411141240506,0.0,1.2943070227777778,0.2446710991666666,1.3479461444444445,1.1473595535416674,,22.0,8.0,0.0,216.727301111111,98.45005290902778,27.318181818181817,28.25
2026-03-18 10:00:00,549.8611111111111,169.49748222222198,52.37444444444439,46.129722222222426,64.02027777777778,52.40222222222194,54.197500000000055,55.55305555555558,53.07055555555557,1.1310272611111114,7.355555555555555,4.366361111111111,0.0117934343434343,95.03991522727272,0.1701641414141414,0.0940164141414141,0.0422065656565656,0.2419015151515151,0.0336415909090909,300.0,11.4417318525672,31.065,105.0,87.63269113149848,0.3877885079671656,1.855770159343313,0.9255770159343312,1.4025472194444444,0.45,0.647,30.850000000000005,0.18,45.26,21.31,1.64,0.1,18.67214083333332,3.909561497222226,24.155140916666635,145.8583333333334,146.75166666666647,173.3983333333333,159.8855555555555,173.53388888888884,43.60185230555555,1.0,406.9830555555566,523.7558333333326,686.5055555555557,66.50888888888869,1475.744191919192,2.7503455583333363,1213.9583416666662,108447.48222222216,0.0,0.0,0.0,0.0,0.0,0.0,0.0,0.0,0.0,0.0,0.0,0.0,39.860277777777874,41.190277777777816,37.55138888888895,45.97555555555547,60.0,12.51,7.864,86.47,0.41,6.7,1.02,4.359796794444447,3.916573620537031,67.78,0.0670570964886397,60.56221274712304,0.0323515048686928,3.743538506934199,0.063788580702272,0.0771242254352316,0.0168731484213632,0.0576939805252286,5.011463263499556,0.3252681616996163,3.5086574210681616,5864.049883333331,8.13,18.19896349925356,70.66,1.17,20.04,1289.4111638888892,97.61809988334574,2211.772163888889,98.707,2.41,1.973733583489681,10.52,5.13333333333333,79.28888888888889,54.77,8.71,37.71,71.11947164120062,0.051,2.31,0.21,0.028,0.05,5.33,0.15,1.0938120566331218,18.739727272727272,36.67387121212121,0.3519015151515152,0.4579343434343434,8.052722222222222,0.3125580808080808,0.2119015151515151,0.5239671717171718,33.53889141414142,1.0304924242424245,1.333957177700398,0.0,0.9118320805555536,0.2715199438888889,1.347864105555556,1.1342330034722226,,22.0,8.0,0.0,213.40341694444425,97.4584163944444,27.318181818181817,28.25
2026-03-18 11:00:00,545.0,182.7395086666664,52.57805555555574,46.31888888888872,68.22916666666671,52.48833333333338,58.26500000000002,55.607500000000165,53.2005555555557,1.1087672899999994,6.433333333333334,4.364694444444445,0.0118237373737373,95.04178340909093,0.1694065656565656,0.0939406565656565,0.0421762626262626,0.2423560606060606,0.0338188636363636,300.0,11.442772718825497,26.905,105.0,87.6315610481323,0.3878331165210927,1.8566623304218544,0.9256662330421854,1.3731860250000008,0.4499999999999999,0.561,30.85,0.18,45.26,21.31,1.64,0.1,18.009862249999966,3.925580347222223,24.152970527777768,157.1302777777778,161.4908333333333,182.5113888888889,172.0257638888889,186.97055555555556,42.71527250000002,1.0,407.09916666666805,523.8127777777765,686.4163888888869,66.82694444444441,1476.0017676767677,2.721751947222222,1197.5436305555552,109018.6108333334,0.0,0.0,0.0,0.0,0.0,0.0,0.0,0.0,0.0,0.0,0.0,0.0,39.959999999999766,39.80305555555538,38.19638888888888,51.29750000000001,60.0,12.51,6.646,86.47,0.41,6.7,1.02,4.336281152777778,3.903980139831797,59.214,0.066889249164049,60.59725909413315,0.0322927348262235,3.728588509474111,0.0634441179450805,0.0772368021076096,0.0167924815077515,0.057582531158172,4.991418583443105,0.3235927652244402,3.499898672611207,5863.78685555556,8.13,17.175230865213084,70.66,1.17,20.04,1327.17715,93.98750708333252,2236.5094888888893,89.451,2.41,1.973733583489681,10.52,5.13333333333333,79.28888888888889,54.77,8.71,37.71,71.156362424569,0.051,2.31,0.21,0.028,0.05,5.33,0.15,1.0942952566487378,18.77790909090909,36.66523484848485,0.3523560606060606,0.4582373737373737,8.04938888888889,0.3099823232323232,0.2123560606060606,0.5241186868686869,33.51631565656566,1.028219696969697,1.33450321416029,0.0,0.92432245888889,0.2644187719444445,1.3484228944444456,1.086678281458333,,22.0,8.0,0.0,214.8197177777777,99.2129848983333,27.318181818181817,28.25
2026-03-18 12:00:00,544.3055555555555,206.18038527777765,52.826944444444216,46.54694444444462,73.50722222222242,52.62666666666693,55.32166666666679,56.29444444444463,53.33472222222224,1.1423023388888889,6.0,4.363027777777778,0.0118540404040404,95.04365159090908,0.1686489898989899,0.0938648989898989,0.0421459595959596,0.242810606060606,0.0339961363636363,300.0,11.442944245070109,27.029,105.0,87.63137481963815,0.3878404676458618,1.856809352917237,0.9256809352917238,1.4131465499999996,0.4499999999999999,0.612,30.850000000000005,0.18,45.26,21.31,1.64,0.1,17.59934416666668,3.982743375000001,24.585624055555563,197.56833333333327,193.70694444444445,212.69611111111104,209.93277777777777,235.7597222222223,41.71954436111111,1.0,407.1958333333329,523.903888888887,686.4263888888859,67.01944444444439,1476.2593434343437,2.7613489722222235,1219.5579083333344,107964.08944444433,0.0,0.0,0.0,0.0,0.0,0.0,0.0,0.0,0.0,0.0,0.0,0.0,39.74138888888892,38.413611111111166,34.6261111111111,56.0716666666666,60.0,12.51,6.454,86.47,0.41,6.7,1.02,4.353684900000003,3.9235565772669214,58.725,0.0671805874840357,60.543190293742015,0.0323718007662835,3.7516710089399754,0.0639284802043422,0.0771407407407407,0.0169022222222222,0.0577636781609195,5.022078671775224,0.3262101149425288,3.512168582375479,5832.542630555553,8.13,18.061403812137016,70.66,1.17,20.04,1274.987961111112,87.60000999999923,2218.702088888889,89.029,2.41,1.973733583489681,10.52,5.13333333333333,79.28888888888889,54.77,8.71,37.71,71.3992913717016,0.051,2.31,0.21,0.028,0.05,5.33,0.15,1.094778456664354,18.81609090909091,36.65659848484848,0.352810606060606,0.458540404040404,8.046055555555556,0.3074065656565656,0.212810606060606,0.524270202020202,33.4937398989899,1.0259469696969696,1.335049250620182,0.0,0.802524608888889,0.2708441850000001,1.3482704027777774,1.0656429115972226,,22.0,8.0,0.0,212.99411472222224,102.31890104930554,27.318181818181817,28.25
2026-03-18 13:00:00,538.9027777777778,178.3807338888888,53.18444444444468,46.866388888888814,76.17416666666665,52.94222222222231,55.38583333333317,57.751666666666814,53.48305555555532,1.1315633500000002,6.354166666666667,4.361361111111111,0.0118843434343434,95.04551977272727,0.1678914141414141,0.0937891414141414,0.0421156565656565,0.2432651515151515,0.034173409090909,300.0,11.4433733604286,27.065,105.0,87.63090892296324,0.3878588583040828,1.8571771660816552,0.9257177166081656,1.4037337416666655,0.45,0.516,30.85,0.18,45.26,21.31,1.64,0.1,17.58721538888888,3.7781716166666657,24.46954611111109,185.17027777777787,188.4533333333333,216.71861111111116,205.07006944444444,229.93805555555545,41.818992916666666,1.0,407.2702777777779,523.9905555555556,686.4819444444445,67.22666666666666,1476.5169191919192,2.742754072222221,1213.9006861111118,107016.94944444454,0.0,0.0,0.0,0.0,0.0,0.0,0.0,0.0,0.0,0.0,0.0,0.0,39.23083333333358,37.3719444444444,32.326111111111125,54.99527777777779,60.0,12.51,6.343,86.47,0.41,6.7,1.02,4.424267597222221,3.934601478768146,58.968,0.0674029982363315,60.51346798263465,0.0323929588929588,3.764394247727581,0.0641042599375932,0.0772371455704789,0.0169342694342694,0.0578809523809523,5.038424569257902,0.3277115384615384,3.516524216524216,5872.897886111106,8.13,16.54852985376105,70.66,1.17,20.04,1273.3554444444435,92.77083625000068,2258.5887055555554,90.016,2.41,1.973733583489681,10.52,5.13333333333333,79.28888888888889,54.77,8.71,37.71,71.17256012183915,0.051,2.31,0.21,0.028,0.05,5.33,0.15,1.09526165667997,18.85427272727273,36.64796212121212,0.3532651515151515,0.4588434343434343,8.042722222222222,0.3048308080808081,0.2132651515151515,0.5244217171717171,33.47116414141414,1.0236742424242424,1.335595287080074,0.0,0.7472463656111116,0.2721703724999998,1.3389593111111109,1.0662970967361105,,22.0,8.0,0.0,211.06401861111092,98.63544724027776,27.318181818181817,28.25
2026-03-18 14:00:00,539.4583333333334,182.52902444444453,53.78666666666676,47.17361111111105,74.96277777777799,53.78305555555574,54.94277777777757,58.932777777777865,53.80055555555556,1.1210679327777793,6.145833333333333,4.359694444444444,0.0119146464646464,95.04738795454546,0.1671338383838383,0.0937133838383838,0.0420853535353535,0.2437196969696969,0.0343506818181818,300.0,11.440715942574132,31.902,105.0,87.63379411949093,0.3877449689674628,1.854899379349257,0.9254899379349256,1.4058124805555543,0.45,0.625,30.85,0.18,45.26,21.31,1.64,0.1,17.950496972222247,3.661723544444446,23.63652633333336,145.9827777777777,160.6505555555556,187.89388888888885,172.76208333333335,196.5211111111112,43.16026416666667,1.0,407.3361111111104,524.0250000000015,686.3763888888843,67.50999999999968,1476.774494949495,2.753833822222223,1194.6151027777755,109119.21750000012,0.0,0.0,0.0,0.0,0.0,0.0,0.0,0.0,0.0,0.0,0.0,0.0,39.15833333333339,36.694444444444414,30.878055555555555,54.00027777777768,60.0,12.51,7.47,86.47,0.41,6.7,1.02,4.357806944444446,3.934092142469509,70.022,0.0673548313387221,60.51432721144784,0.0324073005626803,3.764003313244408,0.0641598354802776,0.0771343292108194,0.0169523007054925,0.0578656993516323,5.038292822255862,0.3276261460683785,3.5180000571249037,5898.878216666662,8.13,16.37817854879353,70.66,1.17,20.04,1296.0959250000003,89.7291737499991,2257.1742083333306,104.763,2.41,1.973733583489681,10.52,5.13333333333333,79.28888888888889,54.77,8.71,37.71,71.03273662949849,0.051,2.31,0.21,0.028,0.05,5.33,0.15,1.095744856695586,18.892454545454545,36.63932575757576,0.3537196969696969,0.4591464646464646,8.039388888888888,0.3022550505050505,0.2137196969696969,0.5245732323232324,33.448588383838384,1.0214015151515152,1.336141323539966,0.0,0.733692621666666,0.284744538888889,1.347915347222224,1.0118533259722229,,22.0,8.0,0.0,212.5028263888888,99.1850957388889,27.318181818181817,28.25
2026-03-18 15:00:00,537.3194444444445,177.54877861111183,54.61361111111134,47.296388888888565,77.29500000000002,55.0369444444442,55.35861111111092,59.48722222222223,53.90027777777778,1.1254154586111096,6.0,4.358027777777778,0.0119449494949494,95.04925613636364,0.1663762626262626,0.0936376262626262,0.0420550505050505,0.2441742424242424,0.0345279545454545,300.0,11.439667439208328,27.183,105.0,87.63493249457382,0.3877000331089283,1.854000662178568,0.9254000662178568,1.4156088027777771,0.45,0.541,30.850000000000005,0.18,45.26,21.31,1.64,0.1,17.724465083333317,3.584964924999998,24.27608991666666,192.9730555555556,208.2883333333333,223.0683333333333,215.15694444444443,236.29805555555564,42.200670083333314,1.0,407.39944444444166,524.1047222222243,686.2955555555537,67.70194444444448,1477.0320707070707,2.7636758194444435,1196.075224999998,108965.50944444451,0.0,0.0,0.0,0.0,0.0,0.0,0.0,0.0,0.0,0.0,0.0,0.0,38.80805555555535,36.74250000000009,33.942222222222135,54.88666666666668,60.0,12.51,6.373,86.47,0.41,6.7,1.02,4.3560899000000015,4.185842065197923,44.664,0.071090587497761,59.8188650814974,0.0334284434891635,4.06089647143113,0.0704068153322586,0.0758709475192548,0.0183691115887515,0.0601924144725058,5.432754119648934,0.3612802480745118,3.6762672398352136,5887.316811111105,8.13,15.553274781821049,70.66,1.17,20.04,1284.525166666667,87.60000999999923,2277.0209583333326,94.136,2.41,1.973733583489681,10.52,5.13333333333333,79.28888888888889,54.77,8.71,37.71,70.9134511692383,0.051,2.31,0.21,0.028,0.05,5.33,0.15,1.0962280567112022,18.930636363636363,36.63068939393939,0.3541742424242424,0.4594494949494949,8.036055555555556,0.2996792929292929,0.2141742424242424,0.5247247474747475,33.426012626262626,1.0191287878787878,1.336687359999858,0.0,0.6870563352777784,0.29019338,1.3480123777777808,11.95084964125,,22.0,8.0,0.0,211.07522750000007,98.52521316597232,27.318181818181817,28.25
2026-03-18 16:00:00,535.0,161.37937722222205,55.39944444444421,47.37527777777768,80.9758333333334,56.35138888888905,57.67861111111107,59.52777777777754,54.203333333333546,1.146195772222222,6.354166666666667,4.356361111111111,0.0119752525252525,95.05112431818182,0.1656186868686869,0.0935618686868687,0.0420247474747474,0.2446287878787879,0.0347052272727272,300.0,11.422957032122238,31.349,105.0,87.64433761842483,0.4323767903282401,2.076232096717599,0.9327053494529332,1.426967108333333,0.45,0.821,30.85,0.18,45.26,21.31,1.64,0.1,18.08179058333332,3.43591658055556,23.56869713888889,152.4361111111111,162.3855555555557,181.6047222222222,170.67145833333336,186.25944444444443,43.41116747222223,1.0,407.4130555555536,524.0544444444466,686.1538888888937,67.98361111111106,1477.2896464646465,2.7752297944444395,1198.0078499999984,109194.57027777784,0.0,0.0,0.0,0.0,0.0,0.0,0.0,0.0,0.0,0.0,0.0,0.0,38.90138888888877,37.097777777777765,32.51472222222221,58.04499999999992,60.0,12.51,7.644,86.47,0.41,6.7,1.02,4.292302411111108,4.020119038133635,62.753,0.0696559527034564,60.29049830286998,0.0323422784568068,3.8601647729989,0.0645734865265405,0.0793611460806654,0.0169091995601803,0.0589268401510684,5.156275237837235,0.339562857552627,3.526768441349417,5813.329680555556,8.47,14.978642540073317,70.75,1.13,19.65,1277.278827777779,92.81633624999976,2293.4274222222243,104.933,2.6,1.892086330935252,10.52,5.13333333333333,79.28888888888889,54.59,9.16,37.71,70.73302659149549,0.051,2.12,0.23,0.027,0.051,5.56,0.16,1.0967112567268182,18.968818181818182,36.62205303030303,0.3546287878787879,0.4597525252525252,8.032722222222223,0.2971035353535353,0.2146287878787879,0.5248762626262626,33.40343686868687,1.0168560606060606,1.33723339645975,0.0,0.8069468700000002,0.2807713463888888,1.3482492805555564,8.062216047847219,,22.0,8.0,0.0,211.2033197222222,96.38276748194444,27.318181818181817,28.25
2026-03-18 17:00:00,531.2777777777778,153.9405705555554,55.66083333333371,47.36499999999976,78.43361111111102,57.48444444444457,63.49499999999996,59.826111111111125,54.70444444444433,1.1462190613888896,6.5,4.354694444444444,0.0120055555555555,95.0529925,0.1648611111111111,0.0934861111111111,0.0419944444444444,0.2450833333333333,0.0348825,300.0,11.416615014292162,26.588,105.0,87.65112005415976,0.4326410410711599,2.0735895892884004,0.9322649315480668,1.4518674583333333,0.45,0.737,30.85,0.18,45.26,21.31,1.64,0.1,18.197434666666688,3.434043844444448,24.166932222222204,158.78944444444448,185.1752777777778,196.20222222222228,187.2457638888889,208.81611111111087,42.95521508333335,1.0,407.4480555555539,524.0544444444458,686.0675000000016,68.06416666666664,1477.5472222222222,2.799852869444444,1208.8075250000018,110643.87611111117,0.0,0.0,0.0,0.0,0.0,0.0,0.0,0.0,0.0,0.0,0.0,0.0,38.89027777777765,37.51638888888908,34.46222222222215,56.24777777777778,60.0,12.51,6.629,86.47,0.41,6.7,1.02,4.193634966666664,3.960826250450729,58.239,0.0677556276721784,60.4405290269407,0.0325140884973986,3.795510225106887,0.0648163601710194,0.0770107659815587,0.0171006542007932,0.0581138412404059,5.080114871477876,0.3312017204965744,3.5346262813578524,5753.854183333334,8.47,14.628972419894428,70.75,1.13,19.65,1272.7325666666673,95.02999999999956,2313.595983333334,90.15,2.6,1.892086330935252,10.52,5.13333333333333,79.28888888888889,54.59,9.16,37.71,70.54317292305377,0.051,2.12,0.23,0.027,0.051,5.56,0.16,1.0971944567424343,19.007,36.613416666666666,0.3550833333333333,0.4600555555555555,8.029388888888889,0.2945277777777778,0.2150833333333333,0.5250277777777778,33.38086111111112,1.0145833333333334,1.337779432919642,0.0,0.3167341707666667,0.3056483666666668,1.3480551694444454,1.2485490335416662,,22.0,8.0,0.0,214.82574277777775,95.3971255986111,27.318181818181817,28.25
2026-03-18 18:00:00,530.0,142.3149455555552,55.76499999999958,47.40277777777776,76.91500000000018,57.77305555555537,63.35750000000014,59.45111111111108,55.744166666666366,1.1591402305555556,6.854166666666667,4.353027777777778,0.0120358585858585,95.05486068181818,0.1641035353535353,0.0934103535353535,0.0419641414141414,0.2455378787878788,0.0350597727272727,300.0,11.416377999701895,26.836,105.0,87.6513735280966,0.4326509166790878,2.073490833209122,0.9322484722015204,1.4657446527777784,0.45,0.717,30.85,0.18,45.26,21.31,1.64,0.1,18.04294516666664,3.722736583333339,24.258247055555557,169.74666666666667,190.3288888888888,208.923888888889,196.45527777777775,216.8216666666666,42.65388386111108,1.0,407.415833333331,524.0030555555556,685.8391666666615,68.19305555555549,1477.804797979798,2.81374573333333,1215.4816527777757,110448.5883333333,0.0,0.0,0.0,0.0,0.0,0.0,0.0,0.0,0.0,0.0,0.0,0.0,39.05305555555579,38.23166666666662,32.14222222222229,54.73861111111113,60.0,12.51,6.71,86.47,0.41,6.7,1.02,4.219268588888889,3.999522717984256,56.277,0.0683394637240791,60.3337592622208,0.0326671642056257,3.841096007249854,0.0657604349912042,0.0768415160722853,0.0173134850827158,0.0584739769355154,5.140589761358993,0.3363787870710947,3.558528350836043,5648.6133555555625,8.47,14.261084204652253,70.75,1.13,19.65,1257.2426555555555,92.52016073837252,2278.851983333333,90.208,2.6,1.892086330935252,10.52,5.13333333333333,79.28888888888889,54.59,9.16,37.71,70.6141725283026,0.051,2.12,0.23,0.027,0.051,5.56,0.16,1.0976776567580504,19.045181818181817,36.6047803030303,0.3555378787878788,0.4603585858585858,8.026055555555557,0.2919520202020202,0.2155378787878788,0.525179292929293,33.35828535353536,1.012310606060606,1.338325469379534,0.0,0.2976948237777782,0.3066044388888891,1.3479846388888908,1.254085002430554,,22.0,8.0,0.0,213.9065355555557,93.85673028611106,27.318181818181817,28.25
2026-03-18 19:00:00,530.0,161.87573777777777,55.61305555555584,47.26388888888902,82.63138888888886,57.60250000000018,63.07555555555563,59.34972222222213,56.02416666666685,1.1332946736111114,5.933333333333334,4.351361111111111,0.0120661616161616,95.05672886363637,0.1633459595959596,0.0933345959595959,0.0419338383838383,0.2459924242424242,0.0352370454545454,300.0,11.419295328287538,26.821,105.0,87.64825360724807,0.4325293613213527,2.074706386786473,0.9324510644644124,1.4309261777777784,0.45,0.724,30.85,0.18,45.26,21.31,1.64,0.1,18.0308157777778,3.680113480555558,24.30420563888886,177.61944444444447,196.88833333333332,226.071111111111,204.77777777777777,218.5322222222223,42.59173669444442,1.0,407.4058333333309,523.9216666666636,685.635555555558,68.10111111111097,1478.0623737373735,2.779059697222224,1182.37521111111,110876.75388888895,0.0,0.0,0.0,0.0,0.0,0.0,0.0,0.0,0.0,0.0,0.0,0.0,39.40416666666674,38.26805555555543,31.931666666666707,60.91166666666658,60.0,12.51,6.733,86.47,0.41,6.7,1.02,4.2327597249999975,3.9578375641487735,58.263000000000005,0.0677788648027049,60.449697063316336,0.0324746580162367,3.791636544633815,0.0646286665636853,0.0772011396598184,0.0170490534301357,0.0581037708322606,5.07432298371179,0.330830990508556,3.5297581655596173,5680.6535777777735,8.47,14.051762810796408,70.75,1.13,19.65,1293.878027777779,86.80586111111104,2267.092130555556,89.94,2.6,1.892086330935252,10.52,5.13333333333333,79.28888888888889,54.59,9.16,37.71,70.72494439843979,0.051,2.12,0.23,0.027,0.051,5.56,0.16,1.0981608567736665,19.08336363636364,36.59614393939394,0.3559924242424243,0.4606616161616161,8.022722222222223,0.2893762626262626,0.2159924242424242,0.5253308080808081,33.3357095959596,1.0100378787878788,1.338871505839426,0.0,0.453891782305556,0.297631523611111,1.3481564444444447,1.2419067449305556,,22.0,8.0,0.0,212.57642027777777,96.44853525555556,27.318181818181817,28.25
2026-03-18 20:00:00,530.0,157.04076472222198,54.92583333333345,46.99388888888873,81.65638888888898,56.79055555555564,62.077500000000015,58.71916666666673,55.68611111111123,1.1087471530555564,6.211111111111111,4.349694444444444,0.0120964646464646,95.05859704545456,0.1625883838383838,0.0932588383838383,0.0419035353535353,0.2464469696969697,0.0354143181818181,300.0,11.420040445542966,31.153,105.0,87.64745674573876,0.4324983147690431,2.075016852309569,0.9325028087182616,1.3798921441666654,0.4647830018083182,1.106,27.80962929475588,0.2292766726943941,40.9157685352622,19.20982820976492,11.014394213381555,0.0999999999999999,18.297357666666684,3.752539886111114,25.004919277777773,162.11694444444427,185.0180555555556,194.48805555555563,188.10347222222225,210.79083333333332,42.25622380555554,1.0,407.4036111111083,523.8099999999965,685.3594444444389,68.00222222222237,1478.3199494949497,2.727800180555553,1199.5860555555562,111122.87166666666,0.0,0.0,0.0,0.0,0.0,0.0,0.0,0.0,0.0,0.0,0.0,0.0,39.861111111111136,38.72527777777783,24.693888888888885,60.808333333333415,60.0,12.51,7.495,86.47,0.41,6.7,1.02,4.240642538888888,3.97191353082466,66.197,0.0678950707736,60.40956191368189,0.0325691949786244,3.8087151985739527,0.0651336163270238,0.0768900403341541,0.017175959635633,0.0582097980271009,5.09789884737979,0.332673187606689,3.5427058628034502,5703.049427777778,8.47,14.192971343778114,70.75,1.13,19.65,1344.5473249999998,90.37762499999936,2274.0330722222225,104.321,2.6,1.892086330935252,10.52,5.13333333333333,79.28888888888889,54.59,9.16,37.71,70.6604458858703,0.051,2.12,0.23,0.027,0.051,5.56,0.16,1.0986440567892826,19.12154545454545,36.58750757575758,0.3564469696969697,0.4609646464646464,8.019388888888889,0.286800505050505,0.2164469696969697,0.5254823232323232,33.31313383838384,1.0077651515151516,1.339417542299318,0.0,0.7119526524999995,0.271144991388889,1.34798048888889,1.2085642020833336,,22.0,8.0,0.0,218.19936249999984,95.80790132569442,27.318181818181817,28.25
2026-03-18 21:00:00,531.3611111111111,149.04397388888896,53.771944444444415,46.44583333333323,80.81527777777787,55.42083333333341,57.63694444444455,56.67000000000005,54.59694444444457,1.131930693611112,6.5,4.348027777777777,0.0121267676767676,95.06046522727272,0.161830808080808,0.0931830808080808,0.0418732323232323,0.2469015151515151,0.0355915909090909,300.0,11.418781161339137,26.435,105.0,87.64880348023453,0.4325507849442028,2.0744921505579725,0.9324153584263288,1.4144598361111111,0.4683673469387755,2.205,27.07244897959184,0.2412244897959183,39.86244897959183,18.70061224489796,13.287346938775512,0.0999999999999999,18.373288194444463,3.664150905555556,24.87755630555555,199.2527777777777,207.4033333333336,224.01638888888888,215.3225,230.6174999999999,42.48057250000001,1.0,407.4005555555528,523.7777777777798,685.1302777777803,67.5555555555556,1478.5775252525252,2.733133141666665,1202.8393833333328,110395.38777777778,0.0,0.0,0.0,0.0,0.0,0.0,0.0,0.0,0.0,0.0,0.0,0.0,39.821944444444426,40.39333333333335,33.91861111111108,58.28805555555553,60.0,12.51,6.603,86.47,0.41,6.7,1.02,4.209604172222225,3.94211264515258,59.248,0.0676512287334593,60.49456336078855,0.0323681643262219,3.772545908722657,0.0640608965703483,0.0775543478260869,0.0169061571698622,0.0579858898190656,5.047949466648664,0.3287739164191196,3.515197137456117,5636.755533333331,8.47,13.979579530908255,70.75,1.13,19.65,1302.8104750000002,93.79499999999916,2282.9485999999997,88.934,2.6,1.892086330935252,10.52,5.13333333333333,79.28888888888889,54.59,9.16,37.71,70.76921687994378,0.051,2.12,0.23,0.027,0.051,5.56,0.16,1.0991272568048986,19.159727272727277,36.57887121212121,0.3569015151515151,0.4612676767676767,8.016055555555555,0.2842247474747474,0.2169015151515151,0.5256338383838384,33.29055808080808,1.005492424242424,1.33996357875921,0.0,0.7566985149999996,0.2825291616666666,1.3185497694444437,1.1420313170138896,,22.0,8.0,0.0,216.599856388889,94.7483265402778,27.318181818181817,28.25
2026-03-18 22:00:00,540.0,164.4003083333332,52.746388888889,45.82694444444434,81.93138888888885,54.304444444444776,55.24750000000014,55.37138888888861,53.33777777777785,1.1080896838888876,6.855555555555555,4.346361111111111,0.0121570707070707,95.06233340909093,0.1610732323232323,0.0931073232323232,0.0418429292929292,0.2473560606060606,0.0357688636363636,300.0,11.419394638224274,31.221,105.0,87.64814740078793,0.4325252234073219,2.07474776592678,0.9324579609877968,1.364594102777777,0.4684096290449882,2.534,27.06375295974744,0.2413654301499605,39.85002367797948,18.69460536700868,13.314159431728497,0.1,18.1877896388889,3.654859497222224,24.366271527777805,125.79638888888884,125.36166666666657,140.95361111111106,133.09326388888883,140.2613888888889,42.74178322222223,1.0,407.3961111111082,523.6758333333362,684.8080555555556,67.04333333333355,1478.835101010101,2.663463669444443,1236.0105694444464,108539.8213888888,0.0,0.0,0.0,0.0,0.0,0.0,0.0,0.0,0.0,0.0,0.0,0.0,39.09472222222234,39.49166666666656,34.136111111111134,62.72416666666659,60.0,12.51,7.796,86.47,0.41,6.7,1.02,4.26166661944444,3.94534043881685,68.86699999999999,0.0677182104636473,60.48590398884808,0.032373546110619,3.7762539387515055,0.0641089346130948,0.0775876689851453,0.0169145018659154,0.0580206775378628,5.052693888219323,0.329213542044811,3.5163823021185765,5649.439274999997,8.47,16.26341010208045,70.75,1.13,19.65,1327.586825000001,98.92566666666616,2286.052049999999,103.856,2.6,1.892086330935252,10.52,5.13333333333333,79.28888888888889,54.59,9.16,37.71,70.78499227539209,0.051,2.12,0.23,0.027,0.051,5.56,0.16,1.0996104568205147,19.197909090909093,36.57023484848485,0.3573560606060606,0.4615707070707071,8.012722222222223,0.2816489898989899,0.2173560606060606,0.5257853535353536,33.267982323232324,1.003219696969697,1.340509615219102,0.0,0.9929012286111114,0.256504383611111,1.299172230555556,1.105443720833334,,22.0,8.0,0.0,222.75646916666668,96.78304085416664,27.318181818181817,28.25
2026-03-18 23:00:00,540.8055555555555,177.12772361111072,52.32333333333312,45.44527777777753,80.41416666666676,54.48305555555552,54.67861111111124,55.127222222222365,52.78500000000002,1.1104044886111113,6.644444444444445,4.344694444444444,0.0121873737373737,95.0642015909091,0.1603156565656565,0.0930315656565656,0.0418126262626262,0.247810606060606,0.0359461363636363,300.0,11.427481013875092,31.207,105.0,87.63949947127247,0.4321882910885378,2.0781170891146217,0.933019514852437,1.3717440833333336,0.4660223196492626,2.5090000000000003,27.55474292546831,0.2334077321642088,40.55157433240334,19.033762455161416,11.80028696691909,0.0999999999999999,18.71240869444444,3.6877813333333367,24.39891991666667,139.89777777777778,145.3008333333333,164.05500000000018,152.95333333333338,162.55972222222232,43.40240380555555,1.0,407.35444444444335,523.4869444444424,684.5119444444425,66.67444444444445,1479.0926767676767,2.715707680555554,1232.8753472222218,109431.19333333336,0.0,0.0,0.0,0.0,0.0,0.0,0.0,0.0,0.0,0.0,0.0,0.0,38.83694444444431,38.80805555555558,30.973611111111115,64.44000000000018,60.0,12.51,7.894,86.47,0.41,6.7,1.02,4.283531227777776,3.950005876562798,68.06700000000001,0.0677306183613204,60.47224910749703,0.0324154289156272,3.782049451275949,0.0643201551412578,0.0774168099078848,0.016970000146914,0.0580490399165528,5.060936430281928,0.3298130077717543,3.521828492514728,5724.852722222226,8.47,16.975180538599837,70.75,1.13,19.65,1332.7644249999985,95.83581944444416,2265.5334944444444,104.968,2.6,1.892086330935252,10.52,5.13333333333333,79.28888888888889,54.59,9.16,37.71,70.86449976720017,0.051,2.12,0.23,0.027,0.051,5.56,0.16,1.1000936568361308,19.23609090909091,36.56159848484848,0.357810606060606,0.4618737373737374,8.00938888888889,0.2790732323232323,0.217810606060606,0.5259368686868687,33.245406565656566,1.0009469696969695,1.341055651678994,0.0,1.0632016980555548,0.2613395883333332,1.3438312722222228,1.1131373534027778,,22.0,8.0,0.0,220.4981477777778,98.46942337847216,27.318181818181817,28.25
2026-03-19 00:00:00,540.0,171.14931833333347,52.00833333333345,45.25916666666667,75.70499999999991,54.343055555555765,54.07055555555561,55.27499999999982,52.79805555555521,1.1218532194444448,6.854166666666667,4.3430277777777775,0.0122176767676767,95.06606977272727,0.1595580808080808,0.092955808080808,0.0417823232323232,0.2482651515151515,0.036123409090909,300.0,11.505834556471342,26.571,105.0,87.53161077866845,0.3578826540213013,2.0021865944074366,0.9625546648601858,1.3837184472222224,0.45,1.351,30.85,0.18,45.26,21.31,1.64,0.1,18.530045055555536,3.701686280555552,24.108820972222237,155.65222222222212,164.1316666666666,184.5091666666665,171.1202083333333,180.18777777777797,43.457298777777766,1.0,407.3219444444451,523.3933333333296,684.3036111111073,66.4202777777776,1479.3502525252525,2.731955644444445,1241.064416666666,109439.97416666668,0.0,0.0,0.0,0.0,0.0,0.0,0.0,0.0,0.0,0.0,0.0,0.0,38.76583333333332,37.94527777777776,30.282222222222284,65.99638888888887,60.0,12.43,6.909,86.535,0.38,6.050000000000001,1.035,4.289000661111108,3.980247140282013,59.359,0.1347832679121953,60.96173975302819,0.0236240502703886,3.753550598898229,0.0692066914873903,0.0370558803214339,0.010237723007463,0.0582145420239559,4.373228996445358,0.2820944591384625,2.8736619552216176,5736.161022222222,7.79,16.880706859972573,71.50999999999999,1.15,19.55,1320.932652777776,98.63145833333328,2277.2808416666685,91.178,2.52,1.961759082217973,10.26,5.13333333333333,79.28888888888889,54.96,8.99,37.71,70.82166002996439,0.049,2.27,0.23,0.026,0.049,5.23,0.16,1.1005768568517469,19.274272727272727,36.55296212121212,0.3582651515151515,0.4621767676767677,8.006055555555555,0.2764974747474747,0.2182651515151515,0.5260883838383839,33.22283080808081,0.9986742424242424,1.341601688138886,0.0,0.8141372583333328,0.2618652472222221,1.3483162166666671,1.095758595694444,,22.0,8.0,0.0,221.1971683333336,97.67728467916668,27.318181818181817,28.25
2026-03-19 01:00:00,540.0,188.60502500000024,51.49499999999999,44.88222222222212,71.24027777777776,53.407222222221975,54.44666666666664,54.97638888888878,52.82694444444434,1.1301592066666664,6.291666666666667,4.341361111111112,0.0122479797979797,95.06793795454546,0.158800505050505,0.0928800505050505,0.0417520202020202,0.2487196969696969,0.0363006818181818,300.0,11.507087988600668,30.879,105.0,87.53033679847145,0.3580264904951585,2.0030085171151915,0.9625752129278796,1.379261600555556,0.45,1.977,30.85,0.18,45.26,21.31,1.64,0.1,18.1709111111111,3.800483872222223,24.47140233333334,172.0472222222222,176.2672222222223,195.39166666666665,180.46131944444443,178.13916666666657,42.61145299999998,1.0,407.2636111111111,523.2497222222254,684.1725000000037,66.09527777777794,1479.6078282828282,2.7276113305555536,1234.0582888888907,109427.00611111108,0.0,0.0,0.0,0.0,0.0,0.0,0.0,0.0,0.0,0.0,0.0,0.0,38.45888888888874,36.80416666666659,29.42277777777774,65.15305555555561,60.0,12.43,8.059,86.535,0.38,6.050000000000001,1.035,4.285292072222219,3.965206095997721,70.21000000000001,0.1351521150833214,61.00263281583819,0.0236211935621706,3.7382176328158376,0.0691855860988463,0.0369126904999287,0.0101684660304799,0.0580755732801595,4.347824099131178,0.2798017091582395,2.867414898162654,5727.547327777779,7.79,17.075748865510448,71.50999999999999,1.15,19.55,1325.1982361111102,90.53708333333336,2272.7383611111104,106.173,2.52,1.961759082217973,10.26,5.13333333333333,79.28888888888889,54.96,8.99,37.71,70.87352937277163,0.049,2.27,0.23,0.026,0.049,5.23,0.16,1.101060056867363,19.312454545454543,36.54432575757576,0.3587196969696969,0.462479797979798,8.002722222222223,0.2739217171717172,0.2187196969696969,0.526239898989899,33.20025505050505,0.9964015151515152,1.342147724598778,0.0,0.9216387141666672,0.2491024119444443,1.3482715972222243,1.0841496688888883,,22.0,8.0,0.0,221.1812058333335,99.99016581250004,27.318181818181817,28.25
2026-03-19 02:00:00,539.2777777777778,192.8394797222224,51.27611111111115,44.63888888888904,77.71472222222214,52.88499999999981,54.47833333333323,56.8230555555557,52.97861111111098,1.1367427749999997,6.0,4.3396944444444445,0.0122782828282828,95.06980613636364,0.1580429292929293,0.0928042929292929,0.0417217171717171,0.2491742424242424,0.0364779545454545,300.0,11.507073207718843,26.377,105.0,87.5303518216628,0.3580247943283922,2.002998824733669,0.9625749706183416,1.4061872055555562,0.45,1.691,30.85,0.18,45.26,21.31,1.64,0.1,18.65060802777778,3.691518730555552,24.077039916666635,189.7772222222221,189.8102777777778,205.66222222222228,192.96888888888884,186.62583333333333,43.65027430555556,1.0,407.205555555555,523.1566666666675,684.1200000000039,66.00500000000004,1479.865404040404,2.754585369444446,1222.7381694444427,109649.38000000003,0.0,0.0,0.0,0.0,0.0,0.0,0.0,0.0,0.0,0.0,0.0,0.0,39.08611111111107,37.065277777777744,29.037222222222216,68.98277777777767,60.0,12.43,6.868,86.535,0.38,6.050000000000001,1.035,4.258905186111114,3.975538580740791,59.369,0.1350324243291953,60.97368508817733,0.023599050009264,3.7497193821691455,0.0692162576428776,0.037033131769105,0.0102209065337128,0.0581898802405295,4.365307483703617,0.2813981876063265,2.870796206774579,5703.379416666671,7.79,16.6497606792167,71.50999999999999,1.15,19.55,1300.2894638888886,86.34000000000013,2266.3304305555557,89.457,2.52,1.961759082217973,10.26,5.13333333333333,79.28888888888889,54.96,8.99,37.71,70.94843744703797,0.049,2.27,0.23,0.026,0.049,5.23,0.16,1.101543256882979,19.350636363636365,36.53568939393939,0.3591742424242424,0.4627828282828283,7.999388888888889,0.2713459595959596,0.2191742424242424,0.5263914141414142,33.17767929292929,0.994128787878788,1.34269376105867,0.0,0.8082634175000006,0.2694444550000001,1.3483577916666667,1.1289956134722212,,22.0,8.0,0.0,217.28172499999988,100.55123106319446,27.318181818181817,28.25
2026-03-19 03:00:00,533.1944444444445,165.54109694444432,51.1330555555558,44.53138888888891,77.68916666666675,52.42222222222192,54.076111111111146,70.11472222222223,52.97527777777783,1.109868445,6.355555555555555,4.338027777777778,0.0123085858585858,95.07167431818182,0.1572853535353535,0.0927285353535353,0.0416914141414141,0.2496287878787879,0.0366552272727272,300.0,11.507495315193763,26.682,105.0,87.52992279439323,0.3580732328910877,2.0032756165205003,0.9625818904130125,1.3979000694444432,0.4499999999999999,1.183,30.85,0.18,45.26,21.31,1.64,0.1,18.401066000000004,3.4577144055555564,24.55914858333335,190.7866666666666,184.877777777778,211.3924999999999,194.57916666666665,191.2597222222221,42.83066869444446,1.0,407.1419444444453,522.9691666666641,684.1400000000041,65.93999999999998,1480.1229797979795,2.7461982000000043,1170.0550027777804,110843.41500000008,0.0,0.0,0.0,0.0,0.0,0.0,0.0,0.0,0.0,0.0,0.0,0.0,38.98666666666655,37.94944444444441,22.89888888888892,65.6863888888889,60.0,12.43,6.707,86.535,0.38,6.050000000000001,1.035,4.179231738888888,3.939470436514415,61.258,0.1369843938750857,61.06490988932058,0.0233997192203467,3.720686277710666,0.0692947859871363,0.0368660419863528,0.0100936693982826,0.0580070847889255,4.30463792484247,0.2760716314603807,2.848548760978158,5660.169708333329,7.79,15.229173934866711,71.50999999999999,1.15,19.55,1323.9707805555563,91.99633333333304,2265.2290138888893,89.945,2.52,1.961759082217973,10.26,5.13333333333333,79.28888888888889,54.96,8.99,37.71,70.92039465987686,0.049,2.27,0.23,0.026,0.049,5.23,0.16,1.1020264568985951,19.38881818181818,36.52705303030303,0.3596287878787879,0.4630858585858585,7.9960555555555555,0.268770202020202,0.2196287878787879,0.5265429292929293,33.15510353535354,0.9918560606060606,1.3432397975185622,0.0,0.7406298258333327,0.2880316888888887,1.348175805555556,1.1822276832638878,,22.0,8.0,0.0,212.44980750000008,96.93419534513887,27.318181818181817,28.25
2026-03-19 04:00:00,530.0,167.79081833333316,51.16250000000022,44.39222222222202,73.65055555555544,52.21416666666671,52.40972222222221,95.05694444444448,52.65277777777788,1.138989233888888,6.144444444444445,4.336361111111111,0.0123388888888888,95.0735425,0.1565277777777778,0.0926527777777777,0.0416611111111111,0.2500833333333333,0.0368325,300.0,11.50599148968218,26.556,105.0,87.53145127278205,0.3579006627504142,2.0022895014309383,0.9625572375357734,1.4484836111111117,0.45,0.931,30.850000000000005,0.18,45.26,21.31,1.64,0.1,18.66331522222222,3.36435828611111,24.34457038888887,189.33361111111097,203.8755555555554,236.0111111111109,210.3495833333332,212.1780555555556,43.39145308333335,1.0,406.9744444444429,522.8908333333299,684.2597222222175,65.77333333333362,1480.3805555555557,2.796593661111113,1149.305255555556,111290.74305555562,0.0,0.0,0.0,0.0,0.0,0.0,0.0,0.0,0.0,0.0,0.0,0.0,38.51,38.62999999999988,28.80694444444446,64.2916666666666,60.0,12.43,6.295,86.535,0.38,6.050000000000001,1.035,4.157646747222222,4.029614280143226,56.414,0.1327500265891445,60.83279008756692,0.0237817563016272,3.797915056546248,0.069176445563158,0.037390009572092,0.0104351047612294,0.0585547204594604,4.456418619491616,0.2894875385542595,2.89976601552806,5651.088569444444,7.79,14.92861011505634,71.50999999999999,1.15,19.55,1283.631533333333,88.97155555555591,2258.7994888888884,89.816,2.52,1.961759082217973,10.26,5.13333333333333,79.28888888888889,54.96,8.99,37.71,70.91944249662215,0.049,2.27,0.23,0.026,0.049,5.23,0.16,1.1025096569142112,19.427,36.51841666666667,0.3600833333333333,0.4633888888888888,7.9927222222222225,0.2661944444444444,0.2200833333333333,0.5266944444444445,33.13252777777778,0.9895833333333334,1.343785833978454,0.0,0.5675540188611085,0.309494357222222,1.348031716666667,1.2502384908333333,,22.0,8.0,0.0,207.80932861111103,97.23228342916664,27.318181818181817,28.25
2026-03-19 05:00:00,530.0,172.27862527777805,50.9524999999998,44.16055555555569,71.47083333333332,52.01666666666664,50.99944444444439,96.97666666666667,51.85527777777797,1.1513284944444442,6.0,4.334694444444445,0.0123691919191919,95.07541068181818,0.155770202020202,0.0925770202020202,0.041630808080808,0.2505378787878788,0.0370097727272727,300.0,11.506775979418371,30.707,105.0,87.53065392255837,0.3579906861627642,2.002803920930081,0.962570098023252,1.440192102777778,0.45,1.096,30.85,0.18,45.26,21.31,1.64,0.1,18.288483694444444,3.4928304916666657,24.8552518888889,184.5794444444444,194.11999999999983,209.98888888888888,198.15041666666664,203.91333333333336,42.38927783333339,1.0,406.9241666666642,522.796944444444,684.4074999999967,65.61333333333339,1480.6381313131312,2.787603577777779,1138.8023333333333,111354.61388888895,0.0,0.0,0.0,0.0,0.0,0.0,0.0,0.0,0.0,0.0,0.0,0.0,38.27833333333359,37.97305555555551,31.15361111111113,64.55583333333333,60.0,12.43,7.383,86.535,0.38,6.050000000000001,1.035,4.129561052777776,3.963957188526644,67.87899999999999,0.1346823023320909,61.00923304703959,0.0237111919739536,3.7333182574875887,0.069123292918281,0.0368181617289588,0.0101445071377009,0.0579935031453026,4.345597018223605,0.2795309742335627,2.870303039231574,5615.129330555554,7.79,14.967566964133388,71.50999999999999,1.15,19.55,1289.826838888888,86.88000000000031,2243.477999999999,105.319,2.52,1.961759082217973,10.26,5.13333333333333,79.28888888888889,54.96,8.99,37.71,70.97551030104569,0.049,2.27,0.23,0.026,0.049,5.23,0.16,1.1029928569298273,19.46518181818182,36.509780303030304,0.3605378787878788,0.4636919191919191,7.989388888888889,0.2636186868686869,0.2205378787878788,0.5268459595959596,33.10995202020202,0.987310606060606,1.344331870438346,0.0,0.729185978861111,0.2888635802777779,1.347351766666667,1.2705104762500006,,22.0,8.0,0.0,206.20100027777775,97.8269178493056,27.318181818181817,28.25
2026-03-19 06:00:00,530.0,153.01198367346947,50.60326530612256,44.04612244897957,63.51673469387757,51.748979591836765,50.43673469387745,83.63510204081634,51.461632653061145,1.1441691612244902,6.857142857142857,4.333027777777778,0.0123994949494949,95.07727886363637,0.1550126262626262,0.0925012626262626,0.041600505050505,0.2509924242424242,0.0371870454545454,300.0,11.50817706176836,26.567,105.0,87.52922987164527,0.3581514661045658,2.0037226634546617,0.9625930665863666,1.4512270000000005,0.45,0.94,30.85,0.18,45.26,21.31,1.64,0.1,18.68682734693877,3.358701820408164,24.0515516734694,180.34163265306125,183.6938775510204,182.43265306122444,183.3081632653061,186.7644897959184,43.726565102040816,1.0,406.8538775510208,522.7946938775517,684.608979591838,65.4102040816325,1480.895707070707,2.7995795061224484,1130.0740204081633,110227.37428571424,0.0,0.0,0.0,0.0,0.0,0.0,0.0,0.0,0.0,0.0,0.0,0.0,38.1232653061225,37.78612244897958,29.880816326530653,57.05142857142855,60.0,12.43,6.46,86.535,0.38,6.050000000000001,1.035,4.120430126530612,3.9449765348313823,57.319,0.135324935885134,61.05970236745232,0.0236756398401926,3.715253057450409,0.0691180934768575,0.03666672482074,0.0100635565868211,0.0578431061253685,4.313579615834191,0.2766661490954133,2.861213559203754,5546.970244897955,7.79,15.192778447486845,71.50999999999999,1.15,19.55,1268.5366040816327,99.29142857142864,2233.954138775511,89.605,2.52,1.961759082217973,10.26,5.13333333333333,79.28888888888889,54.96,8.99,37.71,70.71201942724426,0.049,2.27,0.23,0.026,0.049,5.23,0.16,1.1034760569454434,19.50336363636364,36.50114393939394,0.3609924242424242,0.4639949494949494,7.986055555555556,0.2610429292929292,0.2209924242424242,0.5269974747474748,33.087376262626265,0.9850378787878789,1.3448779068982382,0.0,0.3842013859510202,0.3070578220408163,1.3484020244897956,1.2333687396938775,,22.0,8.0,0.0,202.8556359183674,95.27408783673472,27.318181818181817,28.25
2026-03-19 07:00:00,530.0,163.0712384297523,50.459090909090726,44.085537190082746,65.76818181818183,51.70371900826465,50.52066115702472,67.59338842975204,51.26859504132246,1.158521669421488,6.229338842975206,4.331361111111111,0.0124297979797979,95.07914704545456,0.1542550505050505,0.092425505050505,0.041570202020202,0.2514469696969697,0.0373643181818181,300.0,11.506582708225556,30.928,105.0,87.5308503621314,0.3579685075012933,2.002677185721676,0.962566929643042,1.4381117892561988,0.4407008086253369,1.113,30.21248876909255,0.1762803234501347,44.32470799640611,20.869631626235403,1.6061096136567836,0.0979335130278526,18.918158925619853,3.3839579793388457,24.913302190082643,148.02520661157027,142.8760330578513,165.993388429752,159.13057851239668,179.62768595041317,43.1605142561984,1.0,406.68388429752014,522.7053719008247,684.8252066115695,65.40578512396672,1481.1532828282827,2.786195247933885,1227.344747933884,109702.66776859509,0.0,0.0,0.0,0.0,0.0,0.0,0.0,0.0,0.0,0.0,0.0,0.0,38.17024793388417,39.12809917355369,32.52727272727271,55.825619834710736,60.0,12.43,7.871,86.535,0.38,6.050000000000001,1.035,4.141544892561985,3.962875763026746,67.822,0.1347201498038984,61.01210064580815,0.0237089440004718,3.732297926926365,0.0691231458818672,0.0368097372533985,0.0101399398425289,0.0579851080770251,4.343773111969567,0.2793679484533042,2.869776768600159,5547.821632231405,7.79,14.73960493280959,71.50999999999999,1.15,19.55,1273.3547603305778,90.38752066115634,2321.5029462809903,105.455,2.52,1.961759082217973,10.26,5.13333333333333,79.28888888888889,54.96,8.99,37.71,71.11341278722968,0.049,2.27,0.23,0.026,0.049,5.23,0.16,1.1039592569610597,19.541545454545457,36.49250757575757,0.3614469696969697,0.4642979797979797,7.982722222222223,0.2584671717171717,0.2214469696969697,0.52714898989899,33.064800505050506,0.9827651515151516,1.34542394335813,0.0,0.6887375551652881,0.2795901115702479,1.3478587975206622,1.1511919828512407,,22.0,8.0,0.0,216.2691256198348,96.60693909194218,27.318181818181817,28.25
2026-03-19 08:00:00,530.0,171.79821138888877,50.27361111111091,43.91833333333315,56.4886111111111,51.47888888888885,49.88499999999979,64.15388888888891,50.90888888888864,1.148937326388888,6.354166666666667,4.329694444444445,0.012460101010101,95.08101522727272,0.1534974747474747,0.0923497474747474,0.0415398989898989,0.2519015151515151,0.0375415909090909,300.0,11.346483930122576,31.083,105.0,87.705961779751,0.3950361934176238,1.8510858025287131,0.9475542901264355,1.414722694444445,0.45,0.738,30.850000000000005,0.18,45.26,21.31,1.64,0.1,18.379967666666687,3.603378972222223,24.873915333333343,157.62777777777782,162.18749999999994,188.7555555555556,172.6835416666666,182.16333333333316,42.4925786944445,1.0,406.6166666666692,522.7405555555534,685.0830555555593,65.17250000000007,1481.4108585858585,2.760155375000002,1217.7941111111095,108385.56083333323,0.0,0.0,0.0,0.0,0.0,0.0,0.0,0.0,0.0,0.0,0.0,0.0,38.19500000000005,37.856388888888816,30.845555555555595,47.733055555555566,60.0,12.43,8.067,86.535,0.38,6.050000000000001,1.035,4.240085172222224,3.964701360831961,68.561,0.1353966540744738,61.00251834133107,0.0235792360088096,3.7393853648575712,0.0692129636382199,0.0369462230714254,0.010174589052085,0.0581036303437814,4.3470261518939335,0.2797620513119703,2.8656247721007566,5611.310813888887,8.3,15.970612269769449,70.35000000000001,1.21,20.14,1278.2099861111117,92.96145833333378,2277.6054444444458,106.586,2.74,1.988505747126437,10.38,5.13333333333333,79.28888888888889,54.79,9.21,37.71,71.00071362087606,0.05,2.2,0.2,0.028,0.048,5.22,0.16,1.1044424569766755,19.579727272727272,36.48387121212121,0.3619015151515151,0.46460101010101,7.979388888888889,0.2558914141414141,0.2219015151515151,0.5273005050505051,33.04222474747475,0.9804924242424242,1.345969979818022,0.0,0.8918813169444443,0.2657853477777777,1.345439083333334,1.1134296167361113,,22.0,8.0,0.0,214.05332444444429,97.76326300902775,27.318181818181817,28.25
2026-03-19 09:00:00,530.0,153.16873194444412,50.27083333333299,43.79638888888872,68.08861111111095,51.42722222222222,49.603333333333445,63.97638888888884,50.600000000000094,1.118469430277778,6.855555555555555,4.328027777777778,0.012490404040404,95.08288340909093,0.152739898989899,0.0922739898989899,0.0415095959595959,0.2523560606060606,0.0377188636363636,300.0,11.347816793893127,22.270000000000003,105.0,87.70458015267175,0.3950687022900763,1.85206106870229,0.9476030534351144,1.3756025194444443,0.45,0.408,30.85,0.18,45.26,21.31,1.64,0.1,17.919535944444462,3.560337922222224,24.735846388888906,194.4863888888888,184.1022222222222,210.46833333333345,201.9131944444444,218.59583333333325,42.01276616666666,1.0,406.6047222222246,522.809166666663,685.3755555555551,65.06138888888874,1481.6684343434345,2.6958670555555564,1201.9716027777777,108084.08944444451,0.0,0.0,0.0,0.0,0.0,0.0,0.0,0.0,0.0,0.0,0.0,0.0,38.00722222222223,38.668055555555554,33.75499999999993,47.42999999999999,60.0,12.43,5.384,86.535,0.38,6.050000000000001,1.035,4.306794919444439,3.990564254245352,48.347,0.1340368585434463,60.93684964940948,0.0237149771443936,3.7604926882743497,0.0691614784784991,0.0370726208451403,0.0102672761495025,0.0582403251494405,4.390539020001241,0.2835878958363497,2.88130597555174,5678.132047222219,8.3,15.357907523200998,70.35000000000001,1.21,20.14,1314.5277861111117,92.70574452760908,2288.411024999999,74.083,2.74,1.988505747126437,10.38,5.13333333333333,79.28888888888889,54.79,9.21,37.71,71.19233390420311,0.05,2.2,0.2,0.028,0.048,5.22,0.16,1.1049256569922916,19.61790909090909,36.475234848484845,0.3623560606060606,0.4649040404040404,7.976055555555556,0.2533156565656566,0.2223560606060606,0.5274520202020202,33.01964898989899,0.9782196969696968,1.3465160162779142,0.0,0.8236062974999985,0.2571331108333333,1.3203009722222214,1.0430542465972228,,22.0,8.0,0.0,215.4895986111112,95.29485698263883,27.318181818181817,28.25
2026-03-19 10:00:00,535.9583333333334,162.10270611111108,50.411111111110976,44.040277777778,63.3077777777777,51.59166666666689,50.36388888888904,71.39972222222231,50.72472222222235,1.1372113849999994,6.644444444444445,4.326361111111111,0.012520707070707,95.0847515909091,0.1519823232323232,0.0921982323232323,0.0414792929292929,0.252810606060606,0.0378961363636363,300.0,11.348959830039416,35.773,105.0,87.70339529812988,0.3950965812204736,1.8528974366142064,0.9476448718307102,1.361327647222221,0.45,0.66,30.85,0.18,45.26,21.31,1.64,0.1,18.095799583333328,3.5857044361111106,24.711853888888875,127.00777777777768,127.7230555555555,143.04833333333326,132.49333333333328,132.19416666666666,42.27499458333333,1.0,406.60111111111297,522.8924999999969,685.6824999999993,65.1597222222223,1481.9260101010102,2.6607228444444453,1258.6184027777765,110121.82138888886,0.0,0.0,0.0,0.0,0.0,0.0,0.0,0.0,0.0,0.0,0.0,0.0,38.19166666666651,36.03777777777773,30.395000000000064,46.82361111111112,60.0,12.43,8.583,86.535,0.38,6.050000000000001,1.035,4.257856274999998,4.008425611138093,74.124,0.1325992930764664,60.89468984404512,0.0238986023420214,3.771457827424316,0.0690656197722734,0.0370775996978036,0.0103131509362689,0.0582644757433489,4.420472586476715,0.2861500458690842,2.895529113377584,5720.225191666663,8.3,15.7361742299715,70.35000000000001,1.21,20.14,1350.220869444444,97.07533333333328,2327.634144444444,119.095,2.74,1.988505747126437,10.38,5.13333333333333,79.28888888888889,54.79,9.21,37.71,70.82325891098711,0.05,2.2,0.2,0.028,0.048,5.22,0.16,1.1054088570079077,19.65609090909091,36.46659848484848,0.362810606060606,0.4652070707070707,7.972722222222222,0.250739898989899,0.222810606060606,0.5276035353535353,32.99707323232323,0.9759469696969696,1.347062052737806,0.0,1.3947193963888884,0.2241162630555554,1.2995478166666674,1.0455970254166669,,22.0,8.0,0.0,229.4656291666667,96.47860855972222,27.318181818181817,28.25
2026-03-19 11:00:00,545.0,169.29563020833336,50.554166666666696,44.22083333333333,61.20208333333333,52.15833333333336,51.14895833333325,73.92604166666665,50.87604166666665,1.0913778333333328,6.510416666666667,4.324694444444444,0.0125510101010101,95.08661977272727,0.1512247474747474,0.0921224747474747,0.0414489898989899,0.2532651515151515,0.038073409090909,300.0,11.35135225904569,31.562,105.0,87.70091534123314,0.3951549331474558,1.8546479944236745,0.9477323997211836,1.3361106354166667,0.45,0.598,30.85,0.18,45.26,21.31,1.64,0.1,18.017307395833324,3.737762864583335,24.734159062499995,118.14374999999994,109.615625,128.4114583333334,121.98932291666668,131.78645833333337,42.140108125000005,1.0,406.6364583333329,522.9427083333336,685.88125,65.30625000000002,1482.183585858586,2.635513125,1270.9885208333333,108431.39166666668,0.0,0.0,0.0,0.0,0.0,0.0,0.0,0.0,0.0,0.0,0.0,0.0,38.38958333333339,35.17395833333336,30.825000000000003,43.51562500000003,60.0,12.43,7.374,86.535,0.38,6.050000000000001,1.035,4.357930510416667,3.972301219770574,66.078,0.1346912739489693,60.98517978752383,0.0236742637489028,3.743371924089712,0.0691608402191349,0.0369328672175308,0.0101906988710312,0.0581006991737038,4.359740609582614,0.2808371772753412,2.872314537364932,5760.218687499997,8.3,16.102924201456727,70.35000000000001,1.21,20.14,1352.2277395833337,95.11718750000011,2323.6083541666667,104.705,2.74,1.988505747126437,10.38,5.13333333333333,79.28888888888889,54.79,9.21,37.71,71.12161984155372,0.05,2.2,0.2,0.028,0.048,5.22,0.16,1.1058920570235238,19.69427272727273,36.45796212121212,0.3632651515151515,0.465510101010101,7.969388888888889,0.2481641414141414,0.2232651515151515,0.5277550505050506,32.97449747474747,0.9736742424242424,1.3476080891976985,0.0,1.0196036395833332,0.2447328770833332,1.2993185729166667,1.1367909528645832,,22.0,8.0,0.0,229.00786874999997,97.43167100260418,27.318181818181817,28.25
2026-03-19 13:00:00,540.0,152.5197642857143,55.33571428571428,46.3,66.14285714285714,85.65714285714286,58.642857142857146,66.07142857142857,55.057142857142864,1.144799857142857,7.5,4.321361111111111,0.0126116161616161,95.09035613636364,0.149709595959596,0.0919709595959595,0.0413883838383838,0.2541742424242424,0.0384279545454545,300.0,11.352685164817895,31.823,105.0,87.6995336706156,0.3951874430443389,1.8556232913301696,0.9477811645665084,1.4806132857142855,0.4499999999999999,0.592,30.850000000000005,0.18,45.26,21.31,1.64,0.1,18.453,3.510044571428572,23.635292142857136,181.93571428571428,186.15714285714284,190.5142857142857,184.6482142857143,179.98571428571427,43.83988999999999,1.0,406.6999999999999,523.3999999999999,686.9714285714284,66.96428571428571,1482.6987373737377,2.7800512142857143,1210.6120714285717,108124.3857142857,0.0,0.0,0.0,0.0,0.0,0.0,0.0,0.0,0.0,0.0,0.0,0.0,39.8,34.8,30.085714285714285,50.32142857142857,60.0,12.43,7.319,86.535,0.38,6.050000000000001,1.035,4.404196142857143,4.016128455764658,64.349,0.1316410511429859,60.87867441607484,0.0240387884815614,3.7737354115837074,0.0689833563847146,0.0370238853750641,0.0103206265831636,0.0582272140981211,4.433302149217548,0.2872006713391039,2.903965873595549,5823.202142857142,8.3,16.71235317160715,70.35000000000001,1.21,20.14,1220.5765000000004,93.85276608176883,2259.3814285714284,104.986,2.74,1.988505747126437,10.38,5.13333333333333,79.28888888888889,54.79,9.21,37.71,70.42867760996472,0.05,2.2,0.2,0.028,0.048,5.22,0.16,1.106858457054756,19.770636363636363,36.440689393939394,0.3641742424242424,0.4661161616161616,7.962722222222222,0.2430126262626262,0.2241742424242424,0.5280580808080808,32.92934595959596,0.969128787878788,1.348700162117482,0.0,0.2664930642857143,0.3358135071428571,1.2997115,1.4744401732142858,,22.0,8.0,0.0,211.9032,95.20886876785715,27.318181818181817,28.25
2026-03-19 14:00:00,535.8333333333334,176.43924,58.461944444444434,46.31138888888863,73.82916666666668,79.09888888888888,64.21166666666664,64.87694444444442,55.54972222222261,1.1398420569444454,6.433333333333334,4.319694444444444,0.0126419191919191,95.09222431818182,0.1489520202020202,0.091895202020202,0.0413580808080808,0.2546287878787879,0.0386052272727272,300.0,11.351336473358844,27.176,105.0,87.7009317044451,0.3951545481307035,1.8546364439211067,0.9477318221960552,1.4393067027777775,0.45,0.51,30.85,0.18,45.26,21.31,1.64,0.1,18.25163916666663,3.58438624722222,24.12314386111116,196.48361111111112,214.8708333333335,213.44666666666672,208.4841666666667,209.13555555555547,43.07168097222222,1.0,406.7686111111105,523.4569444444443,687.1475000000027,67.12694444444462,1482.9563131313132,2.738357516666666,1194.072177777777,109514.58138888892,0.0,0.0,0.0,0.0,0.0,0.0,0.0,0.0,0.0,0.0,0.0,0.0,39.44722222222211,34.852499999999885,28.71444444444444,58.06138888888888,60.0,12.43,6.246,86.535,0.38,6.050000000000001,1.035,4.358853341666663,3.9707574556111016,58.010000000000005,0.1336640234442337,60.99619772453025,0.0238660230994656,3.7340803309774175,0.0690298224444061,0.0367422858127909,0.0101448370970522,0.0579363213239096,4.356882778831236,0.280430822272022,2.878924323392518,5820.419041666672,8.3,16.583700606840004,70.35000000000001,1.21,20.14,1270.7454000000002,93.99100000000008,2254.957549999999,90.083,2.74,1.988505747126437,10.38,5.13333333333333,79.28888888888889,54.79,9.21,37.71,70.11870918854878,0.05,2.2,0.2,0.028,0.048,5.22,0.16,1.107341657070372,19.808818181818182,36.43205303030303,0.3646287878787879,0.4664191919191919,7.959388888888889,0.2404368686868687,0.2246287878787879,0.5282095959595959,32.906770202020205,0.9668560606060606,1.3492461985773745,0.0,0.431915500944445,0.2994646752777777,1.2990751666666658,1.3659795777777757,,22.0,8.0,0.0,213.99848444444436,98.3781993,27.318181818181817,28.25
2026-03-19 15:00:00,535.0,188.5358263888888,62.0330555555555,46.62944444444452,78.68583333333336,75.43416666666695,63.69583333333328,64.06888888888894,55.748055555555496,1.167122322777778,6.0,4.318027777777778,0.0126722222222222,95.0940925,0.1481944444444444,0.0918194444444444,0.0413277777777777,0.2550833333333333,0.0387825,300.0,11.355381742282766,27.309,105.0,87.69673843787763,0.3952532132264089,1.8575963967922664,0.9478798198396132,1.4707669333333333,0.45,0.507,30.85,0.18,45.26,21.31,1.64,0.1,17.828149138888904,3.6653324138888888,24.03411994444445,193.7047222222223,201.43888888888884,211.75888888888895,206.48395833333345,219.03333333333345,42.59008063888887,1.0,406.8958333333312,523.7286111111082,687.5205555555584,67.3680555555554,1483.213888888889,2.770085808333331,1204.854988888887,108225.55055555564,0.0,0.0,0.0,0.0,0.0,0.0,0.0,0.0,0.0,0.0,0.0,0.0,39.43999999999991,34.61638888888899,28.96694444444444,60.688333333333375,60.0,12.43,6.429,86.535,0.38,6.050000000000001,1.035,4.37558790277778,4.087298038111331,53.265,0.1297052473481648,60.68640120153947,0.0240866610344503,3.8449056603773584,0.0690601708438937,0.0376699521261616,0.0106413967896367,0.0588579179573829,4.553465502675302,0.2980186614099314,2.9348221158359147,5777.368413888881,8.3,16.5296900428194,70.35000000000001,1.21,20.14,1229.512386111111,87.67400000000018,2258.7342027777763,90.88,2.74,1.988505747126437,10.38,5.13333333333333,79.28888888888889,54.79,9.21,37.71,70.17531256532273,0.05,2.2,0.2,0.028,0.048,5.22,0.16,1.107824857085988,19.847,36.42341666666667,0.3650833333333333,0.4667222222222222,7.956055555555555,0.2378611111111111,0.2250833333333333,0.5283611111111112,32.88419444444445,0.9645833333333332,1.3497922350372662,0.0,0.3793716124500003,0.3036446197222219,1.299190322222222,1.2827230234027769,,22.0,8.0,0.0,211.6059866666668,99.98099699652776,27.318181818181817,28.25
2026-03-19 16:00:00,532.9027777777778,167.39151611111072,61.47527777777778,47.09916666666673,82.83472222222233,72.66722222222221,58.59555555555558,63.88111111111086,55.4844444444443,1.1490699861111102,6.0,4.316361111111111,0.0127025252525252,95.09596068181818,0.1474368686868687,0.0917436868686868,0.0412974747474747,0.2555378787878788,0.0389597727272727,300.0,11.468321723013997,31.294,105.0,87.59892663130313,0.4025503291365757,1.9275164568287853,0.9327516456828784,1.4546882055555548,0.45,0.607,30.85,0.18,45.26,21.31,1.64,0.1,17.92066952777778,3.367718027777778,24.193986527777785,185.9677777777779,215.63638888888903,224.7175,210.13493055555568,214.2180555555557,42.55153861111112,1.0,407.0180555555565,523.9605555555556,687.836111111107,67.70333333333325,1483.4714646464647,2.7537173111111084,1183.1501527777762,108423.83749999994,0.0,0.0,0.0,0.0,0.0,0.0,0.0,0.0,0.0,0.0,0.0,0.0,39.398055555555416,34.66500000000004,25.243888888888947,67.1305555555555,60.0,12.145,7.486,86.84,0.4,5.85,1.015,4.397539244444443,3.83956018957346,68.57499999999999,0.0717582209259934,60.8670890266132,0.0298542471746263,3.6106770689026617,0.0704083120670798,0.0438398833394094,0.0145064819540648,0.0612625009114108,4.820851330659862,0.3042710608822457,2.938285089318265,5818.920850000004,8.47,14.683583793266704,69.97999999999999,1.09,20.46,1243.728780555556,87.72000000000041,2293.017186111114,105.608,2.51,1.97196261682243,10.55,5.13333333333333,79.28888888888889,54.83,9.12,37.71,69.78718296405819,0.048,2.33,0.22,0.025,0.052,5.35,0.16,1.1083080571016042,19.88518181818182,36.4147803030303,0.3655378787878788,0.4670252525252525,7.9527222222222225,0.2352853535353535,0.2255378787878788,0.5285126262626263,32.86161868686869,0.962310606060606,1.350338271497158,0.0,0.434025361111111,0.3056182366666666,1.2990896416666666,1.2475138654861109,,22.0,8.0,0.0,208.8042547222223,97.17937588472216,27.318181818181817,28.25
2026-03-19 17:00:00,530.0,143.1364549999997,60.10027777777776,47.319722222222,85.39805555555557,66.87249999999996,56.2816666666668,64.30861111111113,55.14222222222236,1.1720541611111106,6.711111111111111,4.314694444444444,0.0127328282828282,95.09782886363637,0.1466792929292929,0.0916679292929292,0.0412671717171717,0.2559924242424242,0.0391370454545454,300.0,11.464665113132376,26.606,105.0,87.60286025708487,0.4024949259565512,1.9247462978275576,0.932474629782756,1.4796622916666669,0.45,0.522,30.85,0.18,45.26,21.31,1.64,0.1,18.245949611111108,3.223805658333338,23.922357555555557,139.71027777777778,151.66083333333333,154.88388888888895,155.90229166666666,177.35416666666654,43.268743888888864,1.0,407.18333333333214,524.1047222222259,688.0180555555582,67.96388888888882,1483.7290404040405,2.7789110000000004,1201.790099999998,109619.19361111114,0.0,0.0,0.0,0.0,0.0,0.0,0.0,0.0,0.0,0.0,0.0,0.0,39.38444444444437,34.92055555555547,24.26888888888889,73.2874999999999,60.0,12.145,6.577,86.84,0.4,5.85,1.015,4.368197447222223,3.8331873462810617,58.955,0.0716532948859299,60.88270833686709,0.0298682893732507,3.604015265880757,0.0703477228394538,0.0437228394538207,0.0144766007972182,0.0611778475108133,4.81296989229073,0.3034042235603426,2.936828089220592,5841.869938888891,8.47,14.044040034982194,69.97999999999999,1.09,20.46,1236.4673805555556,98.1164444444443,2334.2561277777795,90.711,2.51,1.97196261682243,10.55,5.13333333333333,79.28888888888889,54.83,9.12,37.71,70.06229694113743,0.048,2.33,0.22,0.025,0.052,5.35,0.16,1.1087912571172205,19.92336363636364,36.406143939393935,0.3659924242424242,0.4673282828282828,7.949388888888889,0.2327095959595959,0.2259924242424242,0.5286641414141414,32.83904292929293,0.9600378787878788,1.3508843079570505,0.0,0.4384476200833335,0.3076081336111109,1.299277708333335,1.2682538111111112,,22.0,8.0,0.0,212.70801277777767,93.96558028749996,27.318181818181817,28.25
2026-03-19 18:00:00,530.0,153.73983722222275,58.752777777777816,47.30666666666659,78.08277777777786,62.82638888888892,56.29166666666679,65.10555555555563,54.67694444444463,1.1901451294444445,6.291666666666667,4.313027777777777,0.0127631313131313,95.09969704545456,0.1459217171717171,0.0915921717171717,0.0412368686868686,0.2564469696969697,0.0393143181818181,300.0,11.46738096751637,31.462,105.0,87.59993865615664,0.4025360752653995,1.9268037632699764,0.9326803763269976,1.4983566388888887,0.45,0.609,30.85,0.18,45.26,21.31,1.64,0.1,18.1758541388889,3.2799479388888853,24.082392805555557,176.25694444444446,206.13305555555567,209.9605555555556,200.3506944444445,209.05222222222227,43.01197263888892,1.0,407.2661111111093,524.3008333333306,688.282222222219,67.95388888888904,1483.9866161616162,2.7975018638888867,1192.9315805555557,109615.98333333326,0.0,0.0,0.0,0.0,0.0,0.0,0.0,0.0,0.0,0.0,0.0,0.0,39.68638888888885,33.84000000000014,26.37027777777779,71.92972222222217,60.0,12.145,7.757,86.84,0.4,5.85,1.015,4.255835769444446,3.986234080228836,58.732,0.0733770346659402,60.56870751889941,0.030496952257713,3.7030295239392497,0.0719159912824354,0.0457602329224273,0.0151508206769733,0.0615831573929033,4.983237757951373,0.3175072532861132,3.0043042974868897,5693.718788888884,8.47,14.150752707363672,69.97999999999999,1.09,20.46,1221.5933027777785,92.0435,2320.3489166666645,105.72,2.51,1.97196261682243,10.55,5.13333333333333,79.28888888888889,54.83,9.12,37.71,70.0471518291148,0.048,2.33,0.22,0.025,0.052,5.35,0.16,1.1092744571328363,19.96154545454545,36.39750757575757,0.3664469696969697,0.4676313131313131,7.946055555555556,0.2301338383838383,0.2264469696969697,0.5288156565656565,32.81646717171717,0.9577651515151516,1.3514303444169422,0.0,0.3192659805888887,0.3082115574999998,1.2991228083333335,1.3126796687500009,,22.0,8.0,0.0,211.11119999999977,95.37052843194452,27.318181818181817,28.25
2026-03-19 19:00:00,530.0,149.90258861111084,57.47805555555555,46.935833333333065,73.05499999999996,63.804999999999936,57.42027777777782,69.53138888888891,54.01444444444434,1.173660058333332,6.354166666666667,4.311361111111111,0.0127934343434343,95.10156522727272,0.1451641414141414,0.0915164141414141,0.0412065656565656,0.2569015151515151,0.0394915909090909,300.0,11.463346492559976,26.344,105.0,87.60427877315517,0.4024749468569693,1.9237473428484664,0.9323747342848469,1.494213677777778,0.45,0.525,30.850000000000005,0.18,45.26,21.31,1.64,0.1,18.15846869444444,3.751752227777773,24.61945438888888,195.63888888888889,218.16888888888883,209.18194444444453,206.51041666666663,203.0519444444444,42.447673111111136,1.0,407.3611111111091,524.4891666666675,688.4263888888867,67.74972222222203,1484.244191919192,2.7932299027777754,1193.329572222221,110357.06944444444,0.0,0.0,0.0,0.0,0.0,0.0,0.0,0.0,0.0,0.0,0.0,0.0,39.79055555555554,33.710277777777655,25.353888888888893,68.01722222222216,60.0,12.145,6.24,86.84,0.4,5.85,1.015,4.244063261111109,3.839616503845354,57.732,0.0717071987805722,60.87093830111549,0.0299171516663202,3.606757257673388,0.0704162336312616,0.0437904455068246,0.0145039146400609,0.06115703595926,4.81968059308529,0.3038405736853045,2.940417792558719,5662.406880555559,8.47,13.944688305548588,69.97999999999999,1.09,20.46,1231.74393611111,93.025,2275.4338388888887,90.288,2.51,1.97196261682243,10.55,5.13333333333333,79.28888888888889,54.83,9.12,37.71,70.06378610678796,0.048,2.33,0.22,0.025,0.052,5.35,0.16,1.1097576571484524,19.999727272727277,36.38887121212121,0.3669015151515151,0.4679343434343434,7.942722222222222,0.2275580808080808,0.2269015151515151,0.5289671717171718,32.79389141414141,0.9554924242424242,1.351976380876834,0.0,0.1755931675722218,0.3205536319444443,1.2990606916666676,1.3871339361111137,,22.0,8.0,0.0,212.45718027777795,94.8620929909722,27.318181818181817,28.25
2026-03-19 20:00:00,530.9444444444445,167.2505469444447,56.801944444444445,46.516111111110966,84.07250000000003,65.49777777777781,55.7527777777779,70.56361111111129,53.720277777777845,1.1329377961111111,5.791666666666667,4.309694444444444,0.0128237373737373,95.10343340909093,0.1444065656565656,0.0914406565656565,0.0411762626262626,0.2573560606060606,0.0396688636363636,300.0,11.462843424913313,26.243,105.0,87.60481995198718,0.4024673246198986,1.923366230994932,0.9323366230994932,1.4381015055555548,0.45,0.534,30.85,0.18,45.26,21.31,1.64,0.1,18.32219374999999,3.78829890555556,24.375169333333304,172.66555555555564,191.2633333333333,195.8977777777777,190.5172222222222,202.24222222222215,42.91135816666667,1.0,407.4002777777753,524.590833333336,688.4433333333303,67.54305555555551,1484.5017676767677,2.73741313888889,1199.0191666666683,110127.56583333336,0.0,0.0,0.0,0.0,0.0,0.0,0.0,0.0,0.0,0.0,0.0,0.0,39.23861111111127,33.97555555555558,26.141388888888937,74.86333333333341,60.0,12.145,6.114,86.84,0.4,5.85,1.015,4.236595380555557,3.811120644518384,59.207,0.0714011856706132,60.92825628726334,0.0297819852382319,3.589465265931393,0.0701221139392301,0.0434256084584593,0.0143791950276149,0.061112098231628,4.788334825274038,0.3013406522877362,2.927245089263094,5641.946686111114,8.47,14.181173875419509,69.97999999999999,1.09,20.46,1280.0477972222222,84.79000000000028,2274.973872222224,90.527,2.51,1.97196261682243,10.55,5.13333333333333,79.28888888888889,54.83,9.12,37.71,70.47920038708989,0.048,2.33,0.22,0.025,0.052,5.35,0.16,1.1102408571640685,20.037909090909093,36.38023484848485,0.3673560606060606,0.4682373737373737,7.939388888888889,0.2249823232323232,0.2273560606060606,0.5291186868686869,32.771315656565655,0.9532196969696968,1.3525224173367263,0.0,0.2616584569055554,0.3051637230555553,1.2992205055555537,1.349265877777776,,22.0,8.0,0.0,216.3716991666668,97.16069747013891,27.318181818181817,28.25
2026-03-19 21:00:00,537.625,156.43684083333326,56.04138888888866,46.08083333333333,86.20805555555556,65.49861111111112,55.21972222222222,69.06666666666665,53.941666666666364,1.156479780555555,6.566666666666666,4.308027777777777,0.0128540404040404,95.1053015909091,0.1436489898989899,0.0913648989898989,0.0411459595959596,0.2578106060606061,0.0398461363636363,300.0,11.464401372773333,30.595,105.0,87.60314397777415,0.402490929890505,1.9245464945252493,0.932454649452525,1.437670088888889,0.45,0.609,30.85,0.18,45.26,21.31,1.64,0.1,18.46925627777777,3.610918183333335,24.658155333333337,157.27277777777778,171.77194444444442,197.76027777777784,182.1743055555556,201.8922222222223,42.824949166666656,1.0,407.4236111111086,524.6227777777822,688.4038888888855,67.41583333333327,1484.7593434343437,2.736705836111112,1220.3217416666685,110285.46027777776,0.0,0.0,0.0,0.0,0.0,0.0,0.0,0.0,0.0,0.0,0.0,0.0,39.50250000000006,36.62305555555551,27.89444444444446,67.9694444444445,60.0,12.145,7.36,86.84,0.4,5.85,1.015,4.209372266666666,3.834483590805488,67.127,0.0716891861694996,60.87841464686342,0.0298477810716999,3.6064845740164166,0.0703579781607996,0.0437607818016595,0.0144834716284058,0.0612248126685238,4.8149203748119245,0.3037032490652048,2.9365307551357875,5649.067963888885,8.47,15.039212130353285,69.97999999999999,1.09,20.46,1279.7998472222232,96.13599999999994,2294.430355555557,105.465,2.51,1.97196261682243,10.55,5.13333333333333,79.28888888888889,54.83,9.12,37.71,70.64955668925997,0.048,2.33,0.22,0.025,0.052,5.35,0.16,1.1107240571796846,20.07609090909091,36.37159848484848,0.367810606060606,0.468540404040404,7.936055555555556,0.2224065656565656,0.227810606060606,0.529270202020202,32.748739898989896,0.9509469696969696,1.3530684537966182,0.0,0.5441936735555551,0.2811903227777777,1.2989992111111102,1.317336456944444,,22.0,8.0,0.0,218.93162111111124,95.72788141041666,27.318181818181817,28.25
2026-03-19 22:00:00,540.0,157.143604166667,55.16027777777792,45.7827777777777,85.4597222222222,64.7544444444444,53.92499999999977,65.38888888888845,54.202500000000285,1.1845203863888885,7.0,4.306361111111111,0.0128843434343434,95.10716977272727,0.1428914141414141,0.0912891414141414,0.0411156565656565,0.2582651515151515,0.040023409090909,300.0,11.466174421218252,26.694,105.0,87.60123660747733,0.4025177942608826,1.92588971304413,0.9325889713044132,1.4698719444444448,0.45,0.521,30.850000000000005,0.18,45.26,21.31,1.64,0.1,18.155768083333346,3.654706786111107,24.224030722222228,176.7616666666667,190.0325,186.29916666666665,186.73555555555555,193.8488888888888,42.84090730555553,1.0,407.4627777777769,524.6925000000023,688.4252777777749,67.1449999999998,1485.0169191919192,2.721924705555553,1212.7374249999998,109751.3438888889,0.0,0.0,0.0,0.0,0.0,0.0,0.0,0.0,0.0,0.0,0.0,0.0,39.90249999999976,37.364444444444295,21.21888888888889,67.37666666666655,60.0,12.145,6.732,86.84,0.4,5.85,1.015,4.206085894444446,3.80639244657714,57.934,0.0712942313667276,60.94207874477853,0.0298277177477819,3.582293471881797,0.070081299409673,0.0433104912486622,0.0143554389477681,0.060989781475472,4.781792384437463,0.3004520316221907,2.927351814133324,5636.349086111106,8.47,16.104076555000017,69.97999999999999,1.09,20.46,1247.5794916666669,92.9610046195551,2270.5428333333352,90.263,2.51,1.97196261682243,10.55,5.13333333333333,79.28888888888889,54.83,9.12,37.71,70.4288587819168,0.048,2.33,0.22,0.025,0.052,5.35,0.16,1.111207257195301,20.114272727272727,36.36296212121212,0.3682651515151515,0.4688434343434343,7.932722222222222,0.219830808080808,0.2282651515151515,0.5294217171717172,32.726164141414145,0.9486742424242424,1.35361449025651,0.0,0.4700617333111109,0.2853515644444445,1.2520700444444437,1.3037687375000016,,22.0,8.0,0.0,217.81393166666675,95.82152755208338,27.318181818181817,28.25
2026-03-19 23:00:00,538.6527777777778,166.38847750000022,54.576111111111146,45.63611111111136,83.83277777777796,64.56027777777776,53.29805555555527,64.32611111111112,54.57027777777813,1.1455294522222212,6.645833333333333,4.304694444444444,0.0129146464646464,95.10903795454546,0.1421338383838384,0.0912133838383838,0.0410853535353535,0.258719696969697,0.0402006818181818,300.0,11.463699860566166,30.839,105.0,87.60389863484548,0.4024803009176692,1.924015045883459,0.932401504588346,1.4218640527777782,0.45,0.615,30.85,0.18,45.26,21.31,1.64,0.1,18.03824325000001,3.676400119444441,24.173659722222183,153.1211111111112,159.1930555555556,176.19527777777773,165.90812499999998,175.1230555555554,42.732975111111095,1.0,407.516111111112,524.7294444444431,688.4183333333303,67.04000000000018,1485.274494949495,2.721024549999996,1203.9633388888883,109958.4911111112,0.0,0.0,0.0,0.0,0.0,0.0,0.0,0.0,0.0,0.0,0.0,0.0,40.18166666666646,37.66055555555568,29.90555555555551,66.61750000000013,60.0,12.145,8.069,86.84,0.4,5.85,1.015,4.163408086111116,3.774601017160872,67.246,0.0708180412217827,61.01637093656128,0.0298404514766677,3.552678672337388,0.0697723284656336,0.0427725069149094,0.014208949231181,0.060664069238319,4.743603188293728,0.2965261874312226,2.918155726734676,5588.041508333331,8.47,16.188766918362493,69.97999999999999,1.09,20.46,1291.4760861111115,97.29500000000006,2262.216961111112,105.195,2.51,1.97196261682243,10.55,5.13333333333333,79.28888888888889,54.83,9.12,37.71,70.71065592100746,0.048,2.33,0.22,0.025,0.052,5.35,0.16,1.1116904572109167,20.152454545454543,36.35432575757576,0.368719696969697,0.4691464646464646,7.929388888888889,0.2172550505050505,0.228719696969697,0.5295732323232324,32.70358838383839,0.946401515151515,1.3541605267164023,0.0,0.67900511638889,0.2763346041666668,1.299110130555556,1.2692939965277752,,22.0,8.0,0.0,217.46764416666676,97.04647326875003,27.318181818181817,28.25
2026-03-20 00:00:00,530.0,153.82571722222215,53.6475,45.47083333333324,80.64833333333355,62.19166666666648,52.69611111111132,63.42749999999997,54.67250000000006,1.1801262777777777,6.5,4.3030277777777775,0.0129449494949494,95.11090613636364,0.1413762626262626,0.0911376262626262,0.0410550505050505,0.2591742424242424,0.0403779545454545,300.0,11.410592826732035,31.004,105.0,87.62693329892917,0.357317120371565,1.9989549735518,0.9624738743387948,1.4756943138888892,0.45,0.607,30.85,0.18,45.26,21.31,1.64,0.1,18.31360894444446,3.4109921749999974,24.53006916666669,164.7086111111111,183.40416666666675,194.1883333333333,180.29534722222223,178.8802777777777,42.74507291666672,1.0,407.6383333333345,524.8327777777764,688.434999999997,66.87611111111106,1485.5320707070707,2.776495741666668,1217.843311111109,109353.39638888884,0.0,0.0,0.0,0.0,0.0,0.0,0.0,0.0,0.0,0.0,0.0,0.0,40.28555555555549,37.78555555555559,27.958333333333385,66.00944444444445,60.0,12.145,8.075,86.84,0.4,5.85,1.015,4.127780288888888,3.734906869054488,67.593,0.070277099699673,61.10501516429217,0.0297912949565783,3.519808855946622,0.0693789297708342,0.0421528856538398,0.0140289674966342,0.0603670202535765,4.697201189472283,0.2920766943322533,2.9044856715932124,5509.52785,7.94,14.638055250866662,70.37,1.33,20.36,1235.890344444445,95.16,2310.6877305555568,106.16,2.41,1.992307692307692,10.36,5.15555555555556,80.19888888888889,55.04,9.4,32.44,70.91,0.05,2.19,0.22,0.027,0.051,5.2,0.15,1.1121736572265328,20.190636363636365,36.3456893939394,0.3691742424242424,0.4694494949494949,7.926055555555555,0.2146792929292929,0.2291742424242424,0.5297247474747475,32.68101262626263,0.9441287878787878,1.3547065631762942,0.0,0.509710170444445,0.2955680822222222,1.3007468055555558,1.2387193298611134,,22.0,8.0,0.0,214.51456750000025,95.38190753194444,27.318181818181817,28.25
2026-03-20 01:00:00,530.0,154.11951777777753,52.88666666666651,45.34527777777743,64.12388888888897,60.98277777777784,52.427222222222,64.72555555555569,54.39638888888882,1.178222972777779,6.5,4.301361111111111,0.0129752525252525,95.11277431818182,0.1406186868686869,0.0910618686868686,0.0410247474747474,0.2596287878787879,0.0405552272727272,300.0,11.41204769057454,26.630000000000003,105.0,87.62545850544498,0.357456627863312,1.9997521592189256,0.9624938039804732,1.4463641027777765,0.45,0.512,30.85,0.18,45.26,21.31,1.64,0.1,18.48772719444442,3.515424069444437,24.60028486111111,148.1263888888889,146.42972222222218,179.60749999999996,161.12416666666664,170.3330555555555,42.90733691666664,1.0,407.7155555555544,524.9149999999985,688.4769444444448,66.74805555555524,1485.7896464646465,2.7552042722222194,1207.4473222222225,111158.06805555549,0.0,0.0,0.0,0.0,0.0,0.0,0.0,0.0,0.0,0.0,0.0,0.0,39.80722222222205,36.17944444444441,31.2361111111111,50.813055555555536,60.0,12.145,6.642,86.84,0.4,5.85,1.015,4.071941822222228,3.7267318779107015,57.761,0.0701421374283686,61.12507937881962,0.0298097505237097,3.5112352625473937,0.0693012586347189,0.0420023891553124,0.0139906165059469,0.0602576825193469,4.687082287356521,0.2909616523259639,2.90263153338758,5554.801583333329,7.94,14.666013311733312,70.37,1.33,20.36,1282.3679305555552,95.16,2308.6578750000017,91.228,2.41,1.992307692307692,10.36,5.15555555555556,80.19888888888889,55.04,9.4,32.44,70.91,0.05,2.19,0.22,0.027,0.051,5.2,0.15,1.112656857242149,20.228818181818184,36.33705303030303,0.3696287878787879,0.4697525252525252,7.922722222222222,0.2121035353535353,0.2296287878787878,0.5298762626262626,32.65843686868687,0.9418560606060604,1.3552525996361862,0.0,0.7507402697222231,0.268141141111111,1.3088102555555554,1.2099455848611091,,22.0,8.0,0.0,218.44224999999983,95.42083610555552,27.318181818181817,28.25
2026-03-20 02:00:00,532.4930362116992,156.5845883008357,52.60389972144857,45.18467966573841,49.01782729805012,59.67103064066838,52.58161559888603,64.63983286908076,53.82451253481882,1.136645703899721,6.5,4.284416666666666,0.0129083333333333,95.14076416666668,0.1387166666666666,0.0914583333333333,0.0428333333333333,0.2499166666666666,0.0389858333333333,300.0,11.412470626106549,31.065,105.0,87.62502977627555,0.3574971833252857,1.999983904715918,0.962499597617898,1.4197539498607237,0.45,0.604,30.850000000000005,0.18,45.26,21.31,1.64,0.1,18.363147493036227,3.4514275654596105,24.505547242339823,153.4598885793872,161.2487465181058,178.35487465181066,165.59811977715876,169.3289693593314,42.8363574930362,1.0,407.8445682451239,524.9961002785517,688.5490250696395,66.61727019498622,1483.9833333333331,2.72859595821727,1215.8672952646202,111189.27214484663,0.0,0.0,0.0,0.0,0.0,0.0,0.0,0.0,0.0,0.0,0.0,0.0,39.62339832869103,33.972144846796745,38.7899721448468,35.57158774373264,60.0,12.145,7.622,86.84,0.4,5.85,1.015,4.129729476323118,3.649734981539888,66.901,0.0689941854381847,61.304599781767095,0.0298340981450202,3.43991988161612,0.06855218905547,0.0407046232492787,0.0136361190415688,0.0594797686133241,4.594718165647748,0.2814986323074393,2.8801408050701784,5694.400328690811,7.94,14.900589422707505,70.37,1.33,20.36,1307.7720835654598,95.16,2313.297910863511,106.133,2.41,1.992307692307692,10.36,5.15555555555556,80.19888888888889,55.04,9.4,32.44,70.91,0.05,2.19,0.22,0.027,0.051,5.2,0.15,1.109362105439348,20.222416666666668,36.26858333333333,0.3846666666666666,0.47275,7.905333333333333,0.2200833333333333,0.2309166666666667,0.52725,32.695,0.973,1.3511664369794247,0.0,0.5925313284122558,0.2831082158774373,1.308914832869082,1.1758726018802237,,22.0,8.0,0.0,221.4585309192203,95.74745794986072,27.318181818181817,28.25
2026-03-20 03:00:00,536.5555555555555,148.68842416666664,52.95555555555562,45.07888888888895,37.7705555555556,57.93722222222224,52.92972222222222,62.67944444444433,53.34583333333311,1.1798996000000002,7.5625,4.199416666666666,0.0124083333333333,95.28511416666667,0.1317166666666666,0.0939583333333333,0.0528333333333333,0.1949166666666666,0.0296358333333333,300.0,11.4127494675271,31.457,105.0,87.62474711510951,0.3575239215436946,2.000136694535397,0.962503417363385,1.4715958083333347,0.45,0.598,30.85,0.18,45.26,21.31,1.64,0.1,18.30767791666667,3.6049865388888898,24.7072729722222,147.00083333333347,162.31583333333313,172.74861111111107,163.4420833333333,171.70305555555558,42.55969558333332,1.0,407.9447222222216,525.1502777777803,688.6686111111144,66.59750000000008,1472.9833333333331,2.780293480555556,1213.0046805555564,110551.61833333336,0.0,0.0,0.0,0.0,0.0,0.0,0.0,0.0,0.0,0.0,0.0,0.0,39.623611111111344,37.104166666666615,43.730833333333344,33.324444444444495,60.0,12.145,7.412,86.84,0.4,5.85,1.015,4.148796649999997,3.679497957668028,67.325,0.0694086891942072,61.237450427033046,0.029860155959896,3.465247679168214,0.0688458967694021,0.0411778685480876,0.0137715558856294,0.0597206981062012,4.629723282584477,0.284909974006684,2.8900274786483475,5688.726452777775,7.94,16.46168368148808,70.37,1.33,20.36,1253.309069444444,95.78761099484385,2263.993222222221,106.166,2.41,1.992307692307692,10.36,5.15555555555556,80.19888888888889,55.04,9.4,32.44,70.91,0.05,2.19,0.22,0.027,0.051,5.2,0.15,1.0892382955363251,20.01741666666667,35.93358333333333,0.4646666666666667,0.48775,7.825333333333333,0.2750833333333333,0.2359166666666666,0.51225,32.995000000000005,1.153,1.3264459328030247,0.0,0.5596547044444447,0.2916961955555554,1.3086553583333336,1.1255977506944448,,22.0,8.0,0.0,216.01211361111103,94.70121620208332,27.318181818181817,28.25
2026-03-20 04:00:00,540.6944444444445,150.16089916666655,52.87250000000001,44.81305555555572,34.89277777777774,56.47027777777765,54.15583333333341,59.94472222222221,52.72333333333355,1.1276418688888878,7.294444444444444,4.1593333333333335,0.012,95.35920952380953,0.1274666666666666,0.0954761904761904,0.0588,0.1636190476190476,0.024095238095238,300.0,11.414312683051064,31.412000000000003,105.0,87.62316248567426,0.3576738189227046,2.0009932509868835,0.962524831274672,1.392989577777778,0.4499999999999999,0.603,30.85,0.18,45.26,21.31,1.64,0.1,18.46559116666671,3.690650727777775,24.67920580555556,155.78138888888884,148.2533333333334,182.45666666666676,164.6234027777778,172.00222222222226,42.79868702777777,1.0,407.9888888888879,525.206944444447,688.7052777777805,66.46694444444461,1462.428571428571,2.6973941694444474,1222.829608333333,109422.39444444436,0.0,0.0,0.0,0.0,0.0,0.0,0.0,0.0,0.0,0.0,0.0,0.0,39.64111111111134,38.42888888888887,46.518333333333246,30.018611111111117,60.0,12.145,7.311,86.84,0.4,5.85,1.015,4.181005555555558,3.725151550717408,68.162,0.0700767289692203,61.131975880989415,0.0298610222704732,3.5065665620140254,0.0692918341597957,0.0419350958011795,0.0139810598280566,0.0601561573897479,4.684187377130953,0.2904144831431002,2.903877527067868,5673.682508333339,7.94,16.04673593264144,70.37,1.33,20.36,1310.8898611111117,95.79006355637289,2281.667255555555,106.361,2.41,1.992307692307692,10.36,5.15555555555556,80.19888888888889,55.04,9.4,32.44,70.91,0.05,2.19,0.22,0.027,0.051,5.2,0.15,1.0707118412664731,19.81857142857143,35.640095238095235,0.5247619047619048,0.4989523809523809,7.758952380952381,0.3231428571428571,0.2379047619047619,0.4979047619047619,33.28714285714286,1.3115238095238095,1.3038077409265978,0.0,0.8631028305555543,0.2653476941666667,1.304416202777778,1.0764328283333322,,22.0,8.0,0.0,220.44387083333328,94.89631913958333,27.318181818181817,28.25
2026-03-20 05:00:00,545.0,188.34871722222252,53.11111111111097,44.38472222222202,42.60944444444444,55.25083333333329,55.57611111111115,57.11722222222235,51.861944444444696,1.1251566625,6.294444444444444,4.319333333333334,0.012,95.12035238095238,0.1354666666666666,0.0926190476190476,0.0468,0.2379047619047619,0.0355238095238095,300.0,11.415562217548883,22.349,105.0,87.62189583426552,0.357793637299208,2.001677927424045,0.9625419481856008,1.4451020249999993,0.45,0.443,30.85,0.1799999999999999,45.260000000000005,21.31,1.64,0.1,18.491392000000005,3.942788686111108,25.1923706388889,212.61138888888905,211.13972222222225,227.75694444444431,217.70416666666668,219.30861111111116,42.327421444444425,1.0,407.9208333333309,525.1838888888919,688.7116666666698,66.21888888888896,1453.857142857143,2.744297299999997,1199.1640305555572,108630.6133333333,0.0,0.0,0.0,0.0,0.0,0.0,0.0,0.0,0.0,0.0,0.0,0.0,39.79555555555537,38.9594444444444,47.52472222222222,28.310000000000027,60.0,12.145,5.141,86.84,0.4,5.85,1.015,4.185626530555553,3.987775088028169,45.44,0.0735693221830986,60.552119278169016,0.0302910431338028,3.7174240757042254,0.0719069102112676,0.0459507042253521,0.0151671434859154,0.0619448943661971,4.989128961267606,0.3191246478873239,2.9978455105633808,5624.187719444448,7.94,17.36831403430183,70.37,1.33,20.36,1255.5655166666666,92.21360405555636,2204.304988888888,78.46,2.41,1.992307692307692,10.36,5.15555555555556,80.19888888888889,55.04,9.4,32.44,70.91,0.05,2.19,0.22,0.027,0.051,5.2,0.15,1.0593008802716557,19.647142857142857,35.531523809523804,0.4961904761904762,0.4932380952380952,7.753238095238095,0.3402857142857142,0.2264761904761904,0.4864761904761904,33.544285714285714,1.3743809523809525,1.2904453038409591,0.0,0.3496310957222229,0.3199453761111108,1.2990588916666657,1.0780187810416653,,22.0,8.0,0.0,212.9114497222222,99.95620503194448,27.318181818181817,28.25
2026-03-20 06:00:00,549.0688259109312,178.0498943319839,54.18502024291495,44.50040485829958,57.58340080971664,55.67125506072874,55.39514170040475,56.04898785425105,51.78380566801624,1.1358207125506077,6.287449392712551,4.41,0.012,94.98949491525424,0.14,0.0913525423728813,0.0412338983050847,0.2747118644067797,0.0412067796610169,300.0,11.412948460188288,31.335,105.0,87.62454539652146,0.3575430030317536,2.0002457316100206,0.9625061432902504,1.429885951417005,0.45,0.601,30.85,0.18,45.26,21.31,1.64,0.1,18.355580080971645,3.7855422672064782,25.28069514170041,163.2765182186234,160.4481781376518,174.9882591093117,164.9207489878542,160.9700404858299,42.06536566801618,1.0,407.8574898785429,525.1392712550611,688.6939271255052,66.26720647773271,1450.8508474576272,2.729085732793524,1233.7693036437254,107008.03643724692,0.0,0.0,0.0,0.0,0.0,0.0,0.0,0.0,0.0,0.0,0.0,0.0,40.08340080971669,37.77975708502025,41.32348178137652,38.58016194331985,60.0,12.145,7.213,86.84,0.4,5.85,1.015,4.236300251012145,3.693781786693607,69.28999999999999,0.069714100158753,61.1970512339443,0.0297434694761148,3.485558233511329,0.0689717130899119,0.0415084427767354,0.0138423582046471,0.0600540337711069,4.649065377399337,0.2874452301919469,2.890427190070717,5619.484680161944,7.94,16.40037684796362,70.37,1.33,20.36,1249.8598785425106,92.1111293522268,2269.941643724697,105.774,2.41,1.992307692307692,10.36,5.15555555555556,80.19888888888889,55.04,9.4,32.44,70.91,0.05,2.19,0.22,0.027,0.051,5.2,0.15,1.0551082838617132,19.58613559322034,35.51142372881356,0.4676610169491525,0.49,7.743830508474576,0.3438305084745762,0.22,0.4817627118644068,33.65738983050847,1.389728813559322,1.2851868501449208,0.0,0.8433493789473683,0.2940652376518217,1.298969481781377,1.063262224493927,,22.0,8.0,0.0,215.6217603238868,98.59161099898787,27.318181818181817,28.25
2026-03-20 07:00:00,545.2439024390244,184.89136626016244,55.00325203252032,44.53333333333325,55.46991869918696,57.06910569105718,54.86504065040641,56.46178861788621,51.68943089430893,1.1378301459349585,6.5,4.41,0.012,94.99986779661018,0.14,0.0921661016949152,0.0440813559322033,0.2625084745762712,0.0393762711864406,300.0,11.42263797605114,33.321,105.0,87.61472314756459,0.3584721346898352,2.0055550553704866,0.962638876384262,1.4231452154471544,0.45,0.605,30.85,0.18,45.26,21.31,1.64,0.1,17.91620865853657,3.964496760162601,24.6233488617886,166.04065040650406,159.85121951219523,180.51504065040643,169.78607723577238,172.73739837398384,42.12023069105692,1.0,407.8589430894304,525.104065040651,688.6447154471566,66.23983739837419,1455.122033898305,2.7219716056910555,1224.032170731708,109881.51869918696,0.0,0.0,0.0,0.0,0.0,0.0,0.0,0.0,0.0,0.0,0.0,0.0,40.197560975609846,38.03008130081289,40.82073170731704,38.6443089430894,60.0,12.145,7.343,86.84,0.4,5.85,1.015,4.118145540650408,3.6957017711191655,68.149,0.0696793790077624,61.19743679290965,0.0298197185578658,3.4824849961114617,0.0689993983770855,0.0414792586831795,0.0138477453814436,0.0599439170053852,4.649856050712409,0.2871469280547036,2.893572906425626,5600.244353658532,7.94,17.606280352123918,70.37,1.33,20.36,1289.8746747967475,95.22499999999974,2237.604934959349,109.577,2.41,1.992307692307692,10.36,5.15555555555556,80.19888888888889,55.04,9.4,32.44,70.91,0.05,2.19,0.22,0.027,0.051,5.2,0.15,1.0603550872935317,19.66952542372881,35.60701694915254,0.4391864406779661,0.49,7.729593220338983,0.329593220338983,0.22,0.4858305084745762,33.582135593220336,1.342949152542373,1.2905259131891282,0.0,0.7062126012195128,0.2853150512195123,1.298967402439023,1.1330396792682924,,22.0,8.0,0.0,221.01953333333327,99.49810602947151,27.318181818181817,28.25
2026-03-20 08:00:00,545.0,100.25511,54.9611111111112,44.264166666667,54.99583333333332,57.00999999999993,56.65916666666681,57.21666666666656,51.14694444444468,1.1340718922222237,6.5,4.41,0.012,95.0102406779661,0.14,0.0929796610169491,0.046928813559322,0.2503050847457627,0.0375457627118644,300.0,11.511634460027144,30.946,105.0,87.55395010663736,0.3815323466683901,2.1576617333419503,0.9344154333354876,1.40828825,0.45,0.634,30.85,0.18,45.26,21.31,1.64,0.0999999999999999,18.08574494444445,2.9366158749999998,24.55615866666667,185.7911111111111,175.41388888888892,204.1941666666666,189.71013888888888,193.44138888888895,42.40899313888889,1.0,407.8980555555528,525.1911111111135,688.7322222222241,65.95805555555572,1459.3932203389832,2.7071437388888864,1189.417875,108667.79000000004,0.0,0.0,0.0,0.0,0.0,0.0,0.0,0.0,0.0,0.0,0.0,0.0,39.93805555555549,37.64972222222223,40.42277777777777,39.73388888888885,60.0,12.405,6.398,86.58500000000001,0.4,6.449999999999999,1.01,2.9475945638888903,4.135615872852056,58.137,0.0285587491614634,60.74322772072862,0.0288904140220513,3.8160396993308905,0.0460773689732872,0.0671402033128644,0.0154193542838467,0.0637524640074307,4.820670313225657,0.3108078848237783,2.686683179386621,3914.918683333332,7.84,9.54679284974994,71.14,1.07,19.95,1289.0252416666656,95.22499999999935,2351.685713888888,93.03,2.58,1.97196261682243,10.48,5.15555555555556,80.19888888888889,54.58,9.05,32.44,70.91,0.051,2.19,0.23,0.028,0.052,5.55,0.16,1.06560189072535,19.75291525423729,35.70261016949152,0.4107118644067796,0.49,7.71535593220339,0.3153559322033898,0.22,0.4898983050847457,33.5068813559322,1.2961694915254236,1.2958649762333354,0.0,0.6854865780555559,0.274216345277778,1.2989859749999997,1.1240661641666685,,22.0,8.0,0.0,213.73317527777772,88.283802075,27.318181818181817,28.25
2026-03-20 09:00:00,535.5555555555555,130.79214158333343,55.1397222222221,44.32749999999992,69.50666666666682,56.42277777777764,89.76749999999994,57.01277777777776,50.961388888888784,1.1367942388888883,6.147222222222222,4.41,0.012,95.02061355932204,0.14,0.093793220338983,0.0497762711864406,0.2381016949152542,0.0357152542372881,300.0,11.513492210741818,31.261,105.0,87.55194491538977,0.3816502990947187,2.158251495473593,0.9345628738683984,1.3768392944444456,0.45,0.637,30.85,0.18,45.26,21.31,1.64,0.1,17.871359166666668,3.215711769444446,24.307171111111096,149.39722222222235,142.23750000000007,174.20416666666668,156.34750000000008,159.5511111111112,42.37834836111112,1.0,407.919166666665,525.1900000000026,688.6313888888928,66.03166666666642,1463.664406779661,2.672453647222225,1198.9474277777772,107967.71527777782,0.0,0.0,0.0,0.0,0.0,0.0,0.0,0.0,0.0,0.0,0.0,0.0,39.594722222222416,39.01611111111115,33.86416666666669,59.78111111111117,60.0,12.405,6.56,86.58500000000001,0.4,6.449999999999999,1.01,3.4540748222222217,4.136653874332764,57.326,0.0287037295468024,60.735265150193634,0.0289384572445312,3.816630673690821,0.0462486480828943,0.0672467990091756,0.0154252520671248,0.0636944667341171,4.826535254509298,0.3111287199525521,2.6878414680947564,4582.900222222225,7.84,11.778721539953848,71.14,1.07,19.95,1313.5131027777782,90.0567985000009,2312.700925,92.781,2.58,1.97196261682243,10.48,5.15555555555556,80.19888888888889,54.58,9.05,32.44,70.91,0.051,2.19,0.23,0.028,0.052,5.55,0.16,1.0708486941571684,19.836305084745764,35.798203389830505,0.3822372881355932,0.49,7.701118644067797,0.3011186440677966,0.22,0.4939661016949152,33.431627118644066,1.2493898305084743,1.3012040392775428,0.0,0.981845581388889,0.2400450852777777,1.2954492583333326,1.1042750161111117,,22.0,8.0,0.0,215.1965452777778,92.32995875979168,27.318181818181817,28.25
2026-03-20 10:00:00,549.7361111111111,177.81267888888868,55.08527777777798,44.52333333333343,73.93111111111129,55.85499999999983,69.99666666666661,56.90111111111094,51.42361111111117,1.1302717266666669,6.0,4.41,0.012,95.03098644067796,0.14,0.0946067796610169,0.0526237288135593,0.2258983050847457,0.0338847457627118,324.1666666666667,11.5127135388267,31.177,105.0,87.55278538666325,0.3816008596080443,2.1580042980402223,0.9345010745100556,1.4044536944444446,0.45,0.656,30.85,0.18,45.26,21.31,1.6399999999999997,0.1,18.09736744444444,3.734800961111111,24.746865527777786,170.8772222222222,180.3172222222221,203.9711111111112,185.9375,188.5844444444444,42.23848449999999,1.0,407.9699999999997,525.2486111111101,688.6033333333366,66.11750000000006,1467.935593220339,2.703603200000002,1227.2448611111106,107938.44249999998,0.0,0.0,0.0,0.0,0.0,0.0,0.0,0.0,0.0,0.0,0.0,0.0,40.19416666666663,39.307777777777815,33.39083333333334,63.77416666666677,60.0,12.405,6.668,86.58500000000001,0.4,6.449999999999999,1.01,4.189074375,4.130356763267909,56.452,0.0287065117267767,60.74900375540283,0.0289535180330192,3.8102391412173175,0.0463175795365974,0.0670973570466945,0.0154066817827534,0.0635903422376532,4.819240062353859,0.3103183589598243,2.6851874158577203,5571.6896777777765,7.84,15.629732696206664,71.14,1.07,19.95,1283.478461111112,87.89999000000077,2290.9470305555537,94.566,2.58,1.97196261682243,10.48,5.15555555555556,80.19888888888889,54.58,9.05,32.44,70.91,0.051,2.19,0.23,0.028,0.052,5.55,0.16,1.0760954975889867,19.91969491525424,35.89379661016949,0.3537627118644068,0.49,7.686881355932203,0.2868813559322034,0.22,0.4980338983050847,33.35637288135593,1.2026101694915254,1.3065431023217502,0.0,0.6127724755555553,0.2741819799999999,1.2990191138888876,1.079800056666667,,22.0,8.0,0.0,218.09849666666668,104.60184661944442,27.318181818181817,28.25
2026-03-20 11:00:00,553.9444444444445,122.73350542777764,54.9452777777778,44.96277777777785,75.73222222222215,55.722777777777736,56.94111111111105,57.40972222222241,52.11194444444449,1.1722438694444448,6.352777777777778,4.3976,0.01262,94.85465,0.1555,0.10089,0.0437699999999999,0.3843,0.05067,350.0,11.515209750409507,36.019,105.0,87.55009106305006,0.3817593492323496,2.158796746161748,0.934699186540437,1.429895366666666,0.45,0.758,30.85,0.18,45.26,21.31,1.64,0.1,17.907021750000002,3.107349533333328,24.837336444444443,149.38638888888883,149.69444444444446,185.3430555555556,160.09368055555552,155.95083333333324,41.8944759722222,1.0,408.0894444444472,525.3069444444416,688.5250000000005,66.52055555555549,1475.27,2.729363488888889,1223.032088888886,110415.35611111108,0.0,0.0,0.0,0.0,0.0,0.0,0.0,0.0,0.0,0.0,0.0,0.0,40.95222222222234,39.16305555555557,30.83527777777782,63.30499999999988,60.0,12.405,7.642,86.58500000000001,0.4,6.449999999999999,1.01,4.138390963888889,4.151908251686666,63.587,0.0291501407520405,60.68423089625238,0.0290593989337443,3.83067246449746,0.046650730495227,0.0678641860757702,0.0154790759117429,0.0637125198546872,4.858734332489345,0.3136752166323305,2.696516583578404,5630.5464333333375,7.84,11.42258538661868,71.14,1.07,19.95,1288.1295666666654,93.06819149999932,2416.6626555555563,109.24,2.58,1.97196261682243,10.48,5.15555555555556,80.19888888888889,54.58,9.05,32.44,70.91,0.051,2.19,0.23,0.028,0.052,5.55,0.16,1.096701856127066,20.0313,36.2531,0.3028,0.4869,7.7296,0.249,0.2138,0.5062,33.0658,1.087,1.3305230104349433,0.0,0.9808666388888888,0.2576515186111109,1.2994206083333333,1.0311319643749992,,22.0,8.0,0.0,220.25156999999984,103.76218946918054,27.318181818181817,28.25
2026-03-20 12:00:00,544.3472222222222,126.3656658333331,54.55666666666675,45.27861111111082,74.41638888888903,55.77916666666648,55.95249999999968,58.42861111111107,52.38111111111097,1.1685658361111115,6.147222222222222,4.3736,0.01382,94.50365,0.1855,0.11229,0.0239699999999999,0.7023,0.08487,350.0,11.515693430656937,25.893,105.0,87.5495689954814,0.3817900590893291,2.1589502954466457,0.9347375738616616,1.45430018888889,0.45,0.631,30.85,0.18,45.26,21.31,1.64,0.1,18.172622944444434,2.9871318916666687,24.46718275,175.9100000000001,201.5975000000001,203.21472222222212,193.15756944444448,191.90805555555556,42.62306686111111,1.0,408.1316666666674,525.4469444444435,688.4719444444426,66.69500000000001,1485.47,2.753640980555556,1207.0169611111105,109227.4147222223,0.0,0.0,0.0,0.0,0.0,0.0,0.0,0.0,0.0,0.0,0.0,0.0,40.58444444444457,38.45999999999998,33.78527777777783,57.55138888888883,60.0,12.405,4.97,86.58500000000001,0.4,6.449999999999999,1.01,4.180444166666664,4.189078984418998,42.616,0.029014923972217,60.60778838933733,0.0289292284587948,3.868778393091796,0.0460946592828984,0.0686793692509855,0.0155863760090107,0.0643885395156748,4.89798831424817,0.3183056833114323,2.7115942369063264,5623.928466666668,7.84,11.380087305270926,71.14,1.07,19.95,1254.0813361111116,90.0567985000009,2407.4299805555547,72.453,2.58,1.97196261682243,10.48,5.15555555555556,80.19888888888889,54.58,9.05,32.44,70.91,0.051,2.19,0.23,0.028,0.052,5.55,0.16,1.1316768307322929,20.1693,36.859100000000005,0.2308,0.4809,7.8256,0.189,0.2018,0.5182,32.5738,0.907,1.3719411284513807,0.0,0.4725091676111109,0.2857343561111111,1.2993108750000002,1.028962209791665,,22.0,8.0,0.0,215.02056944444453,104.24345072291663,27.318181818181817,28.25
2026-03-20 13:00:00,524.1805555555555,107.83372436111136,54.0425,45.44361111111106,73.72972222222225,56.11138888888909,57.42611111111098,58.80055555555551,52.56,1.1033234697222234,6.0,4.3445,0.012725,94.3904375,0.1836249999999999,0.1133625,0.0165375,0.83925,0.0995625,350.0,11.513089046926057,36.419,105.0,87.55238007633379,0.3816247013921305,2.1581235069606524,0.9345308767401632,1.3238366533333337,0.45,1.213,30.85,0.18,45.26,21.31,1.64,0.1,17.281780944444407,2.9493232638888887,24.886453722222218,183.72361111111115,178.82527777777793,197.5330555555556,185.0415972222222,180.08444444444416,40.98875155555558,1.0,408.2308333333326,525.4649999999995,688.3819444444406,66.96527777777777,1488.9125,2.6038450805555544,1199.726624999999,104688.82852777776,0.0,0.0,0.0,0.0,0.0,0.0,0.0,0.0,0.0,0.0,0.0,0.0,40.524166666666645,36.87527777777775,31.45833333333329,55.2036111111111,60.0,12.405,6.167,86.58500000000001,0.4,6.449999999999999,1.01,3.600700691666669,4.222195518547638,55.964,0.0288276391966264,60.54230112214995,0.0287900435994567,3.9029406404116935,0.0455153312843971,0.0693679865627903,0.0156806697162461,0.0650253555857336,4.930818919305268,0.3223450789793439,2.724696233292831,4639.836808333337,7.84,9.478583293004528,71.14,1.07,19.95,1320.8811416666667,87.89999000000077,2405.803947222221,95.039,2.58,1.97196261682243,10.48,5.15555555555556,80.19888888888889,54.58,9.05,32.44,70.91,0.051,2.19,0.23,0.028,0.052,5.55,0.16,1.16327241563746,20.5725,37.160375,0.2327499999999999,0.3971249999999999,7.948374999999999,0.160875,0.1745,0.5327500000000001,31.95175,0.784375,1.412108424098026,0.0,1.2376278483333327,0.2205132199999999,1.280111816666667,0.9792571012499998,,22.0,8.0,0.0,213.07212194444463,101.78796847784726,27.318181818181817,28.25
2026-03-20 14:00:00,508.2083333333333,83.40041986111113,53.16416666666651,45.34583333333303,68.13805555555555,56.78194444444434,56.64916666666673,58.398888888889175,52.53138888888871,1.062413961111111,6.708333333333333,4.327703703703704,0.0122296296296296,94.4258074074074,0.18,0.1139185185185185,0.0160666666666666,0.8257037037037037,0.0985703703703703,350.0,11.509095098449937,33.418,105.0,87.55669100484768,0.3813711173619007,2.156855586809504,0.934213896702376,1.2742200777777783,0.45,1.031,30.85,0.18,45.26,21.31,1.64,0.1,17.453800527777805,2.7368586194444418,23.68236411111113,183.59749999999988,189.76944444444445,191.4158333333333,188.7445833333333,190.1955555555557,42.43178611111112,1.0,408.34833333333216,525.5119444444449,688.2077777777812,66.86194444444428,1492.0666666666666,2.5230435361111114,1194.96526944444,100768.1807777778,0.0,0.0,0.0,0.0,0.0,0.0,0.0,0.0,0.0,0.0,0.0,0.0,40.26500000000022,35.20583333333339,31.12083333333338,49.76055555555549,60.0,12.405,5.587,86.58500000000001,0.4,6.449999999999999,1.01,2.4615882361111114,4.254706593288011,46.33500000000001,0.0291516132513218,60.45811546347253,0.0288298262652422,3.9348630624797662,0.0455843314988669,0.0703302039494982,0.0157831444912053,0.065388086759469,4.979329232761411,0.326964476097982,2.740075536851192,3010.318588888889,7.84,8.192955833404799,71.14,1.07,19.95,1319.5744666666678,98.23638594444417,2341.2490611111098,77.553,2.58,1.97196261682243,10.48,5.15555555555556,80.19888888888889,54.58,9.05,32.44,70.91,0.051,2.19,0.23,0.028,0.052,5.55,0.16,1.17900101532722,20.709629629629628,37.31444444444445,0.2354074074074074,0.3522962962962963,8.014592592592592,0.1568888888888888,0.1645925925925926,0.5422962962962964,31.649185185185186,0.752962962962963,1.4322331393250765,0.0,1.046221594722221,0.2118061577777779,1.248894416666667,0.9067281420833342,,22.0,8.0,0.0,208.78490250000024,98.55055563159722,27.318181818181817,28.25
2026-03-20 16:00:00,544.1388888888889,82.20809655555558,51.90500000000003,45.34972222222181,63.80194444444456,57.87611111111106,55.91638888888861,58.088611111111305,52.611388888889046,1.098290313611113,6.354166666666667,4.344,0.0131333333333333,94.69026666666666,0.1773333333333333,0.1140666666666666,0.0259333333333333,0.5633333333333334,0.0719333333333333,410.0,11.438212682926828,46.125,105.0,87.61352845528455,0.4027529539295392,2.082588617886179,0.9482588617886178,1.314121475833334,0.45,1.602,30.850000000000005,0.18,45.25999999999999,21.31,1.64,0.1,16.24238094444443,3.0057387888888853,24.79190830555555,172.70861111111108,180.2841666666668,195.33111111111123,185.8281944444445,194.98888888888908,39.58128583333334,1.0,408.516111111112,525.6358333333357,687.6180555555561,67.01444444444422,1496.7333333333331,2.6129395972222222,1228.564188888889,111037.68944444443,0.0,0.0,0.0,0.0,0.0,0.0,0.0,0.0,0.0,0.0,0.0,0.0,40.48722222222224,33.44277777777781,38.83138888888884,45.20166666666668,60.0,12.405,7.374,86.58500000000001,0.4,6.449999999999999,1.01,1.9416753111111107,4.259095398120842,58.324,0.0292560523969549,60.44437264247994,0.0288562855771209,3.938979322405871,0.0456698786091488,0.0704943076606542,0.0157981619916329,0.0654056820519854,4.987823880392292,0.3276662265962554,2.742452506686784,2592.0116944444467,7.84,6.5247879547346805,71.14,1.07,19.95,1412.3864444444448,79.36916469444442,2380.3922583333333,103.95,2.57,1.95863309352518,10.89,5.15555555555556,80.19888888888889,54.46,9.28,32.44,70.91,0.044,2.25,0.22,0.027,0.053,5.56,0.16,1.1755379035680324,20.29866666666667,37.382,0.244,0.3666666666666666,8.036666666666665,0.1866666666666666,0.1813333333333333,0.5526666666666668,31.804,0.846,1.4282507302401508,0.0,1.0368706727777788,0.2158311530555555,1.2990239416666665,0.9170746869444442,,22.0,8.0,0.0,229.64150416666672,113.39257279361112,27.318181818181817,28.25
2026-03-20 22:00:00,619.7777777777778,125.07061902777762,51.458055555555305,44.40249999999967,64.18305555555558,55.40805555555547,54.860000000000014,56.51916666666664,51.35694444444421,1.077137084444445,6.645833333333333,4.4374,0.01434,94.67508,0.1666,0.10718,0.02846,0.5006,0.0703399999999999,434.3333333333333,11.45921026195812,25.882,105.0,87.59165597712696,0.4030445869716405,2.091337609149216,0.9491337609149216,1.3043325638888907,0.4486671318911375,1.433,26.738101884159107,0.2479762735519887,39.37405443126308,18.469658060013955,14.215610607117934,0.1,17.222222472222224,2.7674575305555558,23.29446369444444,176.1708333333334,178.7413888888888,199.5713888888889,187.67423611111116,196.21333333333345,42.5181031388889,1.0,408.3613888888877,524.6319444444454,684.8125000000006,66.43555555555545,1490.56,2.6037647249999982,1223.4724166666667,105328.12361111108,0.0,0.0,0.0,0.0,0.0,0.0,0.0,0.0,0.0,0.0,0.0,0.0,40.19611111111135,33.65611111111099,37.79888888888886,47.60444444444442,60.0,12.405,5.362,86.58500000000001,0.4,6.449999999999999,1.01,2.2434167850000013,4.322607550667846,47.46600000000001,0.0304584334049635,60.257600598323,0.0291318417393502,3.9995301900307583,0.0465198247166392,0.0726949816710908,0.0160094594025197,0.0658199974718746,5.10084755403868,0.3374236927484936,2.7753191758311204,2882.434373888889,7.84,10.411805934963317,71.14,1.07,19.95,1347.1910250000003,83.24741666666654,2315.038311111111,80.553,2.57,1.95863309352518,10.89,5.15555555555556,80.19888888888889,54.46,9.28,32.44,70.91,0.044,2.25,0.22,0.027,0.053,5.56,0.16,1.1157077481951534,19.2816,36.781600000000005,0.4058,0.3836,8.272,0.2104,0.1834,0.5568,32.967,0.8678,1.36662752563572,0.0,0.9425347413888876,0.2271954522222219,1.29923616111111,1.0210914884027766,,22.0,8.0,0.0,218.1590033333333,125.15519035451386,27.318181818181817,28.25
2026-03-20 23:00:00,541.75,118.43256316666664,51.651944444444496,44.24000000000034,62.29694444444476,56.134166666666616,57.40361111111122,56.77055555555545,51.02833333333334,1.0536167927777775,6.147222222222222,4.42,0.014,94.6188,0.166,0.1106,0.0267999999999999,0.5660000000000001,0.0778,355.0,11.4320109174651,35.173,105.0,87.61998862764052,0.4026668182981264,2.080004548943792,0.9480004548943792,1.2700302972222222,0.45,1.359,30.85,0.18,45.26,21.31,1.64,0.0999999999999999,17.00291822222221,2.820770641666668,24.90706980555554,190.5866666666667,209.08611111111105,241.3116666666668,220.8677777777778,242.48666666666665,40.573838,1.0,408.2372222222226,524.3616666666672,684.256111111113,66.27194444444439,1495.4,2.5692635166666644,1215.3733888888896,106867.63805555554,0.0,0.0,0.0,0.0,0.0,0.0,0.0,0.0,0.0,0.0,0.0,0.0,40.08527777777783,33.83027777777766,33.1330555555556,49.34638888888888,60.0,12.405,5.063,86.58500000000001,0.4,6.449999999999999,1.01,2.5434162944444445,4.230313795008748,43.436,0.0292531540657519,60.50777811032324,0.0289196979464039,3.909815820977991,0.0459653282991067,0.0698024679988949,0.0157129800165761,0.0649378395800718,4.953979878441846,0.3239422828989778,2.730244497651717,3314.1529861111103,7.84,8.736375409594439,71.14,1.07,19.95,1404.9946083333334,73.76666666666667,2377.990472222224,77.605,2.57,1.95863309352518,10.89,5.15555555555556,80.19888888888889,54.46,9.28,32.44,70.91,0.044,2.25,0.22,0.027,0.053,5.56,0.16,1.1139529197405869,19.42,36.678,0.426,0.368,8.35,0.192,0.178,0.548,32.926,0.8200000000000001,1.3675533268592468,0.0,0.8664448430555561,0.2164134783333333,1.2992753638888883,1.078757499583334,,22.0,8.0,0.0,222.40687999999997,104.44231461958331,27.318181818181817,28.25
2026-03-21 00:00:00,537.1111111111111,101.98386194444448,51.51555555555557,43.998055555555474,61.79222222222214,57.04944444444479,58.62277777777778,56.72944444444445,50.6630555555556,1.065695630277778,6.352777777777778,4.466153846153846,0.014,94.77295384615384,0.1567692307692307,0.1004461538461538,0.037876923076923,0.3952307692307693,0.0565692307692307,355.0,11.479108133086877,41.116,105.0,87.56568853974122,0.3508133086876155,2.22601663585952,0.9552033271719038,1.2729409094444442,0.45,1.564,30.85,0.18,45.260000000000005,21.31,1.64,0.1,16.60021227777777,2.838863200000004,25.110340277777784,196.3658333333334,192.51527777777775,205.75250000000003,203.63375,219.90138888888865,39.80017399999998,1.0,408.1261111111132,524.0716666666669,683.7219444444468,66.04194444444474,1494.0153846153846,2.572233394444449,1209.1268055555531,108668.643611111,0.0,0.0,0.0,0.0,0.0,0.0,0.0,0.0,0.0,0.0,0.0,0.0,39.87722222222205,33.852222222222274,33.203888888888834,48.25833333333326,60.0,12.805,6.01,86.16499999999999,0.4,6.550000000000001,1.03,2.607775063888889,4.252111881513088,48.748,0.0302016492984327,60.42268359727579,0.0292004184787068,3.928893287929761,0.0469299253302699,0.0708597275785673,0.0157959506031016,0.0648031303848363,5.00994810043489,0.3279810453762205,2.744180274062526,3460.667458333335,7.84,7.774569742231484,71.14,1.07,19.95,1425.143455555555,76.23333333333333,2411.8192833333337,91.279,2.57,1.95863309352518,10.89,5.023333333333333,79.82111111111111,54.46,9.28,32.44,68.98,0.044,2.25,0.22,0.027,0.053,5.56,0.16,1.114285500955878,19.53538461538461,36.62723076923077,0.3706153846153846,0.3633846153846153,8.373076923076923,0.1966153846153846,0.1733846153846154,0.5433846153846155,32.870615384615384,0.8430769230769231,1.369015830887181,0.0,0.919376952777778,0.2072452472222224,1.2992289611111107,1.072632596319446,,22.0,8.0,0.0,224.7032405555553,102.26286170763888,27.318181818181817,28.25
2026-03-21 01:00:00,551.6666666666666,98.52072780555552,51.44749999999991,43.76277777777814,63.12638888888884,56.94527777777758,56.67500000000012,55.938888888888805,50.58277777777791,1.05486742,6.852777777777778,4.471555555555556,0.0143555555555555,94.84048888888888,0.1571111111111111,0.0953111111111111,0.0412,0.3304444444444445,0.0495333333333333,391.3333333333333,11.4831534474712,40.711,105.0,87.56151875414507,0.3513111935349169,2.2266389919186462,0.9553277983837292,1.2835235166666672,0.45,1.525,30.85,0.18,45.26,21.31,1.64,0.1,16.451556999999998,2.7432243638888885,25.609086055555547,177.91444444444457,191.88083333333347,206.6375,198.4213194444445,217.25250000000003,39.11376522222223,1.0,407.9569444444424,523.8025000000032,683.1888888888891,65.88583333333325,1490.3333333333333,2.582859000000001,1193.681211111112,109200.49138888894,0.0,0.0,0.0,0.0,0.0,0.0,0.0,0.0,0.0,0.0,0.0,0.0,39.92472222222207,34.55666666666671,41.62583333333336,39.54666666666663,60.0,12.805,6.42,86.16499999999999,0.4,6.550000000000001,1.03,2.521617252777777,4.198730290628831,48.137,0.0295022539834223,60.56747242246089,0.0290769262729293,3.877010823275236,0.046606352701664,0.0691854498618526,0.015624426117124,0.0642940773209796,4.924928641169993,0.3201806302843966,2.718098344308952,3359.3144305555534,7.84,8.10168784987685,71.14,1.07,19.95,1418.8131888888895,82.23333333333333,2382.1829388888877,93.908,2.57,1.95863309352518,10.89,5.023333333333333,79.82111111111111,54.46,9.28,32.44,68.98,0.044,2.25,0.22,0.027,0.053,5.56,0.16,1.1120534855433513,19.58088888888889,36.58111111111111,0.3175555555555556,0.3671111111111111,8.359777777777778,0.2017777777777777,0.1735555555555555,0.532888888888889,32.895777777777774,0.8813333333333333,1.366195789350926,0.0,0.8333454022222232,0.2286560883333334,1.2992910472222223,1.067836561388888,,22.0,8.0,0.0,222.72175138888875,110.88732976756944,27.318181818181817,28.25
2026-03-21 22:00:00,610.0555555555555,105.10561672222236,47.992777777777896,44.658611111111256,67.77972222222219,66.07638888888893,53.01527777777783,69.16277777777753,50.9130555555554,1.1275784086111122,6.5,4.379333333333333,0.013,94.55151111111113,0.1565777777777778,0.112,0.0199111111111111,0.6824444444444444,0.0852222222222222,431.3333333333333,11.75277382447328,28.668,105.0,87.32163178456815,0.38779719547928,1.9299532579880003,0.92559439095856,1.3731753583333324,0.4499999999999999,1.185,30.85,0.18,45.26,21.31,1.64,0.1,16.878376277777786,2.606031341666666,22.86429441666668,186.727777777778,194.68916666666664,216.93083333333325,204.52000000000004,219.73222222222225,42.47986888888892,1.0,403.7025000000023,517.106111111112,674.3774999999955,65.53138888888927,1481.111111111111,2.6723491416666656,1180.211875000001,114507.22583333345,0.0,0.0,0.0,0.0,0.0,0.0,0.0,0.0,0.0,0.0,0.0,0.0,39.556388888888975,33.86166666666652,38.05888888888888,44.55361111111115,60.0,12.36,6.138,86.60499999999999,0.435,6.3,1.035,1.96162788777778,4.397613360323887,54.34,0.0303755980861244,60.0959050423261,0.0289351858667648,4.075818733897681,0.0456363636363636,0.074447000368053,0.0162296834744203,0.067085921972764,5.186148509385352,0.3470120353330879,2.806685682738314,2712.26586861111,8.23,9.865213185547823,70.8,1.08,19.89,1392.5615166666664,93.8600000000004,2304.0016888888904,92.086,2.57,1.95863309352518,10.89,5.023333333333333,79.82111111111111,54.46,9.28,32.44,68.98,0.044,2.25,0.22,0.027,0.053,5.56,0.16,1.1756415698281824,19.522666666666662,37.72466666666667,0.27,0.3597777777777777,8.44111111111111,0.1346666666666666,0.1748888888888889,0.59,32.08866666666667,0.5986666666666667,1.438701239188399,0.0,0.954856318611112,0.2455970111111109,1.2991505305555542,1.2005913478472232,,22.0,8.0,0.0,227.0490105555557,121.7598275490278,27.318181818181817,28.25
2026-03-21 23:00:00,530.0,116.36397388888872,48.97111111111104,45.91944444444445,66.695,61.96277777777778,52.6305555555556,70.02333333333334,50.98722222222217,1.1145229477777787,6.147222222222222,4.353555555555555,0.0131777777777777,94.46542222222222,0.1635555555555555,0.1123555555555555,0.0158222222222222,0.7811111111111111,0.095,350.0,11.75172365273674,28.428,105.0,87.32290699310538,0.3876846770789363,1.9280779513156048,0.9253693541578724,1.369824733333333,0.45,1.172,30.85,0.18,45.26,21.31,1.64,0.1,17.335624472222218,2.7913290916666678,24.42515455555555,181.73277777777776,191.20249999999996,217.19611111111112,202.83736111111105,221.2180555555552,41.5107165,1.0,403.4191666666648,516.7619444444464,674.095555555556,65.46222222222202,1492.0444444444445,2.670488455555557,1158.6759055555565,114141.9638888888,0.0,0.0,0.0,0.0,0.0,0.0,0.0,0.0,0.0,0.0,0.0,0.0,39.82166666666659,34.73444444444445,40.639999999999965,40.92999999999997,60.0,12.36,5.911,86.60499999999999,0.435,6.3,1.035,2.969461369444444,4.391029759093056,55.042,0.0300454198611969,60.1233181933796,0.0288352167435776,4.070195850441481,0.0452901420733258,0.0741030485810835,0.0162037716652737,0.0671491951600595,5.167843464990371,0.3457359470949456,2.802260092293157,4139.713513888887,8.23,10.329151576890643,70.8,1.08,19.89,1390.7475638888889,88.76588888888848,2333.655155555556,94.362,2.57,1.95863309352518,10.89,5.023333333333333,79.82111111111111,54.46,9.28,32.44,68.98,0.044,2.25,0.22,0.027,0.053,5.56,0.16,1.171928849079823,19.71288888888889,37.583777777777776,0.2557777777777777,0.3411111111111111,8.530888888888889,0.1182222222222222,0.1682222222222222,0.5988888888888889,32.07088888888889,0.5275555555555556,1.4379243678931144,0.0,0.7912495269444437,0.2553017533333333,1.30058646388889,1.1726314670138889,,22.0,8.0,0.0,222.52582555555549,102.91822654027776,27.318181818181817,28.25
2026-03-22 00:00:00,530.6527777777778,107.83592750000004,50.211388888888735,47.64305555555556,69.92277777777764,59.41777777777792,52.81361111111069,70.86999999999983,51.52083333333349,1.1056414930555556,6.352777777777778,4.366888888888889,0.0138444444444444,94.47075555555556,0.1768888888888888,0.1136888888888889,0.0151555555555555,0.7477777777777778,0.095,350.0,11.465454970339744,27.815,105.0,87.56454502966025,0.373093654502966,2.1523746180118644,0.97,1.3591552527777773,0.45,1.138,30.85,0.18,45.26,21.31,1.64,0.1,18.15603375000001,2.6389853472222238,24.008897694444435,174.408611111111,188.41805555555555,221.00638888888892,197.81548611111108,207.4288888888888,43.0599565,1.0,403.1452777777801,516.4169444444401,673.8883333333284,65.64250000000013,1514.7111111111112,2.6680128805555565,1154.0117250000037,114402.7377777778,0.0,0.0,0.0,0.0,0.0,0.0,0.0,0.0,0.0,0.0,0.0,0.0,40.31249999999982,35.23277777777772,35.90861111111114,49.1713888888889,60.0,12.36,6.377,86.60499999999999,0.435,6.3,1.035,3.14508815,4.420283042043939,56.988,0.0304987014810135,60.041230609952976,0.0289272127465431,4.098404927353127,0.0455553800800168,0.0750600126342387,0.0162991331508387,0.0673919772583701,5.216678774478839,0.3501007405067734,2.8169000491331504,4398.335658333335,8.37,9.896282793220804,70.53,1.14,19.96,1404.835555555555,91.77166666666638,2356.719738888891,92.528,2.57,1.95863309352518,10.89,5.112222222222225,79.75444444444445,54.46,9.28,32.44,68.98,0.044,2.25,0.22,0.027,0.053,5.56,0.16,1.1516604720926304,19.986222222222224,37.11044444444445,0.2024444444444444,0.3077777777777777,8.684222222222223,0.1115555555555555,0.1615555555555555,0.6322222222222222,32.224222222222224,0.4808888888888888,1.4211491770895457,0.0,0.769408285833333,0.2535138036111112,1.308840380555556,1.1887342456944427,,22.0,8.0,0.0,222.9339069444445,101.78826039375,27.318181818181817,28.25
2026-03-22 01:00:00,526.7361111111111,114.1368622222222,52.58527777777774,49.54166666666664,61.89833333333332,57.69527777777784,53.88055555555562,70.9286111111113,51.40083333333311,1.1253286825000004,6.5,4.412166666666667,0.014,94.63951666666668,0.1723333333333333,0.1051833333333333,0.0215166666666666,0.5598333333333333,0.07545,340.90277777777777,11.47050701691256,27.79,105.0,87.55949298308744,0.3734706729039223,2.153882691615689,0.97,1.3643615833333331,0.45,1.113,30.85,0.18,45.26,21.31,1.64,0.1,17.616053888888917,2.806439686111113,24.737871416666668,168.13055555555562,163.54388888888886,202.2566666666667,181.148125,190.6613888888889,41.59457516666666,1.0,402.8963888888868,516.1744444444457,673.7125000000044,65.36222222222203,1506.9666666666667,2.673193097222222,1162.4412111111103,114762.7936111111,0.0,0.0,0.0,0.0,0.0,0.0,0.0,0.0,0.0,0.0,0.0,0.0,40.21888888888911,35.88416666666671,44.26916666666661,34.55499999999998,60.0,12.36,6.708,86.60499999999999,0.435,6.3,1.035,3.453888416666667,4.389326474984613,56.865,0.0302140156511034,60.120458630088805,0.0288975995779477,4.067933175063747,0.0455195638793634,0.0741572144552888,0.0162020223335971,0.0670342917436032,5.17125085729359,0.3457328585245757,2.802374043787918,4864.819008333341,8.37,10.720304784222174,70.53,1.14,19.96,1404.7070250000008,93.9249999999996,2357.684944444443,90.714,2.57,1.95863309352518,10.89,5.112222222222225,79.75444444444445,54.46,9.28,32.44,68.98,0.044,2.25,0.22,0.027,0.053,5.56,0.16,1.142342173387653,19.9235,36.90416666666667,0.2628333333333333,0.3728333333333333,8.578166666666666,0.1406666666666666,0.1868333333333333,0.6055,32.306,0.6156666666666666,1.4078816776037704,0.0,0.9992308141666666,0.2390329580555555,1.3087872833333327,1.2922884866666662,,22.0,8.0,0.0,224.0347850000001,100.34882868888889,27.318181818181817,28.25
2026-03-22 02:00:00,526.1527777777778,121.4982561666666,60.92999999999998,50.4805555555555,59.87166666666671,56.18611111111096,55.44333333333333,69.78555555555553,50.74750000000012,1.136569983055556,6.5,4.467166666666667,0.014,94.85801666666669,0.1623333333333333,0.0936833333333333,0.0300166666666666,0.3248333333333333,0.0499499999999999,325.0,11.471604656256844,31.957,105.0,87.55839534374314,0.3735525862878243,2.1542103451512973,0.97,1.386500647222224,0.45,1.212,30.85,0.18,45.26,21.31,1.64,0.1,18.541305111111136,2.7440602138888868,24.733362250000024,149.07083333333338,157.76694444444442,183.3783333333332,166.30284722222223,174.99527777777791,42.84374324999997,1.0,402.6444444444448,515.9386111111095,673.5702777777788,64.94249999999991,1489.9666666666667,2.695248111111115,1166.6695305555563,114345.26527777786,0.0,0.0,0.0,0.0,0.0,0.0,0.0,0.0,0.0,0.0,0.0,0.0,40.00749999999987,36.06388888888893,45.42999999999997,32.65555555555555,60.0,12.36,7.774,86.60499999999999,0.435,6.3,1.035,3.901181725,4.52402516493441,65.329,0.0324214361156607,59.73776959696307,0.0293629781567144,4.197441258859006,0.0468918856862955,0.0786313888166052,0.0166434661482649,0.0680900518911968,5.399971375652467,0.3659856725190957,2.8703806885150547,5502.551594444443,8.37,11.411723710454128,70.53,1.14,19.96,1377.750922222223,93.9249999999996,2366.381847222222,105.981,2.57,1.95863309352518,10.89,5.112222222222225,79.75444444444445,54.46,9.28,32.44,68.98,0.044,2.25,0.22,0.027,0.053,5.56,0.16,1.13635650720335,19.7585,36.77916666666667,0.3578333333333333,0.4678333333333333,8.393166666666666,0.1806666666666666,0.2218333333333333,0.5605,32.366,0.8056666666666666,1.39568173634515,0.0,0.997002842777778,0.2499306497222222,1.3086896555555554,1.3503419090972224,,22.0,8.0,0.0,221.9516722222225,97.34851894208332,27.318181818181817,28.25
2026-03-22 03:00:00,544.8055555555555,138.0306444999998,64.80055555555556,49.868611111111136,59.13666666666679,56.523055555555736,85.32611111111113,64.70583333333332,50.22861111111134,1.132933026666667,7.208333333333333,4.499166666666667,0.0132333333333333,94.92931666666668,0.1523333333333333,0.09215,0.0404333333333333,0.2355,0.0378666666666666,318.8333333333333,11.47794308264887,31.168,105.0,87.55205691735112,0.3740256031827516,2.1561024127310064,0.97,1.3942610833333338,0.45,1.142,30.85,0.18,45.26,21.31,1.64,0.1,18.696228750000003,3.1700343555555537,24.78609675,132.16944444444445,135.19666666666674,154.515,144.33305555555555,155.45111111111115,42.99463358333329,1.0,402.3905555555543,515.6625000000013,673.404999999996,64.61861111111105,1476.0333333333333,2.7029279972222238,1192.3407777777754,111989.64722222212,0.0,0.0,0.0,0.0,0.0,0.0,0.0,0.0,0.0,0.0,0.0,0.0,39.72500000000017,36.23500000000021,45.09416666666664,32.5802777777778,60.0,12.36,7.722,86.60499999999999,0.435,6.3,1.035,4.094954391666663,4.661214472947898,67.906,0.0344437899449238,59.35685403351692,0.0297584896769063,4.330062439254263,0.0480059199481636,0.0830609960828203,0.0170886666863016,0.0692820663858863,5.625679763202074,0.3863221364827849,2.938525314405207,5676.22614444444,8.37,14.371789047185672,70.53,1.14,19.96,1341.6959750000003,95.06250612950709,2313.195166666667,105.837,2.57,1.95863309352518,10.89,5.112222222222225,79.75444444444445,54.46,9.28,32.44,68.98,0.044,2.25,0.22,0.027,0.053,5.56,0.16,1.1134153445139312,19.7085,36.36666666666667,0.3838333333333333,0.5398333333333334,8.238833333333334,0.2245,0.253,0.5385,32.67133333333334,0.965,1.3656691422977172,0.0,1.0525849369444449,0.2613281280555555,1.3087758861111116,1.4497882383333318,,22.0,8.0,0.0,221.76195777777787,97.99739372958332,27.318181818181817,28.25
2026-03-22 04:00:00,545.0,161.75318972222203,61.96444444444439,48.81277777777788,57.66083333333333,57.08083333333355,110.0627777777778,58.87833333333353,49.85583333333295,1.128946373333333,6.794444444444444,4.524166666666667,0.0122333333333333,94.95581666666666,0.1423333333333333,0.09365,0.0514333333333333,0.1905,0.0298666666666666,315.0,11.477777885705036,30.885,105.0,87.55222211429496,0.3740132750526146,2.156053100210458,0.97,1.4273977361111103,0.45,1.138,30.85,0.18,45.26,21.31,1.64,0.1,18.58381574999999,3.4393807999999986,24.966387305555525,171.5330555555555,180.94944444444457,203.51777777777792,186.9427083333334,191.77055555555555,42.67401327777775,1.0,402.1997222222228,515.4949999999988,673.394722222218,64.27833333333328,1463.0333333333333,2.736050761111112,1197.5816249999998,109876.73722222222,0.0,0.0,0.0,0.0,0.0,0.0,0.0,0.0,0.0,0.0,0.0,0.0,39.43499999999975,36.60666666666665,46.09250000000004,30.550833333333262,60.0,12.36,7.593,86.60499999999999,0.435,6.3,1.035,4.2386025666666605,4.71081038821795,67.153,0.0345219126472383,59.24472994505085,0.029674623620687,4.380083838398879,0.0475886408648906,0.0842943725522314,0.0172368769824132,0.0700504519530028,5.686343424716691,0.3928333209238604,2.95992435185323,5766.748911111115,8.37,15.880883235486133,70.53,1.14,19.96,1284.833002777778,98.179722222222,2272.62281388889,105.749,2.57,1.95863309352518,10.89,5.112222222222225,79.75444444444445,54.46,9.28,32.44,68.98,0.044,2.25,0.22,0.027,0.053,5.56,0.16,1.0853138133229556,19.6935,35.86666666666667,0.3888333333333333,0.6048333333333333,8.093833333333334,0.2695,0.283,0.5235,33.05133333333333,1.1149999999999998,1.3302353060971672,0.0,0.64673274,0.298451366388889,1.3086360138888895,1.410801852569445,,22.0,8.0,0.0,215.83277305555555,100.18229763819444,27.318181818181817,28.25
2026-03-22 05:00:00,543.9305555555555,182.8609166666669,59.160277777777736,48.19361111111125,59.41305555555533,55.95527777777774,88.87361111111123,57.81749999999999,49.777500000000025,1.1533716683333328,6.5,4.513571428571429,0.0123285714285714,94.92142142857143,0.1419714285714285,0.0946571428571428,0.0477571428571428,0.2325714285714285,0.0357214285714285,300.375,11.47768333765224,30.872,105.0,87.55231666234775,0.3740062192277792,2.156024876911117,0.97,1.4085841888888893,0.45,1.149,30.850000000000005,0.18,45.26,21.31,1.64,0.1,18.808063833333367,3.6645045444444415,24.34608913888888,141.043888888889,141.5527777777779,167.7736111111111,150.97340277777784,153.52333333333337,43.59362838888888,1.0,401.8452777777779,515.0463888888873,673.1713888888918,64.26833333333317,1463.2857142857142,2.717246936111111,1211.396977777775,108541.45694444438,0.0,0.0,0.0,0.0,0.0,0.0,0.0,0.0,0.0,0.0,0.0,0.0,39.12749999999993,35.92861111111103,44.48833333333327,31.557777777777805,60.0,12.36,7.626,86.60499999999999,0.435,6.3,1.035,4.299665291666669,4.651194981339761,68.863,0.034159998838273,59.390005518202805,0.0296823257772679,4.320809433222485,0.0477536558093606,0.0826607902647285,0.0170534975240695,0.0692653384255696,5.604832638717454,0.3846616615599088,2.9328739671521715,5780.897413888884,8.37,17.175211597916615,70.53,1.14,19.96,1286.7953694444443,93.9249999999996,2244.292802777779,105.594,2.57,1.95863309352518,10.89,5.112222222222225,79.75444444444445,54.46,9.28,32.44,68.98,0.044,2.25,0.22,0.027,0.053,5.56,0.16,1.0790463329847049,19.851,35.76314285714286,0.344,0.6068571428571429,8.014000000000001,0.2602857142857143,0.2801428571428571,0.5134285714285715,33.14328571428572,1.117142857142857,1.3208452164116191,0.0,1.376878418611112,0.2552125436111111,1.3086480805555554,1.321928897083333,,22.0,8.0,0.0,216.66627555555533,99.32282145833337,27.318181818181817,28.25
2026-03-22 06:00:00,545.0,179.4072531120331,58.0514522821577,47.96846473029043,58.98091286307061,54.7672199170125,81.05477178423239,57.98340248962659,49.64481327800836,1.135839158091286,6.5,4.492142857142857,0.0127571428571428,94.86849285714284,0.1445428571428571,0.0955142857142857,0.0396142857142857,0.3011428571428571,0.0457928571428571,300.0,11.47978130166842,26.612,105.0,87.55021869833156,0.3741627837065985,2.156651134826394,0.97,1.448068157676349,0.45,0.969,30.85,0.18,45.26,21.31,1.64,0.1,18.80838713692945,3.4825476141078835,23.68649958506223,158.52780082987547,165.25684647302907,187.1074688796681,173.32302904564318,182.4000000000001,44.2632981327801,1.0,401.419917012448,514.6253112033198,672.9975103734438,64.02406639004151,1467.571428571429,2.7567486556016574,1164.0759253112055,108634.22323651458,0.0,0.0,0.0,0.0,0.0,0.0,0.0,0.0,0.0,0.0,0.0,0.0,38.49419087136924,36.2091286307054,43.31078838174274,31.953112033195016,60.0,12.36,6.632,86.60499999999999,0.435,6.3,1.035,4.269952730290456,4.644146304344151,59.137,0.0341679489997801,59.40519437915349,0.0297008640952364,4.313639684123307,0.0478368872279621,0.0824962375500955,0.0170328051811894,0.0691462874342628,5.596821786698683,0.3837608096453997,2.92992711838612,5736.9913568464735,8.37,16.85082624854765,70.53,1.14,19.96,1251.4612365145226,93.9249999999998,2217.3757012448123,90.488,2.57,1.95863309352518,10.89,5.112222222222225,79.75444444444445,54.46,9.28,32.44,68.98,0.044,2.25,0.22,0.027,0.053,5.56,0.16,1.079423998558153,20.061,35.78028571428571,0.284,0.5897142857142856,7.954,0.2345714285714286,0.2672857142857143,0.5048571428571429,33.147571428571425,1.0742857142857145,1.3193814843610718,0.0,0.5205559821576764,0.3122289796680498,1.3086019294605804,1.3229335860995852,,22.0,8.0,0.0,208.3841157676348,98.77146103734438,27.318181818181817,28.25
2026-03-22 07:00:00,545.0,181.15031924686195,56.508786610878666,47.26569037656919,57.07615062761502,52.994979079497895,60.100836820083806,57.211297071129735,49.02133891213373,1.183721422594142,6.5,4.412,0.0134,94.9167,0.1475999999999999,0.096,0.037,0.328,0.0493,300.0,11.4803947858473,26.85,105.0,87.54960521415269,0.3742085661080074,2.15683426443203,0.97,1.4869061129707106,0.45,0.97,30.85,0.18,45.26,21.31,1.64,0.1,18.952159121338905,3.5868733807531386,24.243084644351462,170.69748953974903,186.92719665271952,213.4000000000001,191.36223849372385,194.4242677824268,43.87512682008368,1.0,400.9112970711306,514.2711297071138,672.8652719665262,63.55857740585776,1466.0,2.786888016736402,1216.375238493726,109477.95062761508,0.0,0.0,0.0,0.0,0.0,0.0,0.0,0.0,0.0,0.0,0.0,0.0,37.82803347280338,36.09707112970708,45.82594142259413,27.741004184100444,60.0,12.36,6.672,86.60499999999999,0.435,6.3,1.035,4.134674020920503,4.649221845318861,58.96,0.0341964043419267,59.39291824966079,0.0296993894165536,4.318693690637721,0.0478198778833107,0.0826339891451831,0.0170483717774762,0.0692143487109905,5.603685888738128,0.3844534938941656,2.932218453188603,5596.779058577406,8.37,17.01454373526143,70.53,1.14,19.96,1229.5545983263596,93.9249999999996,2245.28341004184,90.362,2.57,1.95863309352518,10.89,5.112222222222225,79.75444444444445,54.46,9.28,32.44,68.98,0.044,2.25,0.22,0.027,0.053,5.56,0.16,1.0780511201721013,20.204,35.746,0.246,0.5559999999999999,7.875999999999999,0.232,0.252,0.5,33.158,1.09,1.315581025759252,0.0,0.5414523845606697,0.3031847393305437,1.2999939832635976,1.3043867199790788,,22.0,8.0,0.0,214.88625690376568,99.0024173002092,27.318181818181817,28.25
2026-03-22 08:00:00,544.2916666666666,183.09290999999968,55.8308333333331,47.25222222222223,57.993888888888925,52.12361111111115,67.50611111111114,55.99194444444439,48.73527777777814,1.157958675555555,6.5,4.326,0.0138,94.9312,0.156,0.099,0.036,0.384,0.054,300.0,11.450071720549982,26.910000000000004,105.0,87.59429245633592,0.3812716462281679,2.37182088442958,0.9556358231140838,1.4626841972222218,0.45,0.98,30.85,0.18,45.26,21.31,1.64,0.1,18.29277652777779,3.6263503166666697,24.099995388888885,210.7294444444445,210.9619444444442,240.1475,225.0413194444444,238.32638888888889,43.16445102777776,1.0,400.7411111111128,514.108888888891,672.9049999999963,63.3491666666665,1462.6,2.7633664111111123,1176.9697388888883,109024.9025,0.0,0.0,0.0,0.0,0.0,0.0,0.0,0.0,0.0,0.0,0.0,0.0,37.53194444444436,35.46083333333334,40.97638888888888,32.85916666666667,60.0,11.67,6.368,87.32499999999999,0.405,5.449999999999999,1.005,4.177300827777777,4.723096705358621,54.36099999999999,0.0359156380493368,59.16310921432645,0.0301313073710932,4.388104155552695,0.0492111992053126,0.0853744412354445,0.0173003991832379,0.0695305457956991,5.745430547635254,0.3962158716727066,2.9720369382461693,5636.582322222225,7.97,17.197001571749897,71.1,1.03,19.9,1245.3358999999996,93.9249999999996,2210.8650833333336,90.075,2.57,1.95863309352518,10.89,5.112222222222225,79.75444444444445,54.46,9.28,32.44,68.98,0.044,2.25,0.22,0.027,0.053,5.56,0.16,1.082792913972518,20.262,35.794,0.248,0.52,7.851999999999999,0.234,0.238,0.492,33.06,1.118,1.3203281795081614,0.0,0.4496045562499998,0.3047254774999999,1.300751024999998,1.2988529300694465,,22.0,8.0,0.0,210.1684452777777,99.25981057499996,27.318181818181817,28.25
2026-03-22 09:00:00,545.4361111111111,192.63051972222212,55.808611111110885,47.19444444444465,61.83972222222207,52.89833333333352,107.20861111111118,56.06333333333362,48.77972222222208,1.1560731116666676,6.147222222222222,4.371714285714285,0.0132285714285714,94.63748571428572,0.1731428571428571,0.1075714285714285,0.0245714285714285,0.5954285714285714,0.0768571428571428,300.0,11.446832730931176,26.837,105.0,87.59762268509893,0.3810891679397846,2.3722770801505386,0.9555445839698922,1.4224932000000008,0.45,1.188,30.85,0.18,45.26,21.31,1.64,0.1,17.824001777777777,3.709940877777779,24.13339144444444,163.13583333333332,162.42777777777786,188.64305555555543,173.980625,181.71583333333345,42.484370972222216,1.0,400.6344444444454,514.0363888888895,673.1066666666715,63.4366666666664,1470.0285714285717,2.6838227333333355,1188.7751194444436,107068.6191666667,0.0,0.0,0.0,0.0,0.0,0.0,0.0,0.0,0.0,0.0,0.0,0.0,37.61027777777808,34.01083333333333,33.06583333333334,41.62944444444445,60.0,11.67,5.443,87.32499999999999,0.405,5.449999999999999,1.005,4.314045552777778,4.71307680541481,52.301,0.0355742720024473,59.19851723676411,0.0300351427314965,4.379033861685245,0.0488866369667884,0.084941779315883,0.0172641058488365,0.0695435651325978,5.722737232557695,0.3944812145083267,2.966100074568364,5715.455524999998,7.97,17.110860736386933,71.1,1.03,19.9,1256.1488305555552,88.82736111111161,2222.663852777778,91.056,2.57,1.95863309352518,10.89,5.112222222222225,79.75444444444445,54.46,9.28,32.44,68.98,0.044,2.25,0.22,0.027,0.053,5.56,0.16,1.1031418485923057,20.324857142857145,36.11971428571429,0.2708571428571428,0.52,7.971999999999999,0.1882857142857143,0.2322857142857143,0.4691428571428571,32.745714285714286,1.0265714285714285,1.3466243778186584,0.0,1.0597583783333324,0.2664201102777778,1.2613697027777775,1.3152229986805577,,22.0,8.0,0.0,212.4679508333333,100.52354386319443,27.318181818181817,28.25
2026-03-22 10:00:00,540.0,185.5951727777777,56.22472222222242,47.48277777777794,72.03555555555575,54.40805555555563,90.69861111111108,56.26194444444448,49.15722222222234,1.1381019236111105,6.0,4.414923076923077,0.013,94.32753846153844,0.1855384615384615,0.1140461538461538,0.0175076923076923,0.8267692307692308,0.100676923076923,300.0,11.444263344270816,30.781,105.0,87.60026444884832,0.3809444137617361,2.37263896559566,0.955472206880868,1.3895480527777782,0.45,1.715,30.85,0.18,45.26,21.31,1.6399999999999997,0.1,18.117959333333328,3.550596408333329,23.502411666666667,156.60694444444434,165.04472222222225,196.74916666666667,177.35875000000004,191.0341666666668,43.53323633333332,1.0,400.6388888888909,514.0000000000002,673.3086111111088,63.98416666666651,1477.1538461538462,2.68862521388889,1204.3331249999965,108394.7055555556,0.0,0.0,0.0,0.0,0.0,0.0,0.0,0.0,0.0,0.0,0.0,0.0,37.957499999999925,32.73388888888883,24.838333333333367,59.31916666666658,60.0,11.67,7.61,87.32499999999999,0.405,5.449999999999999,1.005,4.212796852777782,4.600009350017921,64.171,0.0331419176886755,59.54245063969705,0.0294432064328123,4.2721663991522645,0.0470070592635302,0.0808595783141917,0.0168822521076498,0.0689567873338423,5.5121720091630175,0.3767347711583114,2.9061429617740093,5643.090508333333,7.97,16.091101479833416,71.1,1.03,19.9,1301.3093083333322,86.7000000000005,2261.119652777776,106.844,2.57,1.95863309352518,10.89,5.112222222222225,79.75444444444445,54.46,9.28,32.44,68.98,0.044,2.25,0.22,0.027,0.053,5.56,0.16,1.1313104981847586,20.513384615384616,36.52969230769231,0.2523076923076923,0.484,8.078153846153846,0.1506153846153846,0.2161538461538461,0.4710769230769231,32.30430769230769,0.8958461538461538,1.3814848429842077,0.0,0.947615297500002,0.251446143611111,1.2991360611111118,1.2853616181944454,,22.0,8.0,0.0,216.300466111111,99.59136039305554,27.318181818181817,28.25
2026-03-22 11:00:00,540.6805555555555,176.67453527777778,56.78805555555546,47.95972222222229,75.50055555555556,54.864444444444295,102.93888888888873,58.88861111111122,49.98388888888891,1.1638148391666658,6.351388888888889,4.4564615384615385,0.013,94.00676923076924,0.1947692307692307,0.1191230769230769,0.0133538461538461,1.0713846153846154,0.1251384615384615,300.0,11.447186893566204,26.796,105.0,87.59725854605165,0.3811091207642931,2.372227198089267,0.9555545603821466,1.4433691027777775,0.45,1.487,30.85,0.18,45.26,21.31,1.64,0.1,18.39368744444444,3.617806391666668,23.54431947222221,172.33250000000012,185.86999999999995,199.0194444444444,189.87069444444447,202.2608333333334,43.86017605555557,1.0,400.6575000000004,514.0277777777793,673.6163888888942,64.56000000000007,1484.076923076923,2.742661636111112,1193.253605555556,109284.25444444454,0.0,0.0,0.0,0.0,0.0,0.0,0.0,0.0,0.0,0.0,0.0,0.0,38.47666666666663,32.85194444444441,27.24083333333333,63.00027777777773,60.0,11.67,6.576,87.32499999999999,0.405,5.449999999999999,1.005,4.202452297222224,4.586095497853049,54.263,0.0326887566113189,59.59080146692958,0.0293169194478742,4.259504819121685,0.0465825700753736,0.0802705342498571,0.0168322613935831,0.0689640823397158,5.481328529568952,0.374352855536922,2.898002322024215,5665.435125000002,7.97,16.214759430521145,71.1,1.03,19.9,1264.7174527777784,91.77756944444394,2248.279736111112,91.431,2.57,1.95863309352518,10.89,5.112222222222225,79.75444444444445,54.46,9.28,32.44,68.98,0.044,2.25,0.22,0.027,0.053,5.56,0.16,1.1646922910923216,20.785692307692308,36.99584615384615,0.2061538461538461,0.424,8.175076923076924,0.1183076923076923,0.1930769230769231,0.4895384615384615,31.778153846153845,0.738923076923077,1.4220548193864584,0.0,0.6832079522222212,0.2795542588888891,1.29924758611111,1.3015863775000025,,22.0,8.0,0.0,214.52240555555548,98.40937592430556,27.318181818181817,28.25
2026-03-22 12:00:00,538.6527777777778,176.87814055555566,57.50611111111122,48.48500000000004,74.96805555555552,56.15666666666682,103.41944444444437,60.885555555555534,50.70194444444436,1.1874203786111108,6.147222222222222,4.460842105263159,0.0135473684210526,94.05078947368422,0.1863157894736842,0.1137894736842105,0.015378947368421,1.0430526315789472,0.1162842105263158,300.0,11.446547681278473,26.782,105.0,87.59791576431932,0.3810731088044209,2.372317227988948,0.9555365544022104,1.492366477777778,0.45,1.484,30.850000000000005,0.18,45.260000000000005,21.31,1.64,0.1,18.259500805555536,4.139411344444442,23.823206166666665,193.3366666666667,215.89722222222215,226.3841666666667,209.25395833333337,201.3977777777779,43.38985025000004,1.0,400.622222222224,514.1055555555589,673.9244444444449,64.9861111111107,1494.2947368421053,2.7324217916666678,1179.9910333333337,109539.46222222224,0.0,0.0,0.0,0.0,0.0,0.0,0.0,0.0,0.0,0.0,0.0,0.0,38.87055555555538,32.32749999999987,27.258611111111136,61.16444444444453,60.0,11.67,6.199,87.32499999999999,0.405,5.449999999999999,1.005,4.295148311111111,4.509321956769056,57.135,0.0323031416819812,59.77473702634113,0.0293547912838015,4.182914500743853,0.0468961232169423,0.0782121291677605,0.0165976721799247,0.067911420320294,5.378937253872408,0.3639328782707622,2.86356524022053,5710.114405555558,7.97,15.711618463790298,71.1,1.03,19.9,1225.6094583333338,88.82736111111161,2172.018958333332,91.331,2.57,1.95863309352518,10.89,5.112222222222225,79.75444444444445,54.46,9.28,32.44,68.98,0.044,2.25,0.22,0.027,0.053,5.56,0.16,1.1774249425877017,20.485684210526315,37.46252631578948,0.2128421052631579,0.373578947368421,8.09863157894737,0.1164210526315789,0.18,0.4972631578947368,31.82210526315789,0.6609473684210526,1.432114456644875,0.0,0.5099295811111109,0.3049461022222222,1.2400595805555574,1.395532029791667,,22.0,8.0,0.0,213.02431027777777,98.43635362361113,27.318181818181817,28.25
2026-03-22 13:00:00,530.5972222222222,178.34796666666657,58.17194444444465,49.678888888888814,75.55611111111119,56.81805555555541,111.4819444444446,72.41388888888889,51.2827777777777,1.1166320091666675,5.647222222222222,4.416631578947369,0.0148105263157894,94.57184210526316,0.1547368421052631,0.0948421052631579,0.0254842105263157,0.6577894736842105,0.0638631578947368,300.0,11.447770794330037,22.434,105.0,87.59665819737899,0.3811420165819737,2.372144958545065,0.9555710082909868,1.4090244750000005,0.45,1.053,30.85,0.18,45.26,21.31,1.64,0.1,18.277440277777785,3.994622836111112,24.09442547222223,224.52472222222232,243.3294444444444,262.68722222222215,238.66208333333336,224.10694444444476,43.13477558333335,1.0,400.5750000000013,514.2522222222192,674.2774999999954,65.25083333333355,1508.821052631579,2.6951757638888907,1156.089219444444,109168.33250000003,0.0,0.0,0.0,0.0,0.0,0.0,0.0,0.0,0.0,0.0,0.0,0.0,39.28361111111103,32.09388888888889,29.24500000000001,59.352777777777625,60.0,11.67,5.215,87.32499999999999,0.405,5.449999999999999,1.005,4.302387113888888,4.589723343058746,48.327,0.0333420241272994,59.55723032673247,0.0295357460632772,4.261104144681028,0.0473652409626089,0.0807256812961698,0.0168557328201626,0.068685641566826,5.506524923955554,0.3756628799635814,2.9027769155958367,5702.845858333329,7.97,14.587243679302723,71.1,1.03,19.9,1294.117688888888,81.79091666666642,2182.708769444445,75.909,2.57,1.95863309352518,10.89,5.112222222222225,79.75444444444445,54.46,9.28,32.44,68.98,0.044,2.25,0.22,0.027,0.053,5.56,0.16,1.1631548706979191,19.437263157894737,37.92989473684211,0.2886315789473684,0.3356842105263158,7.795473684210526,0.1543157894736842,0.18,0.4909473684210526,32.61157894736842,0.6862105263157894,1.402275958099816,0.0,0.4177035059166672,0.2923924522222221,1.2864100777777776,1.5730356586111118,,22.0,8.0,0.0,210.28666999999984,98.63110558333332,27.318181818181817,28.25
2026-03-22 14:00:00,537.7083333333334,162.90839416666674,58.26611111111111,51.66416666666668,69.28944444444447,57.64805555555576,110.22361111111108,82.37277777777786,51.49472222222208,1.135625555277778,6.558333333333334,4.432173913043479,0.0132260869565217,94.51669043478262,0.1575391304347826,0.1030869565217391,0.0212347826086956,0.6798260869565217,0.0762226086956521,300.0,11.449865070441168,30.238,105.0,87.59450492757458,0.3812600039685164,2.371849990078709,0.9556300019842582,1.4101794138888886,0.4499999999999999,1.145,30.85,0.18,45.26,21.31,1.64,0.1,18.270954055555546,3.32796421388889,23.27136358333333,149.15722222222217,157.9177777777779,173.52166666666656,159.60833333333332,157.83666666666664,43.98146125,1.0,400.5319444444446,514.3216666666651,674.5666666666706,65.49999999999989,1504.3478260869565,2.7094826333333346,1182.8830111111113,107805.79944444446,0.0,0.0,0.0,0.0,0.0,0.0,0.0,0.0,0.0,0.0,0.0,0.0,39.57777777777797,30.591111111111008,30.90583333333336,50.4977777777778,60.0,11.67,7.357,87.32499999999999,0.405,5.449999999999999,1.005,4.250230908333331,4.705750492388964,65.497,0.035147716689314,59.23133945066186,0.0299033543521077,4.372964715941188,0.0484271035314594,0.0845257034673343,0.0172341175931722,0.0696445333374047,5.700471624654564,0.3929850374826328,2.960882177809671,5651.787291666667,7.97,15.481225424756904,71.1,1.03,19.9,1276.569780555555,95.03025000000017,2266.672994444445,106.049,2.57,1.95863309352518,10.89,5.112222222222225,79.75444444444445,54.46,9.28,32.44,68.98,0.044,2.25,0.22,0.027,0.053,5.56,0.16,1.1841220785610862,19.745652173913044,37.960086956521735,0.2512173913043478,0.3388695652173913,7.998347826086957,0.146695652173913,0.1755652173913043,0.4944347826086956,32.07365217391304,0.7254782608695652,1.4338282759335272,0.0,0.8818721486111092,0.2745539016666668,1.2992077916666664,1.4361712570138885,,22.0,8.0,0.0,211.1507911111111,96.58536222708337,27.318181818181817,28.25
2026-03-22 15:00:00,530.3055555555555,164.24401722222248,57.64361111111143,53.19777777777762,69.66222222222211,57.321111111111165,72.3174999999999,75.60055555555574,51.78527777777767,1.142824772222223,6.297222222222223,4.458260869565217,0.0111391304347826,94.35985565217392,0.1664086956521739,0.1161304347826087,0.0144521739130434,0.7737391304347826,0.1000139130434782,300.0,11.445086730958977,31.419,105.0,87.59941786816894,0.3809908017441675,2.372522995639581,0.9554954008720836,1.459877841666667,0.4499999999999999,1.124,30.85,0.18,45.26,21.31,1.64,0.1,18.671995694444465,3.139596222222219,23.179325777777755,157.81999999999994,175.24500000000003,181.62361111111105,170.8404166666666,168.6730555555555,44.61568769444448,1.0,400.5100000000001,514.4502777777773,674.8761111111078,65.68750000000033,1496.5217391304348,2.7589457166666684,1200.2723861111094,110585.36888888896,0.0,0.0,0.0,0.0,0.0,0.0,0.0,0.0,0.0,0.0,0.0,0.0,39.36805555555549,30.583611111111093,29.186388888888896,52.39722222222223,60.0,11.67,7.179,87.32499999999999,0.405,5.449999999999999,1.005,4.151822455555557,4.630680852306749,68.473,0.0336915280475515,59.45347041899726,0.0295654929680311,4.30150657923561,0.0473785287631621,0.0819048384034583,0.0169836870007156,0.0691729148715552,5.565758474143093,0.381406904911425,2.921861171556672,5608.116686111102,7.97,15.003375998848291,71.1,1.03,19.9,1263.5829000000008,91.34808227777754,2294.140527777778,105.941,2.57,1.95863309352518,10.89,5.112222222222225,79.75444444444445,54.46,9.28,32.44,68.98,0.044,2.25,0.22,0.027,0.053,5.56,0.16,1.2113076299100678,20.293478260869563,37.91313043478261,0.1938260869565217,0.3493043478260869,8.290521739130435,0.1310434782608695,0.1703478260869565,0.4996521739130434,31.301478260869565,0.7672173913043479,1.4762142672458454,0.0,0.5300491875555555,0.3170530644444443,1.2991529472222223,1.2577188543055555,,22.0,8.0,0.0,215.3974916666666,96.76233228194448,27.318181818181817,28.25
2026-03-22 16:00:00,525.2777777777778,144.94666250000014,57.02722222222212,53.11583333333349,73.68527777777783,56.62638888888904,64.93055555555564,74.47083333333354,52.19833333333307,1.1510480352777783,6.705555555555556,4.440235294117647,0.0123176470588235,94.55877411764706,0.1656823529411764,0.1110705882352941,0.0199294117647058,0.6087058823529412,0.0832847058823529,300.0,11.70508097165992,27.17,105.0,87.36133603238866,0.3662995951417003,2.154331983805668,0.933582995951417,1.4757635111111098,0.4499999999999999,0.662,30.85,0.18,45.26,21.31,1.64,0.1,18.654948472222245,3.230227655555558,23.466556166666685,154.17833333333328,185.9338888888888,172.01361111111115,168.01638888888886,159.9397222222222,44.28708727777777,1.0,400.5205555555561,514.5744444444485,675.1113888888945,65.95888888888898,1497.976470588235,2.7752057222222204,1200.0614361111109,110756.96861111106,0.0,0.0,0.0,0.0,0.0,0.0,0.0,0.0,0.0,0.0,0.0,0.0,39.61777777777797,30.55777777777784,30.838888888888903,54.65222222222226,60.0,11.67,6.233,87.32499999999999,0.405,5.449999999999999,1.005,4.197425752777777,4.6013963094633485,59.07,0.0334726595564584,59.52644303368884,0.02955500253936,4.272520230235314,0.0474079905197223,0.0810792280345353,0.0168928051464364,0.0688084814626714,5.524401218892838,0.377339884882343,2.908369730827831,5609.156080555559,8.46,14.239036278709108,70.11,0.94,20.49,1252.520413888889,98.23638594444417,2300.494308333334,90.73,2.57,1.95863309352518,10.89,5.112222222222225,79.75444444444445,54.46,9.28,32.44,68.98,0.044,2.25,0.22,0.027,0.053,5.56,0.16,1.1673243791942032,20.09941176470588,37.277529411764704,0.2097647058823529,0.4158823529411765,8.22435294117647,0.1629411764705882,0.1963529411764706,0.5,31.948352941176477,0.8688235294117648,1.4248459553953428,0.0,0.4157455643333334,0.3247154452777779,1.2994151666666671,1.196144479513889,,22.0,8.0,0.0,215.3842655555554,94.20543278125002,27.318181818181817,28.25
2026-03-22 17:00:00,525.75,153.48755722222228,56.63861111111138,52.94527777777777,79.95333333333339,57.38166666666686,68.2813888888887,73.3266666666667,52.24055555555532,1.1400309502777772,6.294444444444444,4.433263157894737,0.0123473684210526,94.67258421052632,0.1666315789473684,0.1115894736842105,0.0259368421052631,0.5069473684210526,0.0707,300.0,11.703797685656156,31.456,105.0,87.36280264496439,0.3660796032553408,2.153598677517803,0.9333996693794506,1.4537148694444448,0.45,0.627,30.85,0.18,45.26,21.31,1.6399999999999997,0.1,18.43742813888885,3.513559361111112,23.528549361111104,158.0841666666668,167.06833333333336,172.9316666666668,167.2989583333334,171.1116666666665,43.93155769444444,1.0,400.5269444444455,514.6727777777794,675.2216666666659,66.16527777777785,1491.821052631579,2.753050211111116,1192.730397222221,111577.1277777776,0.0,0.0,0.0,0.0,0.0,0.0,0.0,0.0,0.0,0.0,0.0,0.0,38.63249999999989,31.356944444444544,24.817499999999963,66.40166666666666,60.0,11.67,7.307,87.32499999999999,0.405,5.449999999999999,1.005,4.166120350000004,4.594244087958594,69.94200000000001,0.0334367046981784,59.543579680306536,0.0295585199165022,4.265385176288925,0.0474371622201252,0.080887449601098,0.0168709502158931,0.068710431500386,5.514861456635497,0.3763691201281061,2.905161419461839,5585.281569444444,8.46,14.159575928642512,70.11,0.94,20.49,1281.5130555555568,92.25227233333383,2276.8017638888905,105.264,2.57,1.95863309352518,10.89,5.112222222222225,79.75444444444445,54.46,9.28,32.44,68.98,0.044,2.25,0.22,0.027,0.053,5.56,0.16,1.1315394535894607,19.97347368421053,36.78031578947368,0.239578947368421,0.4728421052631579,8.078842105263158,0.1930526315789473,0.2165263157894736,0.4902105263157895,32.509052631578946,0.9493684210526316,1.3801081848682148,0.0,0.5288001594722226,0.3136839297222221,1.2993079194444448,1.254993697638891,,22.0,8.0,0.0,217.3255180555554,95.33710133194444,27.318181818181817,28.25
2026-03-22 18:00:00,532.525,148.8809316666667,56.02833333333325,52.39222222222222,76.62111111111109,57.422222222222295,65.33277777777792,68.40055555555547,52.13444444444459,1.1598973805555564,6.705555555555556,4.439578947368421,0.0110842105263157,94.6830052631579,0.1697894736842105,0.1185368421052631,0.0316210526315789,0.4816842105263157,0.0647,300.0,11.70416746107404,31.47,105.0,87.36238004448681,0.3661429933269781,2.1538099777565938,0.9334524944391486,1.4620108388888888,0.45,0.634,30.85,0.18,45.26,21.31,1.64,0.0999999999999999,18.611978861111076,3.2991736944444434,23.68764452777781,141.28499999999997,150.836388888889,156.78194444444438,153.22069444444446,163.97944444444454,44.00253211111108,1.0,400.5755555555572,514.7894444444431,675.3486111111073,66.1055555555554,1477.9263157894736,2.760991313888888,1220.055852777778,111029.7286111111,0.0,0.0,0.0,0.0,0.0,0.0,0.0,0.0,0.0,0.0,0.0,0.0,38.422222222222295,30.822222222222297,25.17166666666668,63.447500000000026,60.0,11.67,7.525,87.32499999999999,0.405,5.449999999999999,1.005,4.133055875,4.687901099245248,63.862,0.035133412671072,59.27115138893239,0.0299383357865397,4.3549182612508215,0.048594625912123,0.0840895994488115,0.0171810466317998,0.069360856221227,5.679081770066706,0.390659468854718,2.953249193573643,5551.954780555555,8.46,14.659383106556756,70.11,0.94,20.49,1266.995116666666,98.46380555555643,2314.524008333333,107.574,2.57,1.95863309352518,10.89,5.112222222222225,79.75444444444445,54.46,9.28,32.44,68.98,0.044,2.25,0.22,0.027,0.053,5.56,0.16,1.1081794479271054,19.96084210526316,36.45189473684211,0.2774736842105263,0.5170526315789474,7.8830526315789475,0.2183157894736842,0.2291578947368421,0.4712631578947368,32.89431578947369,1.0062105263157894,1.3478378672650777,0.0,0.5191116897388894,0.3021134613888889,1.2990263944444442,1.2222925852777773,,22.0,8.0,0.0,219.50937361111107,94.72672344583334,27.318181818181817,28.25
2026-03-22 19:00:00,538.2166666666667,154.53520361111114,55.38472222222197,51.55638888888888,79.48222222222236,56.16916666666665,62.91499999999984,63.83749999999995,51.79444444444458,1.1469223211111104,7.0,4.416666666666667,0.0114666666666666,94.79612,0.1662666666666666,0.1091999999999999,0.0348,0.41,0.05548,300.0,11.704253688989786,31.716,105.0,87.36228149829738,0.3661577752553916,2.1538592508513053,0.9334648127128264,1.4491551611111109,0.4499999999999999,0.623,30.85,0.18,45.26,21.31,1.64,0.1,18.361184333333338,3.3639885777777763,23.55729191666665,132.8883333333333,146.393611111111,146.39499999999995,143.6464583333333,148.90888888888898,43.80335272222221,1.0,400.5961111111124,514.8030555555538,675.3811111111082,66.07527777777773,1473.7333333333331,2.748428563888892,1225.768005555557,111197.4855555556,0.0,0.0,0.0,0.0,0.0,0.0,0.0,0.0,0.0,0.0,0.0,0.0,38.30833333333332,30.919722222222298,25.545277777777805,65.98249999999987,60.0,11.67,7.23,87.32499999999999,0.405,5.449999999999999,1.005,4.092518491666664,4.603973286128098,68.354,0.0334660736752786,59.52103417503,0.0295469467770723,4.275153173186646,0.0473729408666647,0.0811373145682769,0.0169002984463235,0.0688539075986774,5.527212013927495,0.3776644965912748,2.909428855663165,5513.583524999996,8.46,15.890854987330703,70.11,0.94,20.49,1281.811847222222,95.03970456562216,2291.903966666666,105.712,2.57,1.95863309352518,10.89,5.112222222222225,79.75444444444445,54.46,9.28,32.44,68.98,0.044,2.25,0.22,0.027,0.053,5.56,0.16,1.0851479558648454,19.773333333333333,36.089333333333336,0.3453333333333333,0.5246666666666667,7.879333333333333,0.2433333333333333,0.23,0.4606666666666666,33.26533333333333,1.084666666666667,1.3220369660438276,0.0,0.7386887616666662,0.3022328227777778,1.299139080555555,1.221246342916669,,22.0,8.0,0.0,222.08833194444455,95.47591447847222,27.318181818181817,28.25
2026-03-22 20:00:00,535.7083333333334,162.76596749999993,55.00027777777756,51.60611111111096,80.1872222222222,55.6258333333333,63.05916666666659,61.02611111111078,51.74083333333338,1.1733160558333322,6.647222222222222,4.391666666666667,0.0119666666666666,94.91657,0.1622666666666666,0.0987,0.0378,0.335,0.04603,300.0,11.704073283790745,27.182,105.0,87.36248767566771,0.3661268486498417,2.153756162166139,0.9334390405415348,1.5108552555555557,0.45,0.546,30.85,0.18,45.26,21.31,1.64,0.1,18.554832472222227,3.32879210833333,23.36569263888892,150.93055555555554,176.18277777777786,174.2908333333333,167.01784722222223,166.66722222222222,44.2639448611111,1.0,400.6030555555563,514.9002777777798,675.4636111111107,66.03333333333329,1470.2333333333331,2.8099560472222223,1206.8706555555557,109565.41194444448,0.0,0.0,0.0,0.0,0.0,0.0,0.0,0.0,0.0,0.0,0.0,0.0,38.03694444444436,31.41638888888889,22.5533333333334,69.57111111111116,60.0,11.67,6.206,87.32499999999999,0.405,5.449999999999999,1.005,4.107854044444444,4.6503563385649445,57.726,0.0335382669854138,59.41620760142744,0.0294682118975851,4.321936908845234,0.0469816027439975,0.0822903024633614,0.0170388906212105,0.0695729653882132,5.583917991892735,0.3837527630530437,2.9294373419256483,5449.420163888891,8.46,15.89704233825912,70.11,0.94,20.49,1210.0122749999996,97.6680972222226,2271.368225,90.613,2.57,1.95863309352518,10.89,5.112222222222225,79.75444444444445,54.46,9.28,32.44,68.98,0.044,2.25,0.22,0.027,0.053,5.56,0.16,1.0621399290597349,19.57333333333333,35.724333333333334,0.4153333333333333,0.5296666666666667,7.889333333333333,0.2683333333333333,0.23,0.4506666666666666,33.63533333333333,1.1646666666666663,1.2966981659927126,0.0,0.3794560094444449,0.3375391858333335,1.299086652777779,1.1913732239583346,,22.0,8.0,0.0,212.67852111111097,96.56649069374998,27.318181818181817,28.25
2026-03-22 21:00:00,530.2027777777778,155.71849277777764,54.87861111111107,52.17944444444466,84.5269444444445,57.97527777777776,67.69388888888874,61.81972222222245,52.126944444444575,1.1539487472222214,6.5,4.4124,0.012,94.6376112,0.171408,0.114576,0.030832,0.554,0.0671728,300.0,11.704741778856764,27.186,105.0,87.36172368130656,0.3662414478040168,2.1541381593467226,0.9335345398366808,1.4776726249999992,0.45,0.567,30.85,0.18,45.26,21.31,1.64,0.1,18.43754825000002,3.2727623249999995,23.337432583333324,168.88972222222236,184.5641666666668,203.04527777777776,185.2231944444445,184.3936111111112,44.13688955555551,1.0,400.656944444445,515.2461111111086,675.6800000000031,66.13944444444441,1482.096,2.776853383333334,1149.362919444444,109256.34694444443,0.0,0.0,0.0,0.0,0.0,0.0,0.0,0.0,0.0,0.0,0.0,0.0,38.09666666666654,33.281388888888735,25.96944444444443,72.4183333333334,60.0,11.67,6.339,87.32499999999999,0.405,5.449999999999999,1.005,4.100260830555558,4.574743273430467,59.986,0.0332674290667822,59.593094555396256,0.0295433601173607,4.246157770146367,0.0474272330210382,0.0803244090287733,0.0168099723268762,0.0684799119794618,5.486567032307538,0.3736305637982196,2.896060747507752,5427.05716666667,8.46,14.86878028288615,70.11,0.94,20.49,1233.29033888889,95.4850000000004,2246.660527777777,90.706,2.57,1.95863309352518,10.89,5.112222222222225,79.75444444444445,54.46,9.28,32.44,68.98,0.044,2.25,0.22,0.027,0.053,5.56,0.16,1.0945140582513386,19.95424,36.2152,0.34384,0.49864,7.836239999999999,0.2252,0.22104,0.45896,33.10896,1.02664,1.3312420829066638,0.0,0.1590350087499995,0.3237238591666666,1.2991806499999994,1.218163052916667,,22.0,8.0,0.0,204.7045602777777,95.63270029305554,27.318181818181817,28.25
2026-03-22 22:00:00,530.8055555555555,167.86802027777802,54.53750000000006,51.98527777777779,78.71888888888887,61.65666666666642,65.01666666666671,65.5286111111111,52.39805555555552,1.152497203611111,5.794444444444444,4.4364,0.012,94.3301232,0.1814879999999999,0.132336,0.023152,0.7939999999999999,0.0905007999999999,300.0,11.704688221709008,27.279,105.0,87.36178488947543,0.3662322665786868,2.1541075552622897,0.9335268888155726,1.473012805555556,0.45,0.556,30.85,0.18,45.26,21.31,1.64,0.1,18.82062655555554,3.389105894444447,23.718437055555547,171.81444444444432,200.4125000000001,201.1580555555555,189.3033333333333,183.8283333333334,44.24558911111111,1.0,400.8030555555559,515.2788888888904,675.7638888888879,66.09388888888874,1495.056,2.77233628888889,1164.635544444444,110237.02722222215,0.0,0.0,0.0,0.0,0.0,0.0,0.0,0.0,0.0,0.0,0.0,0.0,38.61027777777754,34.0033333333334,26.417499999999997,68.42499999999988,60.0,11.67,6.481,87.32499999999999,0.405,5.449999999999999,1.005,4.07444675833333,4.567890623681324,59.245,0.0330657439446366,59.6160653219681,0.0294886319520634,4.23985348974597,0.0472451683686387,0.0800464174191915,0.0167857709511351,0.0684723942948772,5.4720656595493296,0.3724851379863279,2.8921579880158665,5417.367691666672,8.46,14.288991168052204,70.11,0.94,20.49,1249.8233166666655,85.12038888888804,2256.4718027777785,90.181,2.57,1.95863309352518,10.89,5.112222222222225,79.75444444444445,54.46,9.28,32.44,68.98,0.044,2.25,0.22,0.027,0.053,5.56,0.16,1.130844055728422,20.37664,36.7672,0.26224,0.46504,7.778639999999999,0.1772,0.21144,0.46856,32.51856,0.87304,1.3700633367466912,0.0,0.3138816433611109,0.3205156319444444,1.299379594444443,1.2687169184722211,,22.0,8.0,0.0,209.9707786111112,97.24251268680558,27.318181818181817,28.25
2026-03-22 23:00:00,537.1083333333333,168.38361916666662,54.03361111111096,50.988055555555626,72.00499999999991,62.3483333333332,66.71472222222219,67.1199999999999,52.46333333333326,1.1741423130555555,6.205555555555556,4.389,0.012,94.56240333333334,0.166,0.1174333333333333,0.0344666666666666,0.643,0.0756966666666666,300.0,11.703698056514511,31.284,105.0,87.36291650684056,0.3660625239739163,2.1535417465797213,0.9333854366449305,1.4877454555555558,0.45,0.644,30.85,0.18,45.26,21.31,1.64,0.0999999999999999,18.932773861111123,3.245997297222218,23.489969194444413,142.43444444444438,150.8541666666666,161.4194444444445,150.280625,146.4144444444445,44.630893694444445,1.0,400.7988888888901,515.2255555555583,675.6955555555596,65.93499999999987,1490.2,2.786819952777776,1212.470227777778,111539.43527777778,0.0,0.0,0.0,0.0,0.0,0.0,0.0,0.0,0.0,0.0,0.0,0.0,39.25722222222202,34.4233333333334,31.525833333333303,55.4861111111111,60.0,11.67,7.433,87.32499999999999,0.405,5.449999999999999,1.005,4.004112149999997,4.633485629960744,69.798,0.033968165276942,59.4364646551477,0.0296553196366658,4.303469583655692,0.0476967821427548,0.0821279979369036,0.016997378148371,0.0690756898478466,5.577915842860826,0.382125619645262,2.9244204705005874,5490.0907000000025,8.46,15.342914253588274,70.11,0.94,20.49,1252.3046500000005,91.11880555555597,2294.565777777777,104.91,2.57,1.95863309352518,10.89,5.112222222222225,79.75444444444445,54.46,9.28,32.44,68.98,0.044,2.25,0.22,0.027,0.053,5.56,0.16,1.1120890082470567,20.44,36.43066666666667,0.2783333333333333,0.4826666666666667,7.741666666666666,0.1813333333333333,0.2043333333333333,0.4813333333333333,32.76433333333333,0.8726666666666667,1.3483979907585202,0.0,0.6042824134166664,0.3136031527777778,1.2990908249999975,1.2711415994444448,,22.0,8.0,0.0,218.4048269444444,97.31082953958332,27.318181818181817,28.25
2026-03-23 00:00:00,537.6694444444445,153.7866641666666,53.473611111110976,50.153888888888986,72.08277777777772,60.24694444444444,69.64555555555548,65.21694444444455,52.32361111111073,1.1348499438888888,6.852777777777778,4.336636363636363,0.0125727272727272,94.8189609090909,0.1579636363636363,0.1047636363636363,0.042090909090909,0.4675454545454545,0.0594663636363636,300.0,11.752409913529847,31.109,105.0,87.31465974476839,0.4025860683403516,2.07758205021055,0.9329303417017584,1.4396947638888884,0.27,0.644,29.98,0.15,45.2,23.05,1.07,0.1999999999999999,18.51205686111113,3.3221289777777816,23.83244194444442,122.84277777777778,136.70166666666682,162.5808333333334,141.42354166666672,143.56888888888886,43.72101322222222,1.0,400.5213888888893,515.0247222222216,675.3305555555545,65.5758333333333,1483.090909090909,2.738964400000002,1208.7779444444438,111402.62722222222,0.0,0.0,0.0,0.0,0.0,0.0,0.0,0.0,0.0,0.0,0.0,0.0,39.89833333333343,34.54083333333347,30.996944444444477,58.92944444444436,60.0,11.82,7.4,87.15,0.41,4.9,1.03,4.062933716666665,3.5776941756326264,83.18499999999999,0.1136779467452065,49.17810602873114,0.0220928292360401,3.108947165955401,0.0639236641221374,0.085444370980345,0.0123855623008955,0.0583092023802368,4.199452425317065,0.2904202440343812,2.45497144917954,5595.6707916666655,8.77,15.451386149558603,70.0,1.05,20.18,1292.6870166666656,95.54665323766358,2290.6683527777773,104.242,2.58,1.922794117647059,10.46,5.200000000000003,80.11,54.73,9.43,34.1,68.98,0.052,2.13,0.22,0.027,0.051,5.44,0.16,1.0917243155177383,20.39227272727273,36.07563636363636,0.2980909090909091,0.5,7.725727272727273,0.2033636363636363,0.2,0.4880909090909091,33.04481818181819,0.9281818181818182,1.3255197465804227,0.0,0.7569516932499999,0.3048448116666665,1.2992584472222213,1.24993626611111,,22.0,8.0,0.0,220.63765305555552,95.37673300208333,27.318181818181817,28.25
2026-03-23 01:00:00,539.8472222222222,158.3269277777779,53.05138888888872,49.7941666666666,69.04333333333322,61.94944444444438,66.24833333333332,67.79305555555543,52.2972222222219,1.1139000416666662,7.0,4.298454545454546,0.0142090909090909,94.94370636363637,0.1721454545454545,0.1069454545454545,0.0366363636363636,0.3748181818181818,0.0530845454545454,300.0,11.752648453375478,31.003,105.0,87.31437860852176,0.4025945876205529,2.0778376286165856,0.9329729381027642,1.4392008499999984,0.27,1.028,29.98,0.15,45.2,23.05,1.07,0.2,18.86959961111111,3.4528115388888887,23.952811749999995,134.65555555555557,163.22500000000002,180.30361111111117,157.3238194444445,151.11111111111117,44.06400858333333,1.0,400.5200000000007,514.9455555555529,675.2197222222263,65.42694444444471,1477.6363636363635,2.7387835555555564,1199.389155555557,110551.22222222218,0.0,0.0,0.0,0.0,0.0,0.0,0.0,0.0,0.0,0.0,0.0,0.0,40.46888888888904,35.21583333333343,28.60305555555556,57.22305555555561,60.0,11.82,7.554,87.15,0.41,4.9,1.03,4.039798972222226,3.586660549584118,83.918,0.1138516170547439,49.235539693510326,0.0221284587335255,3.1174649062179745,0.0640265497271145,0.0858140089134631,0.0124196239185871,0.0584525131676159,4.211756476560451,0.2915357372673324,2.459491408279511,5518.612605555557,8.77,16.192094903833347,70.0,1.05,20.18,1282.2526361111102,94.4494827061474,2261.0480166666684,104.664,2.58,1.922794117647059,10.46,5.200000000000003,80.11,54.73,9.43,34.1,68.98,0.052,2.13,0.22,0.027,0.051,5.44,0.16,1.0864233635748226,20.255909090909093,35.97745454545454,0.2926363636363636,0.5,7.742090909090909,0.2415454545454545,0.2,0.4826363636363636,33.11572727272727,1.0372727272727271,1.3202123166319553,0.0,0.4428023746888875,0.3253007772222223,1.299401305555557,1.4144505230555575,,22.0,8.0,0.0,218.46303805555556,95.97831793055558,27.318181818181817,28.25
2026-03-23 02:00:00,537.6944444444445,170.98282944444443,53.49333333333342,49.450277777777615,69.17611111111083,70.96638888888867,61.46333333333327,68.76499999999993,52.27555555555548,1.1582528805555552,6.294444444444444,4.313818181818182,0.0147181818181818,94.8755190909091,0.1849181818181818,0.1091272727272727,0.0311818181818181,0.4117272727272727,0.05899,300.0,11.7554062919338,26.828000000000003,105.0,87.3111282987923,0.4026930818547785,2.080792455643357,0.933465409273893,1.4562973166666668,0.27,0.864,29.98,0.15,45.2,23.05,1.07,0.2,18.830753305555525,3.354833777777775,23.60662638888887,152.2627777777778,176.86972222222226,188.14222222222224,169.47979166666676,160.64444444444464,44.37527658333335,1.0,400.5033333333335,514.8980555555519,675.1622222222248,65.38638888888897,1477.5363636363636,2.7557146583333334,1203.1797194444446,110669.0852777777,0.0,0.0,0.0,0.0,0.0,0.0,0.0,0.0,0.0,0.0,0.0,0.0,40.69583333333357,35.76944444444438,30.189444444444494,55.876944444444405,60.0,11.82,6.384,87.15,0.41,4.9,1.03,4.063378644444444,3.575626362106541,72.49799999999999,0.115457116058374,49.59248696515766,0.0221530662914839,3.1069568815691477,0.0644612265165935,0.0848572374410328,0.0123698033049187,0.0582637038263124,4.204071698529615,0.2889353775276559,2.472775800711744,5558.964852777775,8.77,15.72389446423176,70.0,1.05,20.18,1267.494694444445,91.96183333333336,2278.3936,89.356,2.58,1.922794117647059,10.46,5.200000000000003,80.11,54.73,9.43,34.1,68.98,0.052,2.13,0.22,0.027,0.051,5.44,0.16,1.0819629354165623,19.849,36.19490909090909,0.273090909090909,0.4774545454545454,7.671090909090909,0.2459090909090909,0.2,0.4602727272727273,33.45436363636363,1.030818181818182,1.3113647377523234,0.0,0.7166956284722222,0.2980444550000002,1.2994663861111118,1.495266531944444,,22.0,8.0,0.0,217.44781611111105,97.65522490138888,27.318181818181817,28.25
2026-03-23 03:00:00,537.5138888888889,150.7236716666668,54.15638888888893,49.0691666666668,68.71249999999995,66.43861111111113,58.54750000000008,70.22916666666703,52.2191666666666,1.1644465911111108,7.058333333333334,4.379272727272728,0.0141727272727272,94.62684636363636,0.1963727272727272,0.1113090909090909,0.0257272727272727,0.5699090909090909,0.07639,300.0,11.758207787414657,27.095,105.0,87.3078265362613,0.402793135264809,2.0837940579442704,0.9339656763240451,1.4734671777777784,0.27,0.816,29.98,0.15,45.2,23.05,1.07,0.2,18.73748580555556,3.387811863888889,23.55044355555557,138.9358333333333,158.6611111111112,174.6783333333334,156.45055555555558,153.52694444444438,44.30833605555557,1.0,400.59361111111286,514.9477777777774,675.0569444444458,65.20916666666648,1482.4454545454546,2.772894880555556,1176.311436111111,109343.6080555556,0.0,0.0,0.0,0.0,0.0,0.0,0.0,0.0,0.0,0.0,0.0,0.0,40.64916666666704,36.090277777777686,31.11249999999997,54.00222222222219,60.0,11.82,6.358,87.15,0.41,4.9,1.03,4.112128197222219,3.623298597475456,71.3,0.1167396914446002,49.98228471248247,0.0223560168302945,3.152238709677419,0.0651190743338008,0.0867234221598877,0.0125493408134642,0.0590231977559607,4.270961991584853,0.2946238148667602,2.500528751753156,5537.982055555549,8.77,15.516851274411566,70.0,1.05,20.18,1238.1092499999988,95.077818218023,2246.618011111112,89.277,2.58,1.922794117647059,10.46,5.200000000000003,80.11,54.73,9.43,34.1,68.98,0.052,2.13,0.22,0.027,0.051,5.44,0.16,1.078288803702012,19.189,36.70763636363636,0.2403636363636363,0.4338181818181818,7.518363636363636,0.2186363636363636,0.2,0.422090909090909,34.043454545454544,0.9162727272727272,1.2992054066467635,0.0,0.4735556491833338,0.3090205566666668,1.2994410611111131,1.4796051833333332,,22.0,8.0,0.0,210.6398844444444,94.97088649583335,27.318181818181817,28.25
2026-03-23 04:00:00,534.9444444444445,169.08633861111088,55.2438888888888,48.7236111111113,67.96083333333328,63.94583333333334,56.79888888888878,68.58555555555553,52.24555555555549,1.152137105833334,6.088888888888889,4.41312,0.013344,94.4833528,0.196064,0.111016,0.02236,0.67576,0.0849832,300.0,11.757443383268916,31.307,105.0,87.30872744114734,0.4027658351167471,2.082975053502412,0.9338291755837352,1.4403954361111115,0.27,0.823,29.98,0.15,45.20000000000001,23.05,1.07,0.2,18.84035025,3.290541416666664,23.628230944444446,166.45416666666662,185.42916666666665,201.4786111111113,180.29444444444445,167.81583333333336,44.36167933333332,1.0,400.5955555555565,514.9772222222209,674.8749999999948,65.10749999999979,1487.28,2.7398765805555527,1189.12811111111,109712.0594444444,0.0,0.0,0.0,0.0,0.0,0.0,0.0,0.0,0.0,0.0,0.0,0.0,40.63305555555573,36.42444444444426,33.54222222222221,49.98194444444444,60.0,11.82,7.02,87.15,0.41,4.9,1.03,4.100441836111112,3.843537021852589,76.833,0.1234634857418036,51.97078429841345,0.0233236630093839,3.361422435672172,0.0684045917769708,0.0951246209311103,0.013375307485065,0.0625264795075032,4.58325784493642,0.3203647000637747,2.6370153449689586,5554.252797222225,8.77,15.010808796539884,70.0,1.05,20.18,1271.7557083333331,88.77599999999944,2290.692474999998,104.387,2.58,1.922794117647059,10.46,5.200000000000003,80.11,54.73,9.43,34.1,68.98,0.052,2.13,0.22,0.027,0.051,5.44,0.16,1.0907060156521575,19.5048,36.7552,0.2136,0.42,7.61104,0.19688,0.2,0.4296799999999999,33.71176,0.85704,1.3167192626762747,0.0,0.5938343964166672,0.288258333888889,1.2993428833333331,1.426617995138889,,22.0,8.0,0.0,215.0156588888887,97.4039398659722,27.318181818181817,28.25
2026-03-23 05:00:00,530.3611111111111,163.2132624999999,55.65277777777808,48.361388888888754,72.72694444444458,62.225555555555474,55.16333333333334,64.34305555555545,52.29055555555528,1.1726095444444438,6.205555555555556,4.432320000000001,0.012384,94.3886008,0.190304,0.109576,0.01996,0.75736,0.0894952,300.0,11.755875199881002,26.891,105.0,87.31057565728311,0.4027098285671786,2.081294857015358,0.9335491428358932,1.4805227416666664,0.27,0.688,29.98,0.15,45.2,23.05,1.07,0.2,18.511839583333344,3.300049844444447,24.313030555555542,166.90222222222218,191.39916666666653,203.5288888888889,187.68270833333324,188.90055555555531,43.22395208333334,1.0,400.6500000000004,514.9247222222194,674.7069444444484,64.81055555555506,1492.08,2.7797388777777776,1165.7058416666655,111076.73111111105,0.0,0.0,0.0,0.0,0.0,0.0,0.0,0.0,0.0,0.0,0.0,0.0,40.18333333333335,37.795833333333206,34.47750000000002,59.29222222222207,60.0,11.82,5.79,87.15,0.41,4.9,1.03,4.051812630555554,3.930664226364976,61.741,0.1235812507086053,52.15987415169823,0.0236108096726648,3.444212597787532,0.0689200045350739,0.099149511669717,0.0137131079833498,0.0639297873374257,4.696383116567597,0.3322633744189436,2.664673393693008,5552.757055555554,8.77,14.760436214081288,70.0,1.05,20.18,1251.1451500000005,90.43650000000028,2258.8038194444443,89.432,2.58,1.922794117647059,10.46,5.200000000000003,80.11,54.73,9.43,34.1,68.98,0.052,2.13,0.22,0.027,0.051,5.44,0.16,1.1105801917396014,20.2728,36.5872,0.1896,0.42,7.81744,0.17768,0.2,0.45848,32.95336,0.8234400000000001,1.3479841078659407,0.0,0.1991054124611113,0.3079131594444445,1.2992831750000011,1.4542600395833345,,22.0,8.0,0.0,210.60061055555565,96.62575728125,27.318181818181817,28.25
2026-03-23 06:00:00,533.50622406639,155.28563941908718,55.165975103734425,48.31410788381741,77.8979253112033,60.09585062240672,54.09917012448134,64.31203319502075,52.30124481327798,1.1557744813278008,6.5,4.4265,0.012225,94.4915725,0.18125,0.106075,0.0248499999999999,0.6775,0.0800275,300.0,11.757021873605,31.362,105.0,87.3092242203941,0.4027507812001785,2.082523436005357,0.9337539060008928,1.4455564107883816,0.27,0.808,29.98,0.15,45.2,23.05,1.07,0.2,18.592922365145228,3.597327921161827,24.306131576763487,173.48921161825717,189.40290456431543,197.1514522821577,185.778112033195,183.06887966804976,43.3403038174274,1.0,400.6153526970952,514.793360995852,674.4746887966794,64.49709543568468,1489.05,2.7448924771784227,1201.3788672199162,110698.00290456432,0.0,0.0,0.0,0.0,0.0,0.0,0.0,0.0,0.0,0.0,0.0,0.0,39.8792531120331,39.09668049792536,34.70871369294607,63.05767634854772,60.0,11.82,6.879,87.15,0.41,4.9,1.03,4.051467402489627,3.696741146711635,80.64800000000001,0.1163916030155738,50.03651944251562,0.0225812295407201,3.222031792480904,0.06541550937407,0.0902395595675032,0.0128360281718083,0.0602091558377145,4.364485542108917,0.3049554979664716,2.519208163872632,5504.517771784233,8.77,14.716420047746947,70.0,1.05,20.18,1278.811232365145,94.77000000000028,2254.814630705394,104.5,2.58,1.922794117647059,10.46,5.200000000000003,80.11,54.73,9.43,34.1,68.98,0.052,2.13,0.22,0.027,0.051,5.44,0.16,1.1075316128640738,20.50575,36.319750000000006,0.22725,0.4357499999999999,7.855,0.197,0.2045,0.4745,32.7985,0.87975,1.3470621632692656,0.0,0.4186188874273859,0.2897819622406641,1.2994160207468888,1.4501992053941914,,22.0,8.0,0.0,216.9617145228216,95.57534722302906,27.318181818181817,28.25
2026-03-23 07:00:00,535.0,153.36618057851243,53.71404958677685,48.37438016528911,65.92644628099173,58.261157024793285,52.34214876033058,67.5570247933884,53.008264462809855,1.1481157975206606,6.5,4.404,0.0126,94.72636,0.17,0.1012,0.0346,0.49,0.06124,300.0,11.75898100492465,27.007,105.0,87.30691524419596,0.4028207501758803,2.08462250527641,0.9341037508794016,1.4687036074380162,0.27,0.738,29.980000000000004,0.15,45.20000000000001,23.05,1.07,0.2,18.70527049586776,3.3640380454545467,24.573325619834723,168.55826446281,186.89132231404955,205.1665289256199,186.4236570247934,185.0785123966943,43.22137520661156,1.0,400.5008264462809,514.6347107438022,674.2053719008265,64.08305785123972,1480.8,2.7679613057851267,1190.6708677685954,110921.05867768596,0.0,0.0,0.0,0.0,0.0,0.0,0.0,0.0,0.0,0.0,0.0,0.0,39.72355371900816,36.9409090909091,29.19049586776861,57.0210743801654,60.0,11.82,6.209,87.15,0.41,4.9,1.03,4.0325573181818175,3.3079967048855115,59.482,0.1164984365017988,49.3414609461686,0.02132382905753,2.852629366867288,0.0633109175885141,0.0721068558555529,0.0113260818398843,0.0539435459466729,3.862334487744192,0.2514392925590935,2.402353653206012,5504.600413223141,8.77,14.534512933425676,70.0,1.05,20.18,1260.3867066115697,94.77000000000037,2273.8030413223146,97.243,2.58,1.922794117647059,10.46,5.200000000000003,80.11,54.73,9.43,34.1,68.98,0.052,2.13,0.22,0.027,0.051,5.44,0.16,1.0892011973465654,20.382,35.986000000000004,0.306,0.4619999999999999,7.78,0.242,0.212,0.482,33.046,0.996,1.3246823588150298,0.0,0.3264642110330591,0.3205878074380165,1.2992486198347115,1.3775805782024797,,22.0,8.0,0.0,215.79684752066112,95.3210189266529,27.318181818181817,28.25
2026-03-23 08:00:00,538.4472222222222,163.6066783333333,52.839999999999925,48.71694444444433,65.96611111111103,58.23527777777779,51.0658333333331,64.97694444444441,53.3394444444442,1.1407253897222207,6.5,4.3815,0.0129749999999999,94.9611475,0.15875,0.096325,0.04435,0.3025,0.0424525,300.0,11.778316784266147,31.321,105.0,87.27348520162191,0.3881980141119377,2.2273267137064594,0.9481980141119376,1.4449776000000012,0.27,1.002,29.98,0.15,45.2,23.05,1.07,0.2,18.127001138888883,3.473652888888892,24.61685011111111,173.79055555555553,174.43250000000012,193.90361111111105,181.98263888888897,185.80388888888908,42.40947013888893,1.0,400.4727777777765,514.4924999999993,673.9641666666631,64.0897222222223,1472.55,2.7441646861111173,1195.225594444444,111533.94833333328,0.0,0.0,0.0,0.0,0.0,0.0,0.0,0.0,0.0,0.0,0.0,0.0,40.05222222222231,35.59277777777774,30.266111111111115,53.93222222222232,60.0,11.82,7.487,87.15,0.41,4.9,1.03,4.09196915,3.127125517054316,73.735,0.1250151217196718,51.00831965823557,0.0210573947243507,2.6806367396758666,0.0649440564182545,0.0613343730928324,0.010586763409507,0.0509704075405167,3.6634039465654022,0.2208262697497796,2.4357008205058657,5638.164202777775,8.49,15.44332518791834,70.16000000000001,0.96,20.39,1287.625147222222,94.39300000000009,2271.620172222219,109.675,2.6,1.932481751824817,10.59,5.200000000000003,80.11,54.55,9.28,34.1,68.98,0.05,2.19,0.22,0.028,0.051,5.48,0.16,1.0708707818290568,20.25825,35.65225,0.38475,0.4882499999999999,7.705,0.287,0.2195,0.4895,33.2935,1.11225,1.3023025543607938,0.0,0.6087553244333334,0.3042522530555555,1.2992675055555565,1.2614395193055548,,22.0,8.0,0.0,218.67380361111125,96.67788487916668,27.318181818181817,28.25
2026-03-23 09:00:00,540.5472222222222,159.3557175,52.741944444444165,48.98361111111121,65.08888888888883,57.77527777777787,51.91555555555547,63.53222222222237,53.18944444444469,1.148288702222222,6.852777777777778,4.38448,0.013,94.9948096,0.158896,0.095552,0.04724,0.2676,0.0384224,300.0,11.776267213484838,26.578000000000003,105.0,87.27578072089699,0.3879520656181804,2.2265068853939347,0.9479520656181802,1.4303935333333335,0.27,0.864,29.98,0.15,45.2,23.05,1.07,0.2,17.80808761111112,3.535453616666665,24.671971750000008,183.5516666666668,174.6975000000001,202.1336111111112,190.71409722222228,202.47361111111096,41.923296666666666,1.0,400.3777777777771,514.4219444444414,673.7794444444506,64.3791666666665,1468.864,2.729865863888887,1198.1485,110830.8599999999,0.0,0.0,0.0,0.0,0.0,0.0,0.0,0.0,0.0,0.0,0.0,0.0,40.54361111111139,32.32972222222227,32.361388888888904,52.856388888888894,60.0,11.82,6.475,87.15,0.41,4.9,1.03,4.062762430555554,3.012190079859824,59.354000000000006,0.1245483033999393,50.68566499309229,0.0206668800754793,2.571427031034134,0.0641680425919061,0.0561107928698992,0.0101425009266435,0.0491213397580618,3.51289601374802,0.2053400950230818,2.395988475924116,5566.617313888889,8.49,15.83121588777604,70.16000000000001,0.96,20.39,1292.9340500000003,99.34513888888888,2272.5136305555548,98.175,2.6,1.932481751824817,10.59,5.200000000000003,80.11,54.55,9.28,34.1,68.98,0.05,2.19,0.22,0.028,0.051,5.48,0.16,1.0576894191335524,19.99016,35.54936,0.4572,0.49896,7.6104,0.30344,0.22,0.47208,33.61464,1.1782400000000002,1.2841433437651724,0.0,0.6549865002777788,0.2821047991666669,1.299369422222222,1.1861888938888905,,22.0,8.0,0.0,219.06141805555544,96.11463256875,27.318181818181817,28.25
2026-03-23 10:00:00,545.8694444444444,179.289073888889,53.04444444444456,49.08361111111133,76.7241666666667,56.836666666666375,53.04111111111126,61.70972222222213,53.83194444444459,1.1647399950000008,6.294444444444444,4.389279999999999,0.013,95.0141056,0.159856,0.095072,0.04964,0.2435999999999999,0.0354464,300.0,11.776676845928831,31.109,105.0,87.2753219325597,0.3880012215114597,2.2266707383715323,0.9480012215114596,1.433248225,0.27,1.001,29.98,0.15,45.2,23.05,1.07,0.2,17.680797388888887,3.640866094444442,24.581284305555545,187.9408333333332,200.20861111111105,231.64500000000012,206.62187500000005,206.69305555555573,41.8363897777778,1.0,400.3405555555546,514.3211111111087,673.5219444444429,64.87166666666629,1465.504,2.732257041666671,1241.6608722222204,111161.44472222216,0.0,0.0,0.0,0.0,0.0,0.0,0.0,0.0,0.0,0.0,0.0,0.0,40.95083333333345,32.58305555555556,20.7063888888889,64.68527777777764,60.0,11.82,7.441,87.15,0.41,4.9,1.03,4.055267083333335,3.044926015354135,64.608,0.1220516035165923,50.15943567360078,0.020679157379891,2.602569650817236,0.0635777303120356,0.0583240465577018,0.0102804606240713,0.0496659856364536,3.544984986379395,0.2115253683754333,2.380056649331352,5574.554174999994,8.49,16.36361416879785,70.16000000000001,0.96,20.39,1294.5479333333335,91.26944444444445,2288.884616666668,118.253,2.6,1.932481751824817,10.59,5.200000000000003,80.11,54.55,9.28,34.1,68.98,0.05,2.19,0.22,0.028,0.051,5.48,0.16,1.044875845925334,19.71176,35.46296,0.5292,0.50856,7.5144,0.31784,0.22,0.45288,33.94104,1.24064,1.2662856041594517,0.0,0.7661844200000008,0.2685082683333336,1.2991523638888898,1.1459479159027777,,22.0,8.0,0.0,224.7656566666665,98.7558022902778,27.318181818181817,28.25
2026-03-23 11:00:00,542.8833333333333,170.1648199999999,53.53027777777769,49.51666666666669,83.55194444444442,56.84666666666666,53.52944444444445,60.1008333333332,54.79833333333313,1.1676696769444428,6.352777777777778,4.406105263157895,0.0124631578947368,94.59504210526316,0.1761052631578947,0.1100315789473684,0.0322842105263157,0.5996842105263158,0.0682842105263157,300.0,11.776641860465116,26.875,105.0,87.27536111627906,0.3879970232558139,2.2266567441860463,0.9479970232558138,1.4392745527777786,0.27,0.873,29.98,0.15,45.2,23.05,1.07,0.2,18.14178261111113,3.5015834333333324,23.92474461111112,164.90999999999988,168.14194444444442,206.57361111111103,184.5059722222221,198.39833333333323,43.12662277777777,1.0,400.3313888888887,514.2599999999983,673.2972222222231,65.45249999999969,1476.2736842105264,2.7385544583333346,1224.6103361111104,110630.4411111111,0.0,0.0,0.0,0.0,0.0,0.0,0.0,0.0,0.0,0.0,0.0,0.0,40.7663888888889,35.09722222222232,25.731111111111105,67.66138888888874,60.0,11.82,6.287,87.15,0.41,4.9,1.03,4.118913955555552,3.039486034817532,60.257000000000005,0.1251987320975156,50.88912209369865,0.0207799259837031,2.597355493967505,0.0645188110924871,0.0572024826991054,0.0102456644041356,0.0495567817846889,3.550851685281378,0.2086537995585575,2.411009509268633,5631.826733333331,8.49,15.67477966230554,70.16000000000001,0.96,20.39,1283.9871111111115,92.11527777777778,2295.1859111111103,98.761,2.6,1.932481751824817,10.59,5.200000000000003,80.11,54.55,9.28,34.1,68.98,0.05,2.19,0.22,0.028,0.051,5.48,0.16,1.062586884080935,19.67,35.94926315789474,0.3950526315789474,0.4724210526315789,7.612736842105263,0.2502105263157895,0.2038947368421052,0.4392631578947368,33.834315789473685,1.0728421052631578,1.2876046776212808,0.0,0.6662278295555553,0.2716049283333331,1.29924638611111,1.1213530151388884,,22.0,8.0,0.0,221.0049786111109,97.54683864999998,27.318181818181817,28.25
2026-03-23 12:00:00,536.1083333333333,166.58182999999997,53.7033333333335,49.59583333333343,85.42999999999986,58.31333333333332,54.41055555555568,60.64083333333318,55.74472222222197,1.154500958611112,6.147222222222222,4.415428571428572,0.011847619047619,94.24349523809524,0.19,0.1202571428571428,0.016695238095238,0.9054285714285716,0.096847619047619,300.0,11.775296003578884,26.824,105.0,87.27686847599165,0.3878355204294661,2.226118401431554,0.947835520429466,1.4551441555555549,0.27,0.902,29.98,0.15,45.2,23.05,1.07,0.2,18.04615169444441,3.3765753388888875,24.094401111111114,169.74027777777772,197.76805555555543,226.0066666666666,199.19291666666655,203.2566666666666,42.82694830555559,1.0,400.3158333333338,514.1797222222244,673.1033333333364,65.8852777777776,1488.5904761904762,2.754364358333336,1190.3012305555565,110300.7666666668,0.0,0.0,0.0,0.0,0.0,0.0,0.0,0.0,0.0,0.0,0.0,0.0,40.326666666666725,34.991111111111024,25.449444444444406,67.93416666666653,60.0,11.82,6.466,87.15,0.41,4.9,1.03,4.101245797222222,2.887287689269256,54.684000000000005,0.1123048789408236,47.57633603979225,0.0198008923999707,2.4529141979372397,0.0597037524687294,0.0536720064369833,0.009710701484895,0.0471922317314022,3.3012310730743906,0.1964305464121132,2.2312486284836512,5587.762327777776,8.49,14.85157991728472,70.16000000000001,0.96,20.39,1265.6496111111117,89.15486111111112,2290.502091666669,104.461,2.6,1.932481751824817,10.59,5.200000000000003,80.11,54.55,9.28,34.1,68.98,0.05,2.19,0.22,0.028,0.051,5.48,0.16,1.0850212673067232,19.656285714285715,36.48361904761905,0.27,0.4247619047619048,7.745047619047619,0.1808571428571428,0.1854285714285714,0.4056190476190476,33.62685714285715,0.9001904761904762,1.3153633945069871,0.0,0.5030598874999993,0.3006431930555556,1.2991903111111094,1.1087252163888903,,22.0,8.0,0.0,214.75137083333323,97.072092475,27.318181818181817,28.25
2026-03-23 13:00:00,531.5583333333333,151.17844055555548,54.056388888889096,49.5058333333333,86.01694444444456,61.0511111111111,54.9297222222223,61.05777777777772,56.20138888888874,1.1661055555555562,6.352777777777778,4.398285714285714,0.0112761904761904,94.29035238095238,0.19,0.1099714285714285,0.0155523809523809,0.8882857142857143,0.0962761904761904,300.0,11.77510756496775,26.821,105.0,87.27707952723613,0.3878129077961299,2.2260430259871,0.9478129077961298,1.4602684666666663,0.27,0.901,29.98,0.15,45.2,23.05,1.07,0.2,17.96016591666665,3.251904908333332,24.547984500000005,190.7938888888889,213.95694444444453,225.17833333333343,210.2893055555556,211.22805555555556,42.25257419444444,1.0,400.3108333333336,514.1041666666699,673.0555555555571,66.1822222222223,1498.304761904762,2.759311436111114,1176.703955555556,110872.3336111112,0.0,0.0,0.0,0.0,0.0,0.0,0.0,0.0,0.0,0.0,0.0,0.0,39.85416666666647,34.86027777777779,28.906944444444456,66.17638888888872,60.0,11.82,6.697,87.15,0.41,4.9,1.03,4.142480475000003,2.8739487449419348,60.794,0.1256076257525413,50.67856959568378,0.0202581669243675,2.44004934697503,0.0637347435602197,0.0493808599532848,0.0096011119518373,0.0468862387735631,3.3385125176826653,0.185620011843274,2.3650146396025926,5667.142180555556,8.49,13.925844045786258,70.16000000000001,0.96,20.39,1267.0774972222218,92.11527777777778,2300.0044722222237,93.146,2.6,1.932481751824817,10.59,5.200000000000003,80.11,54.55,9.28,34.1,68.98,0.05,2.19,0.22,0.028,0.051,5.48,0.16,1.105631435137203,19.604857142857146,36.87219047619048,0.27,0.3676190476190476,7.876476190476191,0.1465714285714285,0.1682857142857143,0.3141904761904762,33.35257142857143,0.8259047619047619,1.3418188538785154,0.0,0.479058151111111,0.2941629088888889,1.2991915027777776,1.1217791185416677,,22.0,8.0,0.0,212.55234916666683,95.0311433736111,27.318181818181817,28.25
2026-03-23 14:00:00,530.2916666666666,156.55895055555527,54.65194444444451,50.32499999999983,85.00444444444452,61.83611111111087,54.60083333333329,62.31972222222227,56.19472222222256,1.1420330663888885,6.147222222222222,4.394592592592592,0.0114592592592592,94.48591111111112,0.1831111111111111,0.1015555555555555,0.0189037037037037,0.7238518518518519,0.0806148148148148,300.0,11.775606504168524,31.426,105.0,87.27652071533124,0.3878727805002228,2.2262426016674093,0.9478727805002228,1.428567966666666,0.27,1.002,29.98,0.15,45.2,23.05,1.07,0.2,17.758873861111088,3.6433979166666632,24.635706305555534,174.6416666666666,199.12749999999983,211.46666666666653,197.05583333333325,202.9875,41.89062866666667,1.0,400.30194444444527,514.0608333333352,672.9638888888866,66.41277777777749,1496.8,2.7279368722222253,1208.7076333333312,111799.23805555556,0.0,0.0,0.0,0.0,0.0,0.0,0.0,0.0,0.0,0.0,0.0,0.0,39.97277777777759,33.83944444444432,26.618055555555564,67.65499999999994,60.0,11.82,7.812,87.15,0.41,4.9,1.03,4.220435338888891,2.884200074665441,69.644,0.1263481419792085,50.87162655792315,0.0203192952731032,2.4497800241226804,0.0640195853196255,0.0496539543966457,0.0096377003044052,0.0470463787260926,3.354801275055998,0.1865296507954741,2.3757969099994254,5788.660483333335,8.49,13.957991492481876,70.16000000000001,0.96,20.39,1307.8001972222228,89.15486111111112,2301.136830555555,107.215,2.6,1.932481751824817,10.59,5.200000000000003,80.11,54.55,9.28,34.1,68.98,0.05,2.19,0.22,0.028,0.051,5.48,0.16,1.112693791267494,19.279185185185185,37.08525925925926,0.2745925925925926,0.3491851851851852,7.979037037037037,0.1529629629629629,0.1622962962962963,0.2906666666666667,33.330222222222226,0.8497037037037037,1.3520830672621895,0.0,0.562996710277778,0.2865348988888889,1.2993404222222231,1.0732851897916675,,22.0,8.0,0.0,221.31665694444456,95.74406094861108,27.318181818181817,28.25
2026-03-23 15:00:00,535.7166666666667,156.31388416666664,55.11333333333357,51.47694444444448,77.77805555555551,61.8286111111108,54.62694444444462,62.52361111111094,56.409444444444446,1.1170033402777777,6.705555555555556,4.4034814814814816,0.0123481481481481,94.8205777777778,0.1697777777777777,0.0948888888888888,0.0264592592592592,0.4216296296296297,0.050837037037037,300.0,11.774832313655148,31.219,105.0,87.27738780870624,0.3877798776386175,2.2259329254620583,0.9477798776386176,1.4126298944444446,0.27,0.998,29.98,0.15,45.2,23.05,1.07,0.2,18.10392505555557,3.4071582583333315,24.530551111111123,153.30999999999997,175.74861111111105,189.87194444444424,173.67881944444434,175.78472222222217,42.46275144444441,1.0,400.3152777777775,514.0341666666687,672.917777777775,66.66222222222217,1484.8,2.7147954444444453,1221.622877777776,110923.7580555555,0.0,0.0,0.0,0.0,0.0,0.0,0.0,0.0,0.0,0.0,0.0,0.0,40.397777777777726,32.70166666666674,27.068611111111125,61.24888888888894,60.0,11.82,7.459,87.15,0.41,4.9,1.03,4.147034224999998,2.8573438821485144,65.03099999999999,0.122910458089219,50.01381172056404,0.0201027971275238,2.4243091756239337,0.0628112746228721,0.0493516938075687,0.0095483538620042,0.0466370961541418,3.30598945118482,0.1851572480816841,2.332033953037782,5683.690155555558,8.49,15.198485798571758,70.16000000000001,0.96,20.39,1313.0076249999993,97.23055555555555,2311.671341666666,113.193,2.6,1.932481751824817,10.59,5.200000000000003,80.11,54.55,9.28,34.1,68.98,0.05,2.19,0.22,0.028,0.051,5.48,0.16,1.1070823880653502,18.696962962962964,37.13414814814815,0.2834814814814814,0.366962962962963,8.054592592592593,0.1974074074074074,0.1667407407407407,0.3306666666666666,33.54355555555556,0.9652592592592592,1.3472006311733549,0.0,0.6424286305555557,0.2956265619444445,1.301982636111112,1.0768558683333345,,22.0,8.0,0.0,222.7265833333333,95.71158965208332,27.318181818181817,28.25
2026-03-23 16:00:00,538.3555555555556,158.17309444444453,55.58083333333348,51.461666666666666,69.17305555555551,61.02638888888887,54.68277777777799,60.49166666666652,55.75500000000011,1.1611359055555557,6.647222222222222,4.402275862068966,0.0131103448275862,95.05055172413792,0.1617655172413793,0.0909931034482758,0.0312275862068965,0.2187586206896551,0.0313172413793103,300.0,11.67904983488442,26.648000000000003,105.0,87.35834359051334,0.3582460222155508,2.004262984088862,0.9626065746022214,1.4499940805555551,0.24,0.861,30.08,0.111,45.52,22.9,0.92,0.1,17.97330741666666,3.4441872277777827,24.629750638888872,176.73777777777772,196.2444444444444,209.04444444444417,194.10111111111104,194.3777777777779,42.189004277777805,1.0,400.3141666666672,514.0588888888909,672.910833333329,66.62722222222249,1475.448275862069,2.7575994527777805,1214.580038888889,111491.44222222223,0.0,0.0,0.0,0.0,0.0,0.0,0.0,0.0,0.0,0.0,0.0,0.0,40.8658333333332,31.381944444444475,33.59555555555559,50.82722222222227,60.0,11.705,6.179,87.28999999999999,0.38,4.3,1.005,4.113540430555553,2.792455035823783,60.993,0.0984053907825488,51.12966799468792,0.020017772531274,2.8864389356155624,0.0457614808256685,0.0545129768989884,0.008264390995688,0.0529991966291213,3.153052809338777,0.2360077877789254,1.9792418802157627,5660.040197222224,8.36,15.258835397537704,70.4,0.94,20.3,1282.711719444445,96.46922222222248,2298.4143638888872,96.844,2.38,2.011538461538461,10.46,5.200000000000003,80.11,55.25,9.16,34.1,68.98,0.054,2.05,0.21,0.024,0.044,5.2,0.13,1.1034094706334985,18.22806896551724,37.202,0.2800689655172413,0.381103448275862,8.119931034482757,0.2288965517241379,0.17,0.3622068965517241,33.71544827586207,1.0533103448275862,1.3442458996526103,0.0,0.6875289288888888,0.2888581549999997,1.3076678749999984,1.0437165815972225,,22.0,8.0,0.0,219.36267361111103,95.9579350138889,27.318181818181817,28.25
2026-03-23 17:00:00,540.0,164.74637555555535,56.15611111111126,51.35277777777757,78.23055555555564,60.036388888888816,54.888333333333314,59.25333333333339,54.93499999999983,1.1673610002777783,6.852777777777778,4.373310344827586,0.0135241379310344,94.99262068965515,0.1683862068965517,0.0947172413793103,0.0283310344827586,0.2891034482758621,0.0400068965517241,300.0,11.680529164931611,31.219,105.0,87.35682533072807,0.3585185303821391,2.005820173612223,0.9626455043403056,1.4450164333333324,0.24,1.001,30.08,0.111,45.52,22.9,0.92,0.1,18.07351963888887,3.549800699999998,24.20568102777777,153.93749999999994,180.92000000000004,191.0791666666667,175.5288888888889,176.1788888888889,42.75350641666668,1.0,400.3155555555554,513.991944444444,672.7922222222213,66.78777777777753,1473.3793103448277,2.744494258333332,1207.5922499999983,112292.355,0.0,0.0,0.0,0.0,0.0,0.0,0.0,0.0,0.0,0.0,0.0,0.0,40.374444444444485,31.90472222222217,29.014999999999965,62.51944444444443,60.0,11.705,7.451,87.28999999999999,0.38,4.3,1.005,4.074208272222222,2.7919417020572497,72.524,0.0983237273178534,51.08676121008218,0.0200088246649385,2.884854944570073,0.0457441674480172,0.0544993381501296,0.0082579559869836,0.052965887154597,3.152485659919475,0.2359250730792565,1.9785064254591584,5648.414227777778,8.36,16.392648775987368,70.4,0.94,20.3,1298.110688888888,99.5023333333329,2263.9460388888897,113.452,2.38,2.011538461538461,10.46,5.200000000000003,80.11,55.25,9.16,34.1,68.98,0.054,2.05,0.21,0.024,0.044,5.2,0.13,1.1050673890699492,18.070827586206896,37.322,0.2428275862068965,0.3852413793103448,8.157172413793102,0.2247586206896552,0.17,0.3704827586206896,33.77337931034483,1.0657241379310345,1.3465923556941144,0.0,0.630039552222222,0.2776554080555556,1.299435708333334,1.051797986944445,,22.0,8.0,0.0,221.4149158333332,96.82889476111109,27.318181818181817,28.25
2026-03-23 18:00:00,540.0,164.60268083333352,56.14527777777808,51.07277777777803,76.97388888888884,59.39805555555536,54.42444444444438,58.6411111111112,54.86916666666649,1.1736086177777785,6.647222222222222,4.344344827586207,0.0139379310344827,94.93468965517242,0.1750068965517241,0.0984413793103448,0.0254344827586206,0.3594482758620689,0.0486965517241379,300.0,11.681397604745737,26.803,105.0,87.35593403723463,0.3586785061373727,2.006734320784987,0.9626683580196246,1.447980458333333,0.2399999999999999,0.868,30.08,0.111,45.52,22.9,0.92,0.1,17.731915833333296,3.4958686944444413,24.12461408333332,171.03388888888887,199.2741666666668,205.25499999999988,192.29555555555555,193.61916666666664,42.3627533888889,1.0,400.2911111111116,513.8647222222188,672.6500000000027,66.79999999999957,1471.3103448275865,2.747375666666668,1215.3860555555552,111335.97611111116,0.0,0.0,0.0,0.0,0.0,0.0,0.0,0.0,0.0,0.0,0.0,0.0,40.474444444444536,31.9358333333334,26.479722222222215,62.95194444444443,60.0,11.705,6.134,87.28999999999999,0.38,4.3,1.005,4.050536241666665,2.787906946812961,62.158,0.098182534830593,51.02439637697481,0.0199872582772933,2.879332668361273,0.045708838765726,0.0543468258309469,0.0082473696064866,0.0528795971556356,3.1465344766562637,0.2353234660059847,1.9760642234306125,5563.58743611111,8.36,15.88706668111144,70.4,0.94,20.3,1283.5669083333337,96.51766666666688,2280.2280361111107,96.161,2.38,2.011538461538461,10.46,5.200000000000003,80.11,55.25,9.16,34.1,68.98,0.054,2.05,0.21,0.024,0.044,5.2,0.13,1.1067253075064,17.913586206896554,37.442,0.2055862068965517,0.3893793103448276,8.194413793103447,0.2206206896551724,0.17,0.3787586206896551,33.83131034482759,1.0781379310344827,1.348938811735618,0.0,0.5849729875000003,0.2743718555555553,1.2992307277777773,1.0712712244444458,,22.0,8.0,0.0,220.5797161111112,96.80985521041669,27.318181818181817,28.25
2026-03-23 19:00:00,535.0277777777778,165.62593916666674,55.48416666666658,50.765833333333326,82.88916666666698,58.98499999999986,53.91249999999974,58.549444444444426,55.67555555555533,1.1858755055555557,6.148611111111111,4.332153846153847,0.0132153846153846,94.7424,0.1869846153846154,0.1021384615384615,0.0171538461538461,0.5347692307692308,0.0711846153846153,300.0,11.679272375690608,36.2,105.0,87.35811519337015,0.3582870165745855,2.0044972375690606,0.9626124309392264,1.462686983333334,0.24,1.131,30.08,0.111,45.52,22.9,0.92,0.1,18.07491819444444,3.432580969444445,24.53983461111113,190.3399999999999,226.7605555555556,238.21499999999983,215.50847222222217,206.71833333333345,42.42188577777781,1.0,400.2752777777779,513.7700000000035,672.5527777777789,66.82833333333325,1482.7692307692307,2.7618150861111097,1215.6292861111078,111383.41444444448,0.0,0.0,0.0,0.0,0.0,0.0,0.0,0.0,0.0,0.0,0.0,0.0,40.55166666666658,32.73166666666655,27.21666666666665,71.01277777777788,60.0,11.705,5.712,87.28999999999999,0.38,4.3,1.005,4.034401841666664,2.952780755213916,65.306,0.101064373870701,51.98740544513521,0.0205872814136526,3.0650341469390256,0.0465713716963219,0.0608403515756592,0.0084493002174379,0.0553933482375279,3.398333843750957,0.2596273083637032,2.056605824885922,5546.035497222223,8.36,14.786724992598415,70.4,0.94,20.3,1270.3027305555556,89.27783333333296,2311.3231333333338,96.838,2.38,2.011538461538461,10.46,5.200000000000003,80.11,55.25,9.16,34.1,68.98,0.054,2.05,0.21,0.024,0.044,5.2,0.13,1.1257878055750397,17.91353846153846,37.88369230769231,0.2235384615384615,0.3743076923076923,8.066615384615384,0.1886153846153846,0.1621538461538461,0.3643076923076923,33.65169230769231,1.009384615384615,1.3654928493492322,0.0,0.5512152888888869,0.2768114627777777,1.2991203861111114,1.1019877921527788,,22.0,8.0,0.0,219.84491055555543,96.94543693958336,27.318181818181817,28.25
2026-03-23 20:00:00,530.0,148.6314050000002,54.75944444444459,50.54333333333348,82.3116666666669,59.12194444444451,53.35000000000002,58.82555555555538,56.43249999999999,1.141702773888888,6.705555555555556,4.3645,0.0126166666666666,94.84686666666668,0.1746666666666666,0.0972499999999999,0.0242,0.4228333333333333,0.0570666666666666,300.0,11.67809864394576,41.665,105.0,87.3593198127925,0.3580708028321133,2.003261730469218,0.9625815432617304,1.3913464611111113,0.24,1.215,30.08,0.111,45.52,22.9,0.92,0.1,17.029345499999998,3.6986722277777777,25.786916499999982,196.01222222222225,223.95,227.39722222222247,211.98326388888893,200.57361111111103,39.77650663888888,1.0,400.2363888888889,513.617777777781,672.4041666666625,66.92111111111116,1484.0833333333333,2.690325102777777,1210.935616666665,112910.61166666668,0.0,0.0,0.0,0.0,0.0,0.0,0.0,0.0,0.0,0.0,0.0,0.0,40.050833333333344,33.429444444444435,25.429444444444467,72.8397222222224,60.0,11.705,4.227,87.28999999999999,0.38,4.3,1.005,4.013501366666668,3.1138352773633526,58.984,0.1036357317238573,52.794298284280494,0.0211496677064966,3.243061508205616,0.0473648786111488,0.0672055133595551,0.0086270853112708,0.0577634273701342,3.645027295537773,0.2833445341109453,2.133656584836566,5597.697644444444,8.36,14.465452404021628,70.4,0.94,20.3,1354.7451916666666,97.32433333333292,2326.591436111109,88.84,2.38,2.011538461538461,10.46,5.200000000000003,80.11,55.25,9.16,34.1,68.98,0.054,2.05,0.21,0.024,0.044,5.2,0.13,1.1318879581077432,17.9085,37.992333333333335,0.2606666666666666,0.37,8.045333333333334,0.1876666666666666,0.1485,0.3868333333333333,33.5655,0.9938333333333332,1.3715796768199968,0.0,0.7527488480555564,0.2496437163888887,1.2992223222222228,1.1080436338888882,,22.0,8.0,0.0,227.00926000000004,94.69366116250004,27.318181818181817,28.25
2026-03-23 21:00:00,532.1805555555555,162.46012861111112,53.89111111111126,50.220000000000056,87.20000000000006,58.50722222222224,52.316666666666656,58.918611111111005,56.39972222222203,1.1126831552777785,7.0,4.4095,0.0121166666666666,95.04886666666668,0.1546666666666666,0.08975,0.0361999999999999,0.2178333333333333,0.0310666666666666,300.0,11.677098366153992,41.742,105.0,87.36034641368404,0.3578865411336304,2.002208806477888,0.962555220161947,1.3756213777777777,0.24,1.22,30.079999999999995,0.111,45.52,22.9,0.92,0.1,16.616584916666664,3.825263647222222,26.339265388888855,227.597777777778,262.353888888889,268.1030555555553,247.4738888888889,231.84083333333328,38.68339169444447,1.0,400.1744444444456,513.5572222222233,672.2844444444464,66.81166666666624,1481.5833333333333,2.674475027777778,1218.5452055555563,113124.44972222215,0.0,0.0,0.0,0.0,0.0,0.0,0.0,0.0,0.0,0.0,0.0,0.0,39.30833333333344,33.68083333333356,29.362222222222226,75.13138888888896,60.0,11.705,4.114,87.28999999999999,0.38,4.3,1.005,3.980384994444445,3.11032459633746,60.013000000000005,0.1022978354689817,52.07295569293319,0.0210125639444786,3.2214441870927963,0.0470896305800409,0.0671827770649692,0.008520820488894,0.0572623931481512,3.643473414093613,0.2827033142819056,2.1234299235165714,5559.155075000001,8.36,14.433860382081235,70.4,0.94,20.3,1374.6170499999998,88.84555555555609,2326.987905555554,88.851,2.38,2.011538461538461,10.46,5.200000000000003,80.11,55.25,9.16,34.1,68.98,0.054,2.05,0.21,0.024,0.044,5.2,0.13,1.1331082761364768,17.8935,37.98233333333333,0.3006666666666666,0.37,8.065333333333333,0.1976666666666666,0.1335,0.4218333333333333,33.5205,0.9988333333333334,1.3737177645976324,0.0,0.5674189858611117,0.2629382388888889,1.2989589083333346,1.0619029091666663,,22.0,8.0,0.0,228.5468902777779,96.52596704097222,27.318181818181817,28.25
2026-03-23 22:00:00,539.7916666666666,185.897208888889,53.041388888888825,49.88333333333312,89.40777777777771,57.49138888888882,51.5349999999999,58.42611111111103,55.93249999999977,1.098402029444445,7.0,4.444,0.0104,94.7592,0.158,0.0856,0.0289999999999999,0.47,0.0438,300.0,11.676435842774678,41.749,105.0,87.36102637188914,0.35776449735323,2.0015114134470284,0.9625377853361756,1.3251098361111109,0.24,1.176,30.08,0.1109999999999999,45.52,22.9,0.92,0.1,16.641396750000027,4.044463747222219,25.686800861111102,192.6455555555556,201.48916666666668,220.4533333333332,200.68548611111103,188.1538888888889,39.31495616666662,1.0,400.09055555555705,513.419722222219,672.0647222222238,66.65305555555571,1478.6,2.62452575833333,1235.8853833333333,108449.86527777772,0.0,0.0,0.0,0.0,0.0,0.0,0.0,0.0,0.0,0.0,0.0,0.0,39.18305555555549,33.94250000000008,25.727222222222217,75.19194444444454,60.0,11.705,4.091,87.28999999999999,0.38,4.3,1.005,4.148656794444447,3.1962446338181585,62.428,0.1018349138207214,51.49614019350291,0.0211338982507849,3.2910325494970203,0.0471437495995386,0.0707445377074389,0.0084691164221182,0.0578836099186262,3.780553117191004,0.29517826936631,2.152301851733197,5559.63768888889,8.36,15.251007017244568,70.4,0.94,20.3,1366.5970611111118,82.04000000000062,2306.907511111111,87.832,2.38,2.011538461538461,10.46,5.200000000000003,80.11,55.25,9.16,34.1,68.98,0.054,2.05,0.21,0.024,0.044,5.2,0.13,1.1391336000938892,18.09,37.952,0.306,0.378,8.078,0.192,0.146,0.39,33.318,0.972,1.3815993219587412,0.0,1.047943234166666,0.2267077872222222,1.2992193083333348,1.0498236027083323,,22.0,8.0,0.0,224.73792472222223,99.6313801777778,27.318181818181817,28.25
2026-03-23 23:00:00,599.4305555555555,109.11763852777766,52.00194444444449,49.374166666666575,86.59166666666674,57.02055555555543,51.12555555555579,57.93666666666659,55.26666666666673,1.1245023930555558,6.294444444444444,4.475304347826087,0.0083130434782608,94.31989565217393,0.1684347826086956,0.0824695652173913,0.0159565217391304,0.861304347826087,0.0683217391304347,489.0416666666667,11.678598222546189,35.669000000000004,105.0,87.35880708738681,0.3581628304690347,2.003787602680198,0.9625946900670048,1.341803231111112,0.2918062397372742,2.436,22.288341543513955,0.2609790640394088,34.0138341543514,16.9681855500821,25.5460960591133,0.0999999999999999,16.049552305555522,3.284866930555555,25.314308944444456,252.69361111111124,274.17222222222216,279.87333333333333,266.2961805555556,258.4455555555556,38.79840624999997,1.0,399.91638888888696,513.1822222222249,671.7841666666696,66.37027777777784,1475.4695652173914,2.6409786138888918,1191.6866944444446,110014.53361111104,0.0,0.0,0.0,0.0,0.0,0.0,0.0,0.0,0.0,0.0,0.0,0.0,39.37888888888867,34.62694444444447,31.24027777777781,74.02583333333355,60.0,11.705,0.0,87.28999999999999,0.38,4.3,1.005,3.4858421444444447,3.420133410913927,48.122,0.1054864718839616,52.66011263039773,0.021923195212169,3.539581480403973,0.0482623332363575,0.0795860521175346,0.0087224138647604,0.06120535306097,4.12326254104152,0.3281560616765721,2.2599268525830185,4663.130461111111,8.36,7.625079959410862,70.4,0.94,20.3,1369.911608333334,69.87944444444491,2417.7581972222238,65.304,2.38,2.011538461538461,10.46,5.200000000000003,80.11,55.25,9.16,34.1,68.98,0.054,2.05,0.21,0.024,0.044,5.2,0.13,1.1466213171600304,18.35086956521739,37.91547826086956,0.3007826086956521,0.3884347826086957,8.088434782608696,0.1815652173913043,0.1668695652173913,0.3378260869565218,33.067565217391305,0.9354782608695652,1.3912288918017766,0.0,0.8988522630555544,0.2173008180555554,1.299255522222223,1.0389025703472217,,22.0,8.0,0.0,220.9462636111113,136.7185037715972,27.318181818181817,28.25
2026-03-25 17:00:00,565.5277777777778,87.53184902777781,49.84194444444439,60.04249999999992,69.13472222222222,65.83694444444441,56.30472222222237,102.10861111111107,56.63972222222235,1.032212806111111,5.647222222222222,4.372864864864865,0.0104929729729729,94.43579351351352,0.1421621621621621,0.1308648648648648,0.0443459459459459,0.8016756756756757,0.0617999999999999,450.0,11.620692261077249,28.053,105.0,87.42888318539907,0.4426257441271878,2.1694970234912487,0.9504245535236872,1.2435307138888878,0.2933678269049858,1.0630000000000002,23.202803386641577,0.2449830667920978,33.79976481655691,16.102775164628408,25.898026340545623,0.0999999999999999,16.55931727777776,2.447997038888889,22.853226638888884,181.1841666666667,200.15388888888884,212.0461111111112,197.54847222222224,196.80972222222212,42.01453711111111,1.0,394.2616666666672,501.3066666666656,646.7183333333329,68.44611111111111,1454.502702702703,2.5429887944444465,1117.626461111112,106539.32111111109,0.0,0.0,0.0,0.0,0.0,0.0,0.0,0.0,0.0,0.0,0.0,0.0,40.22416666666657,34.270555555555575,39.28638888888881,53.54111111111115,60.0,11.425,4.266,87.545,0.41,4.15,1.03,1.148997605833333,4.970149882903981,51.24,0.1261764246682279,57.93418423106947,0.0214963309914129,4.580627634660422,0.0688602654176424,0.1080515222482435,0.0128860265417642,0.074871350507416,6.304048399687744,0.444151131928181,2.814707259953162,1440.2970013888892,8.87,6.428878521897325,70.03999999999999,0.9,20.19,1430.922741666667,73.44616380555543,2273.501675000001,88.338,2.525,2.053798896366778,11.44,5.07,80.13,53.91,9.1,34.1,68.98,0.0505,2.315,0.17,0.027,0.054,5.57,0.175,0.9886544627443136,17.280108108108106,35.82610810810811,0.3284864864864865,0.4613513513513513,7.742270270270271,0.2192432432432432,0.1942702702702702,0.3963405405405405,36.24054054054054,1.0526486486486486,1.2022824322113688,0.0,1.3567081361111109,0.2113178749999999,1.2991939972222222,1.0117005306250009,,22.0,8.0,0.0,208.007584722222,124.09796999618057,27.318181818181817,28.25
2026-03-25 18:00:00,550.9722222222222,103.21903922222224,50.5955555555555,59.06222222222225,68.98694444444445,64.83083333333326,77.26083333333334,87.21527777777787,56.88527777777797,1.0446228063888892,5.851388888888889,4.3663783783783785,0.0103956756756756,94.67524216216216,0.1259459459459459,0.1243783783783783,0.0537513513513513,0.5941081081081081,0.0498,402.5,11.701571926135244,30.434,105.0,87.34333738581849,0.4348488532562266,2.2006045869750936,0.955090688046264,1.285483497222223,0.27,0.795,31.34,0.131,45.25,21.75,0.99,0.1,16.331235833333338,2.7377909499999955,23.886791083333296,197.85500000000005,215.8852777777779,235.8355555555558,219.22097222222223,227.30805555555537,40.60486155555554,1.0,393.563333333333,500.2877777777768,645.4230555555548,68.05111111111121,1452.2324324324325,2.584430375000001,1120.6858055555565,111338.44611111106,0.0,0.0,0.0,0.0,0.0,0.0,0.0,0.0,0.0,0.0,0.0,0.0,39.49944444444429,32.64499999999984,39.080555555555655,53.37111111111111,60.0,11.425,4.439,87.545,0.41,4.15,1.03,1.867555430555556,5.035340615119287,55.664,0.125116412762288,57.77385743029606,0.0216685829261282,4.641445817763725,0.06819775797643,0.1092440356424259,0.012819775797643,0.0754941075021557,6.402894509916642,0.4533069847657372,2.8465076171313592,2501.491880555555,8.87,8.075142263460975,70.03999999999999,0.9,20.19,1444.4697777777783,78.23306944444471,2286.470438888888,89.401,2.525,2.053798896366778,11.44,5.07,80.13,53.91,9.1,34.1,68.98,0.0505,2.315,0.17,0.027,0.054,5.57,0.175,0.9919494833120892,17.789297297297296,35.4952972972973,0.3998378378378378,0.5262162162162162,7.635243243243243,0.2549189189189189,0.2072432432432432,0.4102864864864864,35.78648648648649,1.2277837837837835,1.2052976388092234,0.0,1.2858506683333326,0.2408606886111111,1.2989577111111104,1.1744535443055557,,22.0,8.0,0.0,215.83802111111103,114.30152269694445,27.318181818181817,28.25
2026-03-25 19:00:00,562.3611111111111,115.3735141944446,51.48555555555564,57.168888888889086,70.14638888888868,64.5227777777778,151.3463888888888,78.03444444444445,56.77916666666657,1.0516082327777765,6.351388888888889,4.3605,0.01034625,94.90810375,0.11065,0.1181,0.0627875,0.391125,0.0383875,400.0,11.58116529995684,30.121,105.0,87.47069054812258,0.4464264134656884,2.1542943461372466,0.948144151920587,1.3006804933333325,0.27,0.816,31.34,0.131,45.25,21.75,0.99,0.1,17.14125163888889,2.957585847222222,24.449942083333315,165.84194444444455,180.6491666666668,186.3066666666668,177.69819444444454,177.995,41.21394180555559,1.0,392.92249999999945,499.23249999999865,644.0627777777779,67.58222222222243,1450.4,2.5997539750000014,1155.6306416666655,112566.1008333333,0.0,0.0,0.0,0.0,0.0,0.0,0.0,0.0,0.0,0.0,0.0,0.0,38.95305555555553,31.792222222222215,37.74500000000002,48.91222222222218,60.0,11.425,4.458,87.545,0.41,4.15,1.03,3.174377230555557,5.059676385773791,56.178,0.1247207091744099,57.71400726262949,0.0217328847591583,4.664149311118232,0.0679504432340061,0.1096892021787888,0.0127950443234006,0.0757265833600341,6.439793869486277,0.4567248745060344,2.858378724767703,4369.367588888891,8.87,9.795153668351208,70.03999999999999,0.9,20.19,1446.2423861111113,84.89949999999965,2351.5561499999976,91.949,2.525,2.053798896366778,11.44,5.07,80.13,53.91,9.1,34.1,68.98,0.0505,2.315,0.17,0.027,0.054,5.57,0.175,0.995454458413832,18.29625,35.1725,0.467875,0.5892499999999999,7.532625,0.2891249999999999,0.22,0.423875,35.33325000000001,1.39925,1.208644223357337,0.0,1.3428506388888883,0.2490722555555556,1.299115663888889,1.3466807499999995,,22.0,8.0,0.0,222.78005916666675,115.28699063076392,27.318181818181817,28.25
2026-03-25 20:00:00,561.5277777777778,136.80185222222235,52.23916666666638,55.82555555555554,67.56472222222214,70.24416666666676,109.93249999999992,69.83527777777776,56.24999999999978,1.0900212880555549,6.5,4.3905,0.01312125,94.75232875,0.14965,0.1241,0.0500375,0.458625,0.0616375,374.9166666666667,11.57881101087208,30.261,105.0,87.47318066157762,0.4466527874161462,2.153388850335415,0.9480083275503124,1.366099691666668,0.27,0.81,31.34,0.131,45.25,21.75,0.99,0.1,17.220437944444434,3.128705277777778,24.419150444444444,171.94250000000002,181.87083333333337,202.7438888888887,187.6029166666667,193.8544444444446,41.35818730555557,1.0,392.276666666668,498.27944444444336,642.776944444444,66.99166666666656,1474.4,2.6653444500000023,1163.935013888888,112664.01138888887,0.0,0.0,0.0,0.0,0.0,0.0,0.0,0.0,0.0,0.0,0.0,0.0,38.01694444444426,31.043055555555483,38.34194444444442,47.23861111111111,60.0,11.425,4.07,87.545,0.41,4.15,1.03,3.629895347222223,5.049004230393752,55.314,0.1248942401561991,57.740253823625125,0.0217046859746176,4.654192971038074,0.0680589000976244,0.1094939798242759,0.0128058900097624,0.0756246339082329,6.423612105434429,0.4552260006508298,2.8531727953140256,5016.688966666669,8.87,11.888764967372198,70.03999999999999,0.9,20.19,1376.3745916666671,86.90499999999959,2331.4442277777785,92.134,2.525,2.053798896366778,11.44,5.07,80.13,53.91,9.1,34.1,68.98,0.0505,2.315,0.17,0.027,0.054,5.57,0.175,1.0113467510196514,18.67125,35.3225,0.340375,0.54425,7.690125,0.236625,0.22,0.416375,34.92825,1.35425,1.2315421069707082,0.0,1.2246817452777776,0.2760784330555552,1.2991614749999991,1.45574056875,,22.0,8.0,0.0,220.62204583333352,111.85541208611112,27.318181818181817,28.25
2026-03-25 21:00:00,556.4722222222222,150.3599519444445,52.68833333333317,54.60472222222231,68.5563888888889,99.38083333333331,84.93666666666667,71.2286111111112,56.269444444444346,1.0811647127777768,6.148611111111111,4.38941935483871,0.0129419354838709,94.67522580645162,0.1588258064516129,0.1262645161290322,0.0415032258064516,0.5249677419354839,0.0708516129032258,363.77777777777777,11.5758661806674,35.391,105.0,87.47629538583256,0.446935944166596,2.152256223333616,0.9478384335000424,1.361738949999998,0.27,1.266,31.34,0.131,45.25,21.75,0.99,0.1,17.27141216666668,3.175363283333333,24.75593180555556,155.47333333333327,165.90972222222211,187.7727777777777,176.78222222222217,197.9730555555556,41.0964106944445,1.0,391.640833333332,497.1972222222221,641.4966666666679,66.75000000000003,1481.4709677419355,2.6608835888888853,1187.9536749999982,112399.04777777776,0.0,0.0,0.0,0.0,0.0,0.0,0.0,0.0,0.0,0.0,0.0,0.0,37.93500000000009,30.864999999999927,37.2899999999999,46.950277777777615,60.0,11.425,5.099,87.545,0.41,4.15,1.03,3.861863741666664,5.086138097660223,62.912,0.1242904374364191,57.64892866225839,0.0218028039165818,4.688836152085453,0.0676815233977619,0.1101732578840284,0.0127681523397761,0.0759793680061037,6.479916709053916,0.4604413466429298,2.8712868769074262,5348.001577777778,8.87,12.485027928075674,70.03999999999999,0.9,20.19,1377.3891999999998,83.03426388888887,2351.128575,107.047,2.525,2.053798896366778,11.44,5.07,80.13,53.91,9.1,34.1,68.98,0.0505,2.315,0.17,0.027,0.054,5.57,0.175,1.0302297532237463,18.940774193548386,35.55516129032258,0.286774193548387,0.5194193548387097,7.755870967741935,0.2041290322580645,0.2120645161290322,0.4076516129032257,34.52225806451613,1.321483870967742,1.2549441272195443,0.0,1.196679716388889,0.2805742388888887,1.299270591666667,1.5264177215277763,,22.0,8.0,0.0,224.4198341666669,110.86713807708334,27.318181818181817,28.25
2026-03-25 22:00:00,550.0,153.90170777777746,52.82555555555554,53.231388888888766,69.93194444444448,125.79027777777776,82.02805555555544,75.94250000000002,56.86055555555573,1.0836917205555554,6.351388888888889,4.373935483870968,0.0113935483870967,94.6345806451613,0.1541806451612903,0.1266516129032258,0.0349225806451612,0.5907741935483871,0.0735612903225806,350.0,11.557939533544484,34.730000000000004,105.0,87.49525626259718,0.4486596602361071,2.145361359055572,0.9468042038583356,1.357661511111112,0.27,2.04,31.34,0.131,45.25,21.75,0.99,0.1,17.373384361111114,3.361255766666664,24.630545777777765,156.35277777777793,145.7391666666666,161.96944444444455,157.62000000000003,166.4186111111111,41.36158480555556,1.0,391.0213888888887,496.14388888888783,640.5549999999994,66.57805555555565,1480.6967741935484,2.6568808999999987,1198.9586444444444,112154.64111111104,0.0,0.0,0.0,0.0,0.0,0.0,0.0,0.0,0.0,0.0,0.0,0.0,38.64555555555543,31.39222222222211,33.8325,51.29833333333334,60.0,11.425,5.61,87.545,0.41,4.15,1.03,3.9082170916666663,5.027260358308195,64.972,0.1252477990518992,57.79372960659977,0.0216472326540663,4.63390752939728,0.068279874407437,0.1090962260666133,0.0128279874407437,0.0754169180570091,6.390642738410392,0.45217213568922,2.8425660284430223,5411.389330555557,8.87,13.733728834489336,70.03999999999999,0.9,20.19,1379.6551972222223,89.23701388888942,2325.106513888888,106.216,2.525,2.053798896366778,11.44,5.07,80.13,53.91,9.1,34.1,68.98,0.0505,2.315,0.17,0.027,0.054,5.57,0.175,1.0504986940221646,19.16141935483871,35.826129032258066,0.2674193548387096,0.5039354838709678,7.779096774193548,0.1809032258064516,0.2004516129032258,0.3983612903225806,34.115806451612904,1.2943870967741935,1.2785797717628642,0.0,1.251316574722222,0.2739697819444444,1.299027047222223,1.5981341590277789,,22.0,8.0,0.0,225.57568388888905,107.89197628055553,27.318181818181817,28.25
2026-03-25 23:00:00,550.0,135.56558055555567,52.8327777777774,51.92333333333357,71.06027777777784,95.0027777777778,83.03361111111107,73.71249999999989,56.6980555555558,1.081562546944444,6.851388888888889,4.352857142857143,0.0100285714285714,94.58948571428571,0.1505714285714285,0.1272571428571428,0.0285142857142857,0.664,0.0772857142857142,350.0,11.545902657921989,28.97,105.0,87.50798757335176,0.4498170521228858,2.140731791508457,0.9461097687262686,1.3528691388888892,0.27,1.757,31.340000000000003,0.131,45.25,21.75,0.99,0.1,17.88278869444444,3.217504150000001,24.1608313611111,142.01444444444442,137.7630555555555,160.30388888888882,152.17930555555552,168.63583333333332,42.53376725000002,1.0,390.3416666666671,495.2155555555552,639.8183333333354,66.29805555555544,1480.7142857142858,2.6520743916666683,1173.494133333336,111924.25777777776,0.0,0.0,0.0,0.0,0.0,0.0,0.0,0.0,0.0,0.0,0.0,0.0,38.992777777777896,32.326944444444386,31.490555555555567,59.30750000000003,60.0,11.425,5.179,87.545,0.41,4.15,1.03,3.973171008333333,5.007895456836344,55.556,0.125562675498596,57.84135466916265,0.0215960652314781,4.615841493268054,0.0684766721866225,0.1087419900640794,0.0128476672186622,0.0752319281445748,6.361280509755922,0.449452390380877,2.83311973504212,5488.68653333333,8.87,13.04913043897016,70.03999999999999,0.9,20.19,1380.5292194444453,96.25695833333268,2328.041763888889,90.595,2.525,2.053798896366778,11.44,5.07,80.13,53.91,9.1,34.1,68.98,0.0505,2.315,0.17,0.027,0.054,5.57,0.175,1.0717059183578632,19.370857142857144,36.10742857142857,0.2505714285714285,0.4888571428571428,7.81,0.1597142857142857,0.1897142857142857,0.3891428571428572,33.69657142857143,1.266857142857143,1.3035180312414942,0.0,1.1921730552777776,0.2713065477777777,1.299058975,1.5930918319444451,,22.0,8.0,0.0,221.67928194444443,105.46243942361112,27.318181818181817,28.25
2026-03-26 00:00:00,546.9861111111111,151.8147349999999,52.936388888888914,50.87916666666656,84.89444444444456,83.20805555555567,83.3938888888889,72.43611111111115,56.3919444444445,1.1231360174999991,6.294444444444444,4.281428571428572,0.0103142857142857,94.50434285714286,0.1562857142857142,0.1298285714285714,0.0236571428571428,0.804,0.0901428571428571,350.0,11.48280152832516,33.239,105.0,87.58696501098109,0.3940933842775054,2.459066157224947,0.9302334606937634,1.413144294444444,0.27,1.392,31.34,0.131,45.25,21.75,0.99,0.1,18.2441400833333,3.26815680277778,23.99247683333332,148.9586111111111,131.73666666666662,153.80722222222226,150.6526388888889,168.10805555555558,43.19559336111113,1.0,389.5324999999992,494.1094444444456,639.1422222222209,66.29027777777766,1487.857142857143,2.7122274416666667,1207.3333888888903,112238.66194444438,0.0,0.0,0.0,0.0,0.0,0.0,0.0,0.0,0.0,0.0,0.0,0.0,38.22694444444438,34.91583333333333,28.42361111111111,67.13222222222211,60.0,11.425,5.538,87.545,0.41,4.15,1.03,3.990956863888888,5.073500132710892,64.049,0.1244959328014489,57.68000983621914,0.0217694109197645,4.6770458555168695,0.0678099580009055,0.1099420755983699,0.0127809958000905,0.0758586394791487,6.46075426626489,0.4586663804274851,2.8651220159565334,5530.722069444443,8.2,13.313545000560037,70.32,1.17,20.31,1325.1922416666662,87.6960000000003,2347.5768861111123,103.004,2.32,2.121951219512195,11.31,4.776666666666665,79.19777777777777,54.26,8.92,34.1,68.98,0.051,2.41,0.21,0.027,0.05,5.33,0.16,1.1013576945290873,19.47942857142857,36.48171428571429,0.2562857142857143,0.4774285714285714,7.91,0.1568571428571428,0.1868571428571428,0.3805714285714285,33.16228571428572,1.235428571428571,1.340179825137918,0.0,1.0788821713888888,0.2900083177777776,1.298943819444443,1.560892954861111,,22.0,8.0,0.0,223.06432611111123,107.6154523875,27.318181818181817,28.25
2026-03-26 01:00:00,534.0277777777778,129.8267946944442,53.76805555555546,50.663055555555566,82.8583333333335,76.88916666666663,82.9880555555556,71.23750000000003,56.45250000000023,1.1363288616666662,6.7027777777777775,4.21,0.0106,94.4192,0.162,0.1324,0.0188,0.944,0.103,344.02777777777777,11.48771158713501,32.398,105.0,87.58164578060375,0.3942570529045002,2.457429470954997,0.9306426322612508,1.408880158333332,0.27,1.068,31.34,0.131,45.25,21.75,0.99,0.1,17.82395450000002,3.256116550000002,24.38536883333332,146.35055555555556,141.19583333333344,165.70361111111126,154.0777083333334,163.0608333333333,42.23152444444442,1.0,388.6930555555551,493.0822222222216,638.724444444448,66.37138888888867,1495.0,2.707376805555555,1200.9869138888885,112313.69611111112,0.0,0.0,0.0,0.0,0.0,0.0,0.0,0.0,0.0,0.0,0.0,0.0,39.22111111111119,36.25194444444461,28.342777777777783,69.49805555555545,60.0,11.425,5.414,87.545,0.41,4.15,1.03,3.9603390916666656,5.081066915138512,63.857,0.1243728956888046,57.661400472931696,0.0217894044505692,4.684105109854832,0.0677330598055029,0.1100804923500947,0.0127733059805502,0.0759309237828272,6.472227477018963,0.4597291134879496,2.86881312933586,5494.757213888889,8.2,12.108166180382591,70.32,1.17,20.31,1331.492180555556,93.2639999999996,2376.362011111112,100.229,2.32,2.121951219512195,11.31,4.776666666666665,79.19777777777777,54.26,8.92,34.1,68.98,0.051,2.41,0.21,0.027,0.05,5.33,0.16,1.131009470700311,19.588,36.856,0.262,0.466,8.01,0.154,0.184,0.372,32.628,1.204,1.3768416190343418,0.0,1.172627337222223,0.2725513477777775,1.298667691666666,1.6352937184722236,,22.0,8.0,0.0,222.6025438888888,103.2089947414583,27.318181818181817,28.25
2026-03-26 02:00:00,530.3888888888889,134.8240949999996,55.94055555555557,50.23277777777795,74.99916666666674,74.09750000000004,68.65138888888887,73.86972222222228,56.03944444444429,1.1362034547222215,6.297222222222223,4.138571428571429,0.0108857142857142,94.33405714285712,0.1677142857142857,0.1349714285714285,0.0139428571428571,1.084,0.1158571428571428,340.0,11.487523429925671,27.849,105.0,87.58184961758052,0.3942507809975223,2.457492190024776,0.9306269524938058,1.4016331222222222,0.27,0.919,31.34,0.131,45.25,21.75,0.99,0.1,17.864559222222226,3.3398196666666644,24.87090094444443,187.34833333333324,192.6241666666667,230.75916666666652,208.9047916666666,224.8875,41.80608625000006,1.0,388.02222222222224,492.31527777777785,638.6808333333369,66.20694444444446,1502.142857142857,2.700866361111111,1171.3392611111103,108975.54944444448,0.0,0.0,0.0,0.0,0.0,0.0,0.0,0.0,0.0,0.0,0.0,0.0,40.025000000000176,35.954166666666524,33.947777777777794,61.58749999999998,60.0,11.425,4.928,87.545,0.41,4.15,1.03,4.065272855555557,5.100954246923119,54.357,0.1240495244402744,57.61249057159151,0.0218419522784553,4.702658535239252,0.0675309527751715,0.1104442850046912,0.0127530952775171,0.0761209043913387,6.502381845944404,0.4625222326471291,2.8785142667917656,5464.886597222219,8.2,11.903506994137537,70.32,1.17,20.31,1298.5172972222229,88.28916666666723,2345.762286111112,88.747,2.32,2.121951219512195,11.31,4.776666666666665,79.19777777777777,54.26,8.92,34.1,68.98,0.051,2.41,0.21,0.027,0.05,5.33,0.16,1.1606612468715356,19.696571428571428,37.23028571428571,0.2677142857142857,0.4545714285714285,8.11,0.1511428571428571,0.1811428571428571,0.3634285714285714,32.093714285714285,1.1725714285714286,1.4135034129307655,0.0,0.8296151702777775,0.2654296741666667,1.2992819944444425,1.6589534290277763,,22.0,8.0,0.0,213.1188080555554,102.86419258749994,27.318181818181817,28.25
2026-03-26 03:00:00,536.6666666666666,129.87944749999997,59.93083333333319,50.078333333333454,73.58583333333337,72.72833333333297,63.076111111111246,79.86222222222239,56.04194444444453,1.1271853194444437,6.7027777777777775,4.198,0.01116,94.34824,0.17,0.1372,0.0132,1.004,0.1182,340.0,11.486460848199975,28.083,105.0,87.58300074778334,0.3942153616066659,2.4578463839333407,0.930538404016665,1.380456205555555,0.27,0.62,31.340000000000003,0.131,45.25,21.75,0.99,0.1,17.655671138888888,3.438191211111117,24.55003433333332,160.1255555555556,148.4558333333335,174.32694444444454,165.05819444444452,177.32444444444448,41.83204911111109,1.0,387.3111111111117,491.5994444444432,638.6983333333342,66.33222222222209,1509.8,2.679940611111108,1208.613377777776,112197.1536111112,0.0,0.0,0.0,0.0,0.0,0.0,0.0,0.0,0.0,0.0,0.0,0.0,40.70083333333335,35.945833333333326,33.502777777777794,61.60500000000002,60.0,11.425,5.362,87.545,0.41,4.15,1.03,3.9588495583333354,5.123375333497746,44.603,0.1236849539268659,57.55734928143847,0.0219011949868842,4.723575768446069,0.0673030962042911,0.1108544268322758,0.0127303096204291,0.0763350895679662,6.536378046319753,0.4656712104566957,2.8894513821940224,5482.522794444442,8.2,12.237100840715158,70.32,1.17,20.31,1356.3439277777782,94.2189166666663,2371.721733333335,97.515,2.32,2.121951219512195,11.31,4.776666666666665,79.19777777777777,54.26,8.92,34.1,68.98,0.051,2.41,0.21,0.027,0.05,5.33,0.16,1.1773847573665073,19.948,37.336000000000006,0.318,0.45,8.126,0.146,0.184,0.356,31.712,1.152,1.4336332368441411,0.0,1.122936001944444,0.253270871388889,1.299462277777779,1.5665677077083324,,22.0,8.0,0.0,225.7125530555557,102.20902679375,27.318181818181817,28.25
2026-03-26 04:00:00,527.7777777777778,133.5825580555556,63.05527777777773,50.30222222222197,69.57444444444434,71.62472222222213,61.66638888888866,78.21749999999996,56.85194444444455,1.1657696124999992,6.297222222222223,4.327857142857143,0.0113357142857142,94.43412142857144,0.1687142857142857,0.1384857142857143,0.0153857142857142,0.7914285714285715,0.1126714285714285,332.77777777777777,11.490314409368636,31.424,105.0,87.57882605651731,0.3943438136456211,2.456561863543788,0.9308595341140532,1.424048052777778,0.0,0.0,0.0,0.0,0.0,0.0,0.0,0.0,17.597680777777786,3.429703583333338,25.19929136111108,190.6019444444444,182.4913888888888,210.08222222222224,197.89729166666672,208.4136111111113,41.112302222222205,1.0,386.65527777777646,491.04666666666446,639.0272222222252,66.43111111111111,1516.2285714285715,2.723496147222227,1190.333561111112,112491.08638888896,0.0,0.0,0.0,0.0,0.0,0.0,0.0,0.0,0.0,0.0,0.0,0.0,41.40833333333341,37.22055555555559,35.4613888888889,57.40861111111123,60.0,11.425,6.994,87.545,0.41,4.15,1.03,4.150466505555556,4.723866453140231,57.44799999999999,0.1301810332822726,58.53988128394374,0.0208455820916306,4.350863215429606,0.0713631458014204,0.1035463375574432,0.013136314580142,0.0725186429466648,5.930618646428075,0.4095613250243698,2.69456900153182,5761.953475,8.2,11.885827216881651,70.32,1.17,20.31,1322.1508805555554,88.97738888888816,2367.506394444445,108.28,2.32,2.121951219512195,11.31,4.776666666666665,79.19777777777777,54.26,8.92,34.1,68.98,0.051,2.41,0.21,0.027,0.05,5.33,0.16,1.1821459599378488,20.235142857142858,37.243857142857145,0.3852857142857143,0.453,8.088714285714286,0.1408571428571428,0.1908571428571428,0.3503857142857142,31.507571428571428,1.1447142857142856,1.4388828298449534,0.0,1.0446855908333337,0.2582784522222222,1.299467108333333,1.5989731669444436,,22.0,8.0,0.0,220.93989666666667,100.89413338680556,27.318181818181817,28.25
2026-03-26 05:00:00,526.4305555555555,116.4578698055554,63.59611111111122,50.32194444444407,66.316111111111,70.36999999999985,62.365555555555645,83.6683333333334,57.22500000000017,1.1277825194444449,7.411111111111111,4.306428571428572,0.0106928571428571,94.56933571428571,0.1558571428571428,0.1333428571428571,0.0192428571428571,0.7057142857142857,0.0993857142857142,330.0,11.490587940677258,35.939,105.0,87.57852973093296,0.3943529313559086,2.456470686440914,0.9308823283897716,1.3943087527777778,0.0,0.0,0.0,0.0,0.0,0.0,0.0,0.0,18.305338388888902,3.252837269444444,24.379436833333333,136.30194444444453,131.73527777777775,161.27777777777783,145.61562500000008,153.14750000000012,42.887956583333285,1.0,385.99555555555446,490.52249999999697,639.4761111111131,66.57194444444428,1508.5142857142855,2.693773258333332,1193.99623611111,112652.13305555552,0.0,0.0,0.0,0.0,0.0,0.0,0.0,0.0,0.0,0.0,0.0,0.0,41.72222222222199,37.76444444444432,35.827500000000015,55.23805555555554,60.0,11.425,8.025,87.545,0.41,4.15,1.03,4.132560558333335,5.170166175065432,72.213,0.1229241272347084,57.44227424424965,0.0220248293243598,4.767228199908605,0.0668275795216927,0.111710356860953,0.0126827579521692,0.0767820752496088,6.607325135363439,0.4722428510102059,2.912276182958747,5757.630838888888,8.2,12.246010841533415,70.32,1.17,20.31,1347.780197222222,93.60977133403269,2380.109319444445,119.823,2.32,2.121951219512195,11.31,4.776666666666665,79.19777777777777,54.26,8.92,34.1,68.98,0.051,2.41,0.21,0.027,0.05,5.33,0.16,1.1568159852540347,19.98657142857143,36.98242857142857,0.3381428571428572,0.483,8.075857142857142,0.1494285714285714,0.1994285714285714,0.3542428571428571,31.983285714285717,1.1918571428571427,1.409402164530978,0.0,1.1983001344444442,0.2665261872222222,1.2994001444444454,1.6793665050000015,,22.0,8.0,0.0,224.19106111111125,97.9306677492361,27.318181818181817,28.25
2026-03-26 06:00:00,519.3032786885246,108.4810699590165,61.97622950819662,50.29836065573775,68.66557377049182,67.83647540983604,61.80286885245901,82.21434426229516,57.16352459016404,1.0209732180327868,7.438524590163935,4.285,0.01005,94.70455,0.143,0.1282,0.0231,0.62,0.0861,330.0,11.496121811178138,27.518,105.0,87.572534704557,0.3945373937059379,2.454626062940621,0.9313434842648448,1.2499432905737708,0.36,0.189,0.0,0.57,1.15,0.0,96.922,0.1,18.297473360655736,3.2371949959016395,24.25553590163934,139.48401639344257,138.04754098360658,160.56475409836057,150.21608606557376,162.76803278688527,43.01511032786886,1.0,385.49590163934414,490.19713114754137,640.0819672131153,66.59467213114769,1500.8,2.4252784549180326,1210.0335737704916,94595.77184426229,0.0,0.0,0.0,0.0,0.0,0.0,0.0,0.0,0.0,0.0,0.0,0.0,41.8282786885246,38.07418032786884,32.81803278688526,57.77254098360658,60.0,11.425,5.913,87.545,0.41,4.15,1.03,4.322286991803279,5.340380342794888,51.401,0.120156417190327,57.02365810003697,0.0224745822065718,4.926025563704988,0.0650977607439544,0.114824030660882,0.0125097760743954,0.0784081049006828,6.865414097002004,0.4961489465185503,2.995307484290189,4956.550401639344,8.2,11.466604702760243,70.32,1.17,20.31,1261.6760459016398,91.51482977645088,2362.181364754098,92.042,2.32,2.121951219512195,11.31,4.776666666666665,79.19777777777777,54.26,8.92,34.1,68.98,0.051,2.41,0.21,0.027,0.05,5.33,0.16,1.1314860105702207,19.738,36.721,0.291,0.513,8.063,0.158,0.208,0.3581,32.459,1.239,1.3799214992170026,0.0,1.2253458549180325,0.2289701007786884,1.1759679995901642,1.6681352841188526,,22.0,8.0,0.0,200.3496954918033,96.87374176956968,27.318181818181817,28.25
2026-03-26 08:00:00,550.8194444444445,212.60071249999996,55.91083333333325,48.9155555555554,74.28166666666674,61.97749999999987,57.05749999999987,69.07499999999995,55.86833333333329,1.0492829830555552,4.5,4.206896551724138,0.0121662068965517,95.03282689655173,0.1473103448275862,0.1233448275862068,0.033503448275862,0.388,0.055951724137931,322.44444444444446,11.590680203045686,34.475,105.0,87.50218274111675,0.4021421319796954,2.535736040609137,0.9071370558375634,1.3059392944444437,0.48,0.188,0.0,0.88,1.17,0.0,95.84,0.1,17.72555000000002,3.573077405555556,24.02392005555556,144.57055555555556,154.16666666666677,166.8758333333334,154.09263888888893,150.75750000000002,42.44346033333337,1.0,384.4949999999977,489.6169444444479,641.8330555555547,65.82916666666658,1479.2620689655173,2.5608482666666696,1193.0004138888885,100942.63322222228,0.0,0.0,0.0,0.0,0.0,0.0,0.0,0.0,0.0,0.0,0.0,0.0,40.96861111111112,38.45833333333321,31.47111111111112,63.97972222222205,60.0,11.63,6.948,87.35,0.43,3.85,1.02,3.881270922222221,5.410778405025046,62.885,0.1219058599029975,57.5006305160213,0.0311505923511171,4.868401844637036,0.0380941400970024,0.0861882801940049,0.012,0.0682847260873022,6.599155601494792,0.4482567384908961,3.261882801940049,4841.99499444444,7.99,13.594752560812449,70.72,0.94,20.35,1292.434083333335,63.94499999999978,2279.5551500000024,108.677,2.66,1.931777378815081,10.76,4.776666666666665,79.19777777777777,54.46,9.56,34.1,68.98,0.051,2.08,0.22,0.028,0.052,5.57,0.17,1.0743403500166082,19.533793103448275,35.8631724137931,0.3823448275862069,0.52,7.738344827586207,0.2404137931034483,0.21,0.3889724137931034,33.396068965517244,0.7821379310344827,1.3061966623941612,0.0,1.2610725652777774,0.2566562852777779,1.2548617594444436,1.617738022222222,,22.0,8.0,0.0,207.7030022222224,108.7807055173611,27.318181818181817,28.25
2026-03-26 09:00:00,540.0,174.91291805555568,54.80277777777798,49.22916666666673,68.43999999999981,61.689722222222414,59.16777777777772,72.9858333333332,56.41111111111121,1.1580881222222217,6.256944444444445,4.201,0.013,95.07284,0.1444,0.12088,0.037,0.3631999999999999,0.04768,310.0,11.600447988332643,31.541,105.0,87.49075235407881,0.402349957198567,2.529501284042992,0.9087996575885356,1.462947380555554,0.0,0.0,0.0,0.0,0.0,0.0,0.0,0.0,18.516613638888906,3.6529305027777776,24.42245366666665,146.6202777777776,152.0613888888889,165.14777777777786,156.65548611111106,162.7924999999999,43.12460122222225,1.0,384.1172222222229,489.5969444444476,643.0141666666673,66.11749999999999,1475.22,2.782113963888889,1207.1758694444454,106177.8725,0.0,0.0,0.0,0.0,0.0,0.0,0.0,0.0,0.0,0.0,0.0,0.0,41.46055555555555,38.193333333333534,34.4688888888889,57.35083333333329,60.0,11.63,7.135,87.35,0.43,3.85,1.02,4.422850869444443,5.331815792355712,63.917,0.1228222538604753,57.69566969663783,0.0309825867922461,4.793104807797613,0.0371777461395247,0.0843554922790493,0.012,0.0674599715255722,6.490562917533677,0.4373211039316614,3.2435549227904943,5809.79951666667,7.99,15.778056213392556,70.72,0.94,20.35,1213.134950000001,90.20520833333272,2298.0998500000005,109.884,2.66,1.931777378815081,10.76,4.776666666666665,79.19777777777777,54.46,9.56,34.1,68.98,0.051,2.08,0.22,0.028,0.052,5.57,0.17,1.056552549174461,19.5892,35.5448,0.4004,0.52,7.6494,0.2714,0.2072,0.4098,33.6426,0.708,1.283938329917914,0.0,0.8561993636111102,0.3048592949999998,1.3191895416666637,1.5165631347222233,,22.0,8.0,0.0,207.6157908333333,100.67596164236112,27.318181818181817,28.25
2026-03-26 10:00:00,540.7194444444444,162.0995061111111,55.19277777777757,50.21888888888888,76.93583333333342,62.55111111111118,62.71416666666666,75.24694444444447,57.40083333333348,1.116291988888889,7.0,4.261,0.013,94.87524,0.1284,0.11768,0.037,0.5152,0.05248,310.0,11.601981487829962,32.087,105.0,87.48895783339046,0.402382584847446,2.52852245457662,0.909060678779568,1.402274158333333,0.0,0.0,0.0,0.0,0.0,0.0,0.0,0.0,17.893928694444444,3.931921963888888,24.026886277777784,144.7922222222223,152.2241666666666,168.34361111111104,156.03472222222223,158.7788888888889,42.688198999999976,1.0,383.8655555555556,489.7069444444408,644.3011111111115,66.89499999999985,1484.42,2.7199917638888897,1202.406197222226,101233.30188888896,0.0,0.0,0.0,0.0,0.0,0.0,0.0,0.0,0.0,0.0,0.0,0.0,42.27083333333312,37.65166666666677,32.4608333333332,64.4866666666666,60.0,11.63,7.489,87.35,0.43,3.85,1.02,4.63553207777778,5.285611055967015,65.485,0.1233584790410017,57.80979628922654,0.030884278842483,4.749044972131022,0.0366415209589982,0.0832830419179965,0.012,0.0669773688630984,6.427020233641293,0.4309221501107124,3.2328304191799653,5801.187525000001,7.99,16.37064525483587,70.72,0.94,20.35,1206.0255944444446,95.36532313968794,2244.957188888888,109.228,2.66,1.931777378815081,10.76,4.776666666666665,79.19777777777777,54.46,9.56,34.1,68.98,0.051,2.08,0.22,0.028,0.052,5.57,0.17,1.059589506120568,19.9012,35.4728,0.3444,0.52,7.7334,0.2754,0.1992,0.4378,33.4786,0.988,1.2906124900055531,0.0,0.9631944697222228,0.2859821199999997,1.317747511111111,1.4645934100694442,,22.0,8.0,0.0,200.30741111111112,98.97818455972222,27.318181818181817,28.25
2026-03-26 11:00:00,533.3472222222222,166.9730494444446,56.26055555555568,51.1216666666669,79.57333333333357,65.62694444444443,63.096944444444446,75.14111111111112,57.96999999999992,1.172349924999999,6.297222222222223,4.321,0.013,94.67764,0.1124,0.11448,0.037,0.6672,0.05728,310.0,11.60241123683184,23.067,105.0,87.48845493562233,0.4023917284432306,2.5282481467030826,0.9091338275458448,1.4837419388888895,0.0,0.0,0.0,0.0,0.0,0.0,0.0,0.0,17.827281666666668,3.7034143333333343,24.04053363888889,194.83222222222227,209.22166666666683,216.6569444444444,206.499375,205.2866666666665,42.58211644444447,1.0,383.7286111111115,490.0358333333372,645.692222222222,67.52249999999992,1493.62,2.7829418583333325,1187.8425611111102,105165.72488888889,0.0,0.0,0.0,0.0,0.0,0.0,0.0,0.0,0.0,0.0,0.0,0.0,42.56111111111105,37.04055555555559,31.93749999999997,67.21138888888895,60.0,11.63,5.527,87.35,0.43,3.85,1.02,4.539358838888888,5.289425794296481,46.708,0.1233142074162884,57.800373811766725,0.0308923953070137,4.752682623961634,0.0366857925837115,0.0833715851674231,0.012,0.0670172133253404,6.432266421169822,0.4314504581656247,3.233715851674232,5902.138716666669,7.99,15.16214545157174,70.72,0.94,20.35,1182.1875250000005,90.80594444444476,2288.3152888888885,78.042,2.66,1.931777378815081,10.76,4.776666666666665,79.19777777777777,54.46,9.56,34.1,68.98,0.051,2.08,0.22,0.028,0.052,5.57,0.17,1.0626264630666753,20.2132,35.400800000000004,0.2884,0.52,7.8174,0.2794,0.1912,0.4658,33.3146,1.2680000000000002,1.2972866500931926,0.0,0.7432966826944463,0.3113920130555552,1.299110769444442,1.4121340163194438,,22.0,8.0,0.0,203.33909027777776,99.62392905138891,27.318181818181817,28.25
2026-03-26 12:00:00,530.2777777777778,149.9783927777777,57.103333333333616,51.6808333333335,78.9161111111113,67.49666666666666,64.8752777777779,86.45500000000004,58.11333333333338,1.1531924208333344,6.7027777777777775,4.281217391304348,0.0125565217391304,94.86131304347826,0.1233043478260869,0.1188782608695652,0.0489739130434782,0.5081739130434783,0.0455826086956521,310.0,11.600239125671084,36.508,105.0,87.4909967678317,0.4023455133121507,2.529634600635477,0.908764106497206,1.4818563555555555,0.27,0.998,31.34,0.131,45.25,21.75,0.99,0.1,17.519894194444433,3.522111308333334,24.396316138888864,169.78666666666675,181.77027777777775,189.5308333333333,181.07111111111112,183.19666666666677,41.79866575000004,1.0,383.6033333333356,490.35972222222176,647.0174999999997,68.12222222222205,1488.791304347826,2.7811856138888897,1211.0565972222223,107644.69888888896,0.0,0.0,0.0,0.0,0.0,0.0,0.0,0.0,0.0,0.0,0.0,0.0,43.03694444444455,35.54138888888913,32.88944444444442,64.1325000000001,60.0,11.63,8.938,87.35,0.43,3.85,1.02,4.472130736111112,5.186637091185783,73.597,0.1245071130616737,58.05426389662623,0.0306736959386931,4.654665543432477,0.0354928869383263,0.0809857738766525,0.012,0.0659435982444936,6.2909071021916665,0.417215117464027,3.2098577387665257,5953.913374999995,7.99,14.496019907676216,70.72,0.94,20.35,1212.4818583333345,96.65405555555527,2333.944127777777,127.113,2.66,1.931777378815081,10.76,4.776666666666665,79.19777777777777,54.46,9.56,34.1,68.98,0.051,2.08,0.22,0.028,0.052,5.57,0.17,1.037324551695784,20.57486956521739,34.844521739130435,0.3642608695652174,0.52,7.444173913043478,0.3598260869565217,0.1944347826086956,0.4522608695652174,33.600434782608694,1.4208695652173913,1.2590309917955316,0.0,0.7834683683333328,0.3286639188888889,1.2992126972222229,1.3939582177083334,,22.0,8.0,0.0,211.10210888888872,97.37213704305556,27.318181818181817,28.25
2026-03-26 13:00:00,534.8611111111111,147.87727305555572,57.15500000000017,52.07277777777794,83.82388888888886,64.47611111111104,62.42416666666654,91.93138888888896,58.071666666666495,1.1484655508333332,7.0,4.223826086956522,0.0120347826086956,95.1122695652174,0.1389565217391304,0.1246173913043478,0.0630608695652173,0.2942608695652174,0.0309739130434782,310.0,11.598099853978312,32.187,105.0,87.49350017087644,0.4022999968931556,2.531000093205332,0.9083999751452452,1.4664210333333343,0.27,1.276,31.34,0.131,45.25,21.75,0.99,0.1,17.694926972222248,3.570481275000001,24.332779055555516,166.1466666666667,181.89250000000004,191.18861111111116,179.77388888888896,179.8677777777779,42.10249352777775,1.0,383.5877777777797,490.8497222222223,648.4611111111104,68.30138888888848,1481.486956521739,2.7657374722222228,1194.6686722222223,107039.2108333333,0.0,0.0,0.0,0.0,0.0,0.0,0.0,0.0,0.0,0.0,0.0,0.0,42.38055555555555,35.257500000000135,31.74694444444441,68.39527777777761,60.0,11.63,7.804,87.35,0.43,3.85,1.02,4.516444161111114,5.372396563844928,58.321,0.1223512971313935,57.59543440613158,0.0310689288592445,4.831801752370502,0.0376487028686065,0.085297405737213,0.012,0.0678838325817458,6.546371289929872,0.442941187565371,3.25297405737213,5984.504991666662,7.99,15.074987123870033,70.72,0.94,20.35,1218.403033333333,92.54797927195548,2300.492149999999,113.582,2.66,1.931777378815081,10.76,4.776666666666665,79.19777777777777,54.46,9.56,34.1,68.98,0.051,2.08,0.22,0.028,0.052,5.57,0.17,1.007021663563069,20.945304347826085,34.20278260869565,0.463391304347826,0.52,6.990260869565217,0.4537391304347826,0.1996521739130435,0.4313913043478261,33.96565217391304,1.551304347826087,1.212846542018112,0.0,0.728730230277778,0.3179554852777778,1.299283238888889,1.3174784663194443,,22.0,8.0,0.0,208.44601694444427,97.09373867986112,27.318181818181817,28.25
2026-03-26 14:00:00,541.8055555555555,159.92320305555546,56.4599999999998,51.682222222222215,81.5150000000001,62.64749999999991,60.12194444444441,77.46722222222222,58.03222222222221,1.1579643444444454,7.0,4.260727272727273,0.0125090909090909,95.00274545454546,0.1450909090909091,0.1219454545454545,0.052290909090909,0.3614545454545455,0.0432363636363636,310.0,11.597934888393558,31.853,105.0,87.49369321570967,0.4022964869870969,2.5311053903870904,0.9083718958967758,1.459037311111112,0.27,1.259,31.34,0.131,45.25,21.75,0.99,0.0999999999999999,17.879967916666633,3.639282727777777,23.85679524999998,143.5536111111112,146.47638888888906,147.44277777777782,145.83298611111118,145.8591666666666,42.84033480555557,1.0,383.4061111111117,491.38250000000033,649.7602777777779,68.02805555555567,1478.9636363636364,2.758395127777776,1183.4076222222225,105744.78333333344,0.0,0.0,0.0,0.0,0.0,0.0,0.0,0.0,0.0,0.0,0.0,0.0,42.11638888888898,33.62916666666672,33.51722222222217,62.44944444444445,60.0,11.63,7.667,87.35,0.43,3.85,1.02,4.555298222222222,5.224152340819486,62.649,0.1240717329885553,57.96160050439751,0.0307535156187648,4.690439272773708,0.0359282670114447,0.0818565340228894,0.012,0.0663354403103002,6.342499640856199,0.4224106530032402,3.2185653402288943,5955.113263888886,7.99,16.310194325495598,70.72,0.94,20.35,1211.3482722222216,96.28107631766105,2251.3235333333328,113.386,2.66,1.931777378815081,10.76,4.776666666666665,79.19777777777777,54.46,9.56,34.1,68.98,0.051,2.08,0.22,0.028,0.052,5.57,0.17,1.0295361807353929,20.486363636363635,34.81163636363636,0.4038181818181818,0.5047272727272727,7.158545454545455,0.3785454545454545,0.1847272727272727,0.4198181818181818,33.81690909090909,1.554909090909091,1.2412558874118802,0.0,1.1442033449999998,0.3010730144444442,1.299204255555556,1.2080530056944463,,22.0,8.0,0.0,204.9447591666668,98.6898244048611,27.318181818181817,28.25
2026-03-26 15:00:00,535.7638888888889,160.04039916666656,55.60277777777784,51.078611111111066,77.87583333333329,62.49138888888884,58.90222222222223,84.91222222222225,57.65944444444476,1.1535324386111103,7.0,4.300571428571429,0.0129428571428571,94.87814285714286,0.1505714285714285,0.1190571428571428,0.0408285714285714,0.4417142857142857,0.0561714285714285,310.0,11.597240160349854,27.44,105.0,87.49450619533529,0.4022817055393586,2.531548833819242,0.9082536443148688,1.4779319944444445,0.27,1.292,31.34,0.131,45.25,21.75,0.99,0.1,17.76618025,3.550548125000002,23.36202775,164.6166666666667,174.3666666666666,176.12555555555562,172.98020833333334,176.81194444444452,43.20073563888887,1.0,383.14999999999856,491.861111111111,650.803055555556,67.47861111111102,1479.1142857142856,2.777066363888888,1150.8538694444455,106214.18666666668,0.0,0.0,0.0,0.0,0.0,0.0,0.0,0.0,0.0,0.0,0.0,0.0,40.89194444444434,32.37944444444456,32.48388888888891,57.801388888888816,60.0,11.63,6.621,87.35,0.43,3.85,1.02,4.546610005555556,5.173376532729674,53.010000000000005,0.1246610073571024,58.0870177325033,0.0306454819845312,4.642020562158083,0.0353389926428975,0.0806779852857951,0.0119999999999999,0.0658050933786078,6.272670628183361,0.4153786455385775,3.206779852857951,5965.73150277778,7.99,16.311317483066507,70.72,0.94,20.35,1198.524930555555,94.93292014551332,2221.299388888888,97.669,2.66,1.931777378815081,10.76,4.776666666666665,79.19777777777777,54.46,9.56,34.1,68.98,0.051,2.08,0.22,0.028,0.052,5.57,0.17,1.0557146142183935,20.044,35.47714285714286,0.3422857142857143,0.4888571428571428,7.349428571428571,0.3,0.1688571428571428,0.414,33.60657142857143,1.5385714285714287,1.274410615548932,0.0,0.5905767741666659,0.3243995958333335,1.2991119944444445,1.2674074693750002,,22.0,8.0,0.0,199.4096083333333,98.70535288958332,27.318181818181817,28.25
2026-03-26 16:00:00,530.0,161.1414880222848,56.076323119777214,51.54930362116995,77.75487465181062,63.04902506963833,59.66796657381588,95.51142061281338,58.03871866295265,1.1574065133704723,6.298050139275766,4.306285714285714,0.0123714285714285,94.84957142857144,0.1562857142857142,0.1196285714285714,0.0391142857142857,0.4588571428571428,0.0578857142857142,310.0,11.619866995073892,32.480000000000004,105.0,87.43332389162562,0.4177302955665024,2.609211822660098,0.9468091133004924,1.4570120111420617,0.27,1.779,31.34,0.131,45.25,21.75,0.99,0.1,17.643265097493043,3.453079860724235,24.342067298050143,171.94345403899737,190.06490250696396,192.6540389972144,185.52381615598887,187.43286908077985,42.02477988857938,1.0,383.5838440111433,492.5245125348191,652.0582172701943,67.53008356545931,1500.2571428571428,2.755947364902508,1151.2386490250674,107079.58635097476,0.0,0.0,0.0,0.0,0.0,0.0,0.0,0.0,0.0,0.0,0.0,0.0,41.829526462395584,33.47938718662951,36.86908077994431,55.20863509749303,60.0,11.63,7.816,87.35,0.43,3.85,1.02,4.503960651810585,5.1358938986827445,61.036,0.1250960089127727,58.17960056360181,0.0305657316993249,4.606277934333836,0.0349039910872272,0.0798079821744544,0.0119999999999999,0.0654135919785044,6.221122943836424,0.4101876269742446,3.198079821744544,5965.492395543169,8.34,14.776611610951877,70.17,1.27,20.22,1227.7710612813364,91.69961002785556,2274.011626740947,113.937,2.56,1.928832116788321,10.57,4.776666666666665,79.19777777777777,54.79,9.3,34.1,68.98,0.052,2.05,0.22,0.026,0.051,5.48,0.15,1.0809142482299663,20.284,35.84857142857143,0.3651428571428571,0.4774285714285714,7.343714285714285,0.3,0.1574285714285714,0.4539999999999999,33.172285714285714,1.4242857142857144,1.3023206343369147,0.0,0.674689519888579,0.2996055097493038,1.2989537910863511,1.32217323649025,,22.0,8.0,0.0,202.7033537604457,98.85124716295272,27.318181818181817,28.25
2026-03-26 17:00:00,530.3611111111111,155.1194744444441,54.84833333333343,50.21833333333336,73.19388888888892,62.03305555555549,57.788611111111024,104.64250000000013,57.20138888888896,1.1704522861111115,6.7027777777777775,4.3198823529411765,0.0122470588235294,94.80629411764706,0.1624705882352941,0.1209882352941176,0.0355294117647058,0.4798823529411764,0.0627058823529411,310.0,11.654225992123598,33.010000000000005,105.0,87.39662223568614,0.4169494092699181,2.577976370796728,0.9491517721902452,1.4511428194444456,0.27,1.803,31.34,0.131,45.24999999999999,21.75,0.99,0.1,17.537905305555537,3.5848443638888914,24.57465322222221,155.90499999999992,167.42888888888882,174.6575,166.93277777777772,169.7397222222221,41.646673638888885,1.0,383.1958333333327,492.6986111111103,652.532777777778,67.32305555555543,1510.7882352941176,2.7502973222222225,1205.748180555555,108202.06222222222,0.0,0.0,0.0,0.0,0.0,0.0,0.0,0.0,0.0,0.0,0.0,0.0,41.43499999999997,34.61194444444444,41.22388888888898,45.82694444444441,60.0,11.63,7.615,87.35,0.43,3.85,1.02,4.442270419444446,5.134468095533702,61.214,0.1251125559512529,58.18312232495834,0.0305626980756036,4.604918319338713,0.034887444048747,0.079774888097494,0.012,0.0653986996438723,6.219162119776522,0.409990165648381,3.197748880974941,5946.63807222221,8.34,15.13221497100436,70.17,1.27,20.22,1244.2935638888875,97.55199999999913,2310.614000000001,114.141,2.56,1.928832116788321,10.57,4.776666666666665,79.19777777777777,54.79,9.3,34.1,68.98,0.052,2.05,0.22,0.026,0.051,5.48,0.15,1.102603432937892,20.489411764705885,36.1789411764706,0.3503529411764706,0.4576470588235294,7.372117647058824,0.2851764705882353,0.1475294117647058,0.4775294117647058,32.81341176470588,1.3228235294117647,1.3272819958157174,0.0,0.8882692244444408,0.2806905747222224,1.2991463694444452,1.3195048527083333,,22.0,8.0,0.0,212.9949686111112,98.05333036388885,27.318181818181817,28.25
2026-03-26 18:00:00,530.4722222222222,145.1585030555556,54.6350000000001,49.93666666666668,76.83611111111105,61.91722222222224,56.47444444444432,101.71916666666662,57.04888888888885,1.170239273333333,7.0,4.348117647058823,0.0129529411764705,94.73570588235292,0.1695294117647059,0.1238117647058823,0.0284705882352941,0.5081176470588236,0.0732941176470588,310.0,11.722420999349191,27.658,105.0,87.32377756887699,0.4153995227420637,2.515980909682551,0.9538014317738086,1.4701874333333331,0.27,1.574,31.34,0.131,45.25,21.75,0.99,0.1,17.82993358333332,3.3480339972222226,23.92609463888889,146.51916666666662,161.79277777777753,155.09694444444438,155.44965277777766,158.3897222222222,42.69842463888888,1.0,383.3266666666655,493.1249999999988,653.5074999999999,67.1736111111111,1501.6117647058825,2.7693864666666674,1180.8209055555544,107606.84888888896,0.0,0.0,0.0,0.0,0.0,0.0,0.0,0.0,0.0,0.0,0.0,0.0,41.06333333333335,32.49138888888891,37.73888888888885,53.31777777777775,60.0,11.63,6.583,87.35,0.43,3.85,1.02,4.439524225,5.14464265305345,52.498000000000005,0.1249944759800373,58.15799097108461,0.0305843460703264,4.614620556973598,0.0350055240199626,0.0800110480399253,0.012,0.0655049716179664,6.233154596365576,0.4113992533048877,3.2001104803992533,5906.17809166666,8.34,14.781853262404782,70.17,1.27,20.22,1223.8074111111114,94.33255339165804,2294.280247222224,97.934,2.56,1.928832116788321,10.57,4.776666666666665,79.19777777777777,54.79,9.3,34.1,68.98,0.052,2.05,0.22,0.026,0.051,5.48,0.15,1.1177732117961876,20.63058823529412,36.43305882352941,0.2656470588235294,0.4223529411764706,7.463882352941177,0.2428235294117647,0.1404705882352941,0.4704705882352941,32.59458823529412,1.245176470588235,1.346767279434615,0.0,0.7728346700000003,0.2999481419444446,1.2991493527777784,1.350493301458333,,22.0,8.0,0.0,207.2892219444444,96.73350165486112,27.318181818181817,28.25
2026-03-26 19:00:00,535.0,157.3168255555556,55.26555555555523,50.570833333333255,82.32388888888882,62.72472222222223,56.69583333333315,88.08722222222222,57.83250000000006,1.16510968611111,6.65,4.2884,0.01356,94.78644,0.1644,0.124,0.028,0.5212,0.074,310.0,11.624616142338237,32.486000000000004,105.0,87.42825093886596,0.4176223604014036,2.604894416056147,0.9471329187957888,1.3913731833333338,0.27,1.57,31.34,0.131,45.25,21.75,0.99,0.1,17.656033361111117,3.616504313888889,24.353539916666644,228.05638888888876,250.05027777777772,254.09611111111096,240.334236111111,229.13416666666652,42.03491530555555,1.0,383.85222222222205,494.03861111111,654.798611111113,67.22222222222226,1494.84,2.6905983666666677,1176.3930722222208,105333.02166666662,0.0,0.0,0.0,0.0,0.0,0.0,0.0,0.0,0.0,0.0,0.0,0.0,41.32833333333342,32.5377777777777,31.956388888888817,64.28111111111113,60.0,11.63,7.074,87.35,0.43,3.85,1.02,4.516105147222224,4.729089559895929,54.578,0.1298171424383451,59.18441514896112,0.02970019055297,4.218358129649309,0.0301828575616548,0.0703657151233097,0.012,0.0611645718054893,5.661668621056104,0.3538487669024148,3.103657151233098,5881.783427777767,8.34,15.169274904194449,70.17,1.27,20.22,1262.8166111111111,96.425,2279.29210277778,106.267,2.56,1.928832116788321,10.57,4.776666666666665,79.19777777777777,54.79,9.3,34.1,68.98,0.052,2.05,0.22,0.026,0.051,5.48,0.15,1.1316202321298556,20.6064,36.6572,0.26,0.3863999999999999,7.554,0.2288,0.1848,0.4755999999999999,32.3952,1.2176,1.3648204891001756,0.0,1.714320551944443,0.2262635033333334,1.299124705555556,1.3832518841666646,,22.0,8.0,0.0,207.31484666666665,98.34447938611112,27.318181818181817,28.25
2026-03-26 20:00:00,535.0,155.0041363888889,55.68916666666664,51.20027777777798,86.9319444444444,65.88611111111105,56.70333333333345,84.18888888888904,60.37944444444443,1.1599978202777763,6.85,4.254222222222222,0.0137392592592592,94.81426074074074,0.16,0.1235259259259259,0.0274074074074074,0.5323703703703704,0.074474074074074,310.0,11.632279130410137,35.281,105.0,87.42006547433462,0.4174482015815878,2.597928063263513,0.9476553952552366,1.4142651666666672,0.27,1.819,31.34,0.131,45.25,21.75,0.99,0.1,17.4743438888889,3.736601380555554,24.585865611111128,142.6919444444446,146.30194444444444,142.47250000000005,143.12256944444448,141.0238888888888,41.547032305555575,1.0,384.4588888888902,494.7377777777773,655.7213888888887,67.62416666666687,1491.0666666666666,2.713461180555558,1215.2453499999986,105942.4055555555,0.0,0.0,0.0,0.0,0.0,0.0,0.0,0.0,0.0,0.0,0.0,0.0,40.64444444444442,34.27916666666658,31.813888888888894,75.228611111111,60.0,11.63,7.911,87.35,0.43,3.85,1.02,4.501551458333337,4.513860373910063,52.526,0.0988990214370026,46.89508015078246,0.0256892967292388,4.065803982789475,0.0321537905037505,0.0724983817537981,0.0098289608955564,0.0567871339907855,5.518006130297376,0.3785143928721014,2.690775996649278,5901.685266666663,8.34,15.395785846826383,70.17,1.27,20.22,1251.614325000001,99.325,2301.4793527777783,120.712,2.56,1.928832116788321,10.57,4.776666666666665,79.19777777777777,54.79,9.3,34.1,68.98,0.052,2.05,0.22,0.026,0.051,5.48,0.15,1.1452957441779523,20.549185185185184,36.84133333333333,0.2718518518518518,0.3576296296296296,7.687555555555556,0.2164444444444444,0.2128888888888888,0.4673185185185185,32.169407407407405,1.2011851851851851,1.384317857922698,0.0,1.1986376861111123,0.2542673249999999,1.2991246333333346,1.4537596329861109,,22.0,8.0,0.0,212.05335388888895,98.03804807152778,27.318181818181817,28.25
2026-03-26 21:00:00,532.0972222222222,150.85925861111113,55.845277777777696,51.57527777777805,88.98472222222217,68.78277777777757,56.723333333333336,107.14527777777776,63.0425,1.1755344025,7.0,4.307555555555556,0.0127614814814814,94.75523851851852,0.16,0.1217481481481481,0.0251851851851851,0.5412592592592593,0.0762518518518518,306.8888888888889,11.63220393895473,35.187,105.0,87.42014579248018,0.4174499104783016,2.597996419132066,0.947650268565095,1.4647650888888892,0.27,1.825,31.34,0.131,45.25,21.75,0.99,0.1,17.132185944444448,3.9315602861111074,25.164761916666663,172.32222222222225,190.23194444444457,203.37388888888896,188.5608333333334,188.31527777777785,40.5064656666667,1.0,384.8508333333317,495.2983333333326,656.5252777777797,67.92749999999984,1495.0666666666666,2.763916980555558,1206.8861194444462,106794.61527777772,0.0,0.0,0.0,0.0,0.0,0.0,0.0,0.0,0.0,0.0,0.0,0.0,40.16611111111128,35.21638888888883,33.41666666666677,76.07805555555525,60.0,11.63,6.925,87.35,0.43,3.85,1.02,4.527250619444446,4.193811377036191,42.911,0.0462552725408403,26.062276339400157,0.0190160564890121,3.8494665703432687,0.0359763230873202,0.0770921209014005,0.006167369672112,0.0498529048495723,5.33477476637692,0.4260624548484071,2.004395143436415,5971.43800555555,8.34,15.31221474902778,70.17,1.27,20.22,1214.888538888889,91.86227837241182,2298.986513888889,132.416,2.56,1.928832116788321,10.57,4.776666666666665,79.19777777777777,54.79,9.3,34.1,68.98,0.052,2.05,0.22,0.026,0.051,5.48,0.15,1.158759436008065,20.43362962962963,36.92133333333334,0.3162962962962963,0.3487407407407407,7.940888888888889,0.2031111111111111,0.1862222222222222,0.4197629629629629,31.867185185185186,1.2056296296296296,1.4080679646677,0.0,0.809377423333333,0.2892306955555553,1.2991680805555563,1.5439254819444437,,22.0,8.0,0.0,208.91860166666652,96.71107398819446,27.318181818181817,28.25
2026-03-26 22:00:00,530.0,148.32287305555553,56.00027777777804,51.87083333333314,90.97277777777754,69.0516666666666,56.646944444444834,135.0908333333334,73.75111111111127,1.1609864444444435,7.0,4.359555555555556,0.0118122222222222,94.69846555555556,0.1601111111111111,0.1200222222222222,0.0229888888888888,0.5491111111111111,0.0779333333333333,300.0,11.63209386031702,28.894,105.0,87.42026337647955,0.4174524122655222,2.59809649062089,0.9476427632034332,1.449138074999998,0.27,1.399,31.34,0.131,45.25,21.75,0.99,0.0999999999999999,17.259428444444445,3.849946983333333,25.17327405555554,169.50527777777768,197.1925,206.48583333333312,188.77229166666652,181.90555555555545,40.67498097222222,1.0,385.0536111111135,495.6694444444415,657.0441666666701,68.03111111111109,1499.111111111111,2.7482598222222263,1150.377127777777,108113.86194444432,0.0,0.0,0.0,0.0,0.0,0.0,0.0,0.0,0.0,0.0,0.0,0.0,40.49638888888892,36.09444444444437,33.768055555555506,75.08416666666686,60.0,11.63,6.378,87.35,0.43,3.85,1.02,4.444839966666665,4.990010602756716,49.987,0.1152533658751275,54.11395142737112,0.0290288074899473,4.48535399203793,0.0347536359453457,0.0788827095044711,0.0112505251365355,0.0631547602376617,6.073084601996519,0.4087889451257326,3.038932122351812,5954.093655555564,8.34,15.054771615138902,70.17,1.27,20.22,1245.5520333333332,91.71990156714372,2263.5552416666687,99.939,2.56,1.928832116788321,10.57,4.776666666666665,79.19777777777777,54.79,9.3,34.1,68.98,0.052,2.05,0.22,0.026,0.051,5.48,0.15,1.1714777901404374,20.303,37.00055555555556,0.359,0.3408888888888889,8.190777777777777,0.1902222222222222,0.1601111111111111,0.3731222222222222,31.58511111111111,1.2103333333333333,1.4308058668157326,0.0,0.6768446044333325,0.2881516272222222,1.2991138166666665,1.6237884958333346,,22.0,8.0,0.0,205.0193366666668,94.65278067986112,27.318181818181817,28.25
2026-03-26 23:00:00,529.1527777777778,152.1272833333333,55.776111111111256,51.71138888888921,87.98166666666675,66.87611111111111,55.92722222222209,115.23361111111107,76.0902777777779,1.188055336944445,6.65,4.332888888888889,0.0125455555555555,94.77439888888888,0.1667777777777777,0.1213555555555555,0.0223222222222222,0.4957777777777777,0.0739333333333333,300.0,11.623040059902658,32.052,105.0,87.42993448146761,0.4176581804567578,2.606327218270311,0.9470254586297266,1.477016522222223,0.27,1.828,31.34,0.131,45.25,21.75,0.99,0.1,17.992356472222205,3.528115358333332,24.13242672222221,166.45416666666654,195.32666666666668,200.92444444444453,185.05388888888888,177.51027777777784,42.71502333333336,1.0,385.2322222222217,496.11111111111006,657.5344444444474,67.85999999999973,1505.7777777777778,2.7761902694444425,1192.820380555553,108380.64361111108,0.0,0.0,0.0,0.0,0.0,0.0,0.0,0.0,0.0,0.0,0.0,0.0,40.98111111111109,38.60722222222225,37.634444444444405,66.4802777777778,60.0,11.63,7.48,87.35,0.43,3.85,1.02,4.3276457,5.137981717153612,61.369,0.1250717789111766,58.17444361159543,0.0305701738662842,4.608268832798318,0.0349282210888233,0.0798564421776467,0.012,0.065435398979941,6.223994199025567,0.4104767716599586,3.1985644217764677,5800.125911111108,8.34,14.676783914149985,70.17,1.27,20.22,1225.7003833333324,96.47699999999992,2300.652125,112.931,2.56,1.928832116788321,10.57,4.776666666666665,79.19777777777777,54.79,9.3,34.1,68.98,0.052,2.05,0.22,0.026,0.051,5.48,0.15,1.14022122010612,19.283,37.03388888888889,0.299,0.3942222222222222,8.237444444444444,0.2035555555555555,0.1667777777777777,0.3804555555555555,32.49177777777778,1.2303333333333333,1.3938236977425795,0.0,0.6690465851388894,0.2889612144444443,1.2991101499999993,1.5592651923611114,,22.0,8.0,0.0,209.4816625000001,95.15686504166666,27.318181818181817,28.25
2026-03-27 00:00:00,525.0,154.38989861111114,55.67999999999998,51.61944444444445,71.0319444444445,65.54138888888903,55.88777777777748,90.03305555555553,69.55499999999998,1.1894200725000006,6.5,4.299333333333333,0.0130033333333333,94.899605,0.1596666666666666,0.12045,0.0251,0.4183333333333333,0.0645083333333333,300.0,11.696512629161884,27.872,105.0,87.38819675660162,0.4494485505166475,1.6880776406429392,0.91529061423651,1.5005818527777772,0.27,1.541,31.34,0.131,45.25,21.750000000000004,0.99,0.1,17.513624111111135,3.764716747222221,24.1148971111111,169.33749999999995,185.49888888888887,199.5197222222224,186.2314583333334,190.5697222222223,42.071088944444405,1.0,385.58555555555495,496.6183333333328,658.0397222222265,67.59194444444445,1506.4166666666667,2.799708158333332,1187.9620694444448,109071.31861111114,0.0,0.0,0.0,0.0,0.0,0.0,0.0,0.0,0.0,0.0,0.0,0.0,41.47888888888898,35.72277777777777,37.94277777777775,49.93388888888891,60.0,12.15,6.56,86.83,0.47,6.25,1.02,4.31623480277778,5.2472326021686335,52.291,0.1635405710351685,58.6082496031822,0.023604176626953,4.494541699336407,0.0997911686523493,0.0516658698437589,0.0199373505957048,0.0785619322636782,5.47410491289132,0.5301992694727583,2.6145703849610835,5771.383247222221,8.57,14.611460004555497,69.31,1.44,20.68,1212.3804027777771,94.6399999999996,2256.975544444444,97.03,2.44,1.972014925373134,10.57,5.223333333333334,79.0,54.83916083916084,9.11,34.1,68.98,0.052,2.18,0.22,0.028,0.051884,5.36,0.16,1.1187910698780263,18.95533333333333,36.830416666666665,0.2958333333333333,0.41225,8.247083333333334,0.2229166666666666,0.1725833333333333,0.3858083333333333,32.919666666666664,1.2865,1.369312258442693,0.0,0.6257523239444438,0.3111617366666666,1.2992560638888877,1.514797364583333,,22.0,8.0,0.0,208.9893338888889,95.45666156597224,27.318181818181817,28.25
2026-03-27 01:00:00,534.3888888888889,152.17433861111132,55.45888888888868,51.44166666666665,79.28388888888882,64.25944444444448,56.138055555555525,84.76722222222226,62.09277777777772,1.166673016666667,6.85,4.259333333333333,0.0132033333333333,95.070905,0.1396666666666666,0.11745,0.0311,0.3183333333333333,0.0500083333333333,300.0,11.69583074823179,32.236,105.0,87.38882181412087,0.4488519047028168,1.6906346941307857,0.9153474376473508,1.4507803222222224,0.27,1.838,31.34,0.131,45.25,21.75,0.99,0.1,17.33692666666666,3.730838480555558,24.715422638888857,158.93694444444432,167.05388888888888,177.21305555555557,168.66895833333334,171.47194444444457,41.2245981111111,1.0,385.952500000001,497.1591666666659,658.4836111111138,67.61750000000015,1501.4166666666667,2.7500401083333323,1197.5605666666663,109511.32944444448,0.0,0.0,0.0,0.0,0.0,0.0,0.0,0.0,0.0,0.0,0.0,0.0,41.0049999999999,36.17277777777768,32.02361111111112,66.20888888888874,60.0,12.15,7.502,86.83,0.47,6.25,1.02,4.282052325000001,5.394561392504312,63.77,0.1662734828289164,58.29744299827505,0.0235793319742825,4.598392347498823,0.1010334012858711,0.0536534420573937,0.0203100203857613,0.079978077465893,5.628141759448017,0.552807903402854,2.6468684334326484,5787.448469444441,8.57,15.177259835717662,69.31,1.44,20.68,1258.978113888888,99.7359999999991,2286.2362638888885,110.025,2.44,1.972014925373134,10.57,5.223333333333334,79.0,54.83916083916084,9.11,34.1,68.98,0.052,2.18,0.22,0.028,0.051884,5.36,0.16,1.106553376888013,19.27533333333333,36.40541666666667,0.3458333333333333,0.39725,8.222083333333334,0.2479166666666666,0.1775833333333333,0.3893083333333333,32.89966666666667,1.3765,1.356466985704895,0.0,0.8425781468888874,0.2841073408333332,1.2992181250000008,3.042355552291665,,22.0,8.0,0.0,214.46719861111112,95.16309986597226,27.318181818181817,28.25
2026-03-27 02:00:00,535.7777777777778,158.93661555555545,55.09055555555553,51.15333333333344,83.58861111111105,62.473333333333485,55.90888888888853,89.44250000000004,59.556111111111,1.1784954669444438,6.65,4.269760000000001,0.0135231999999999,95.0731248,0.13744,0.117984,0.032512,0.3072,0.048456,300.0,11.694897625926393,31.844,105.0,87.38967717623414,0.4480354226855922,1.6941339027760332,0.9154251978394674,1.461373669444444,0.27,1.831,31.34,0.131,45.25,21.75,0.99,0.1,17.889564194444436,3.709016527777779,24.81406769444443,176.80166666666662,190.34416666666655,196.13805555555535,186.67124999999996,183.4011111111111,41.89164474999998,1.0,386.2594444444436,497.61472222222494,658.8172222222195,67.36111111111109,1502.472,2.760416647222221,1216.1821833333322,109438.91833333328,0.0,0.0,0.0,0.0,0.0,0.0,0.0,0.0,0.0,0.0,0.0,0.0,40.70111111111129,36.25555555555551,32.67388888888883,69.18444444444442,60.0,12.15,7.449,86.83,0.47,6.25,1.02,4.28443559166667,5.346347804530383,64.542,0.1653791329676799,58.39915496885749,0.0235874624275665,4.564407052771839,0.1006268786216727,0.0530030057946763,0.0201880635865018,0.0795146416287068,5.577732949087416,0.5454091909144434,2.6362988441634903,5784.546058333331,8.57,15.388878864551057,69.31,1.44,20.68,1250.6919611111114,96.8239999999996,2284.599811111112,113.097,2.44,1.972014925373134,10.57,5.223333333333334,79.0,54.83916083916084,9.11,34.1,68.98,0.052,2.18,0.22,0.028,0.051884,5.36,0.16,1.1100008889750712,19.48952,36.34136,0.3452,0.38752,8.21992,0.24512,0.17752,0.391248,32.74368,1.39768,1.361058741070479,0.0,0.947058274055556,0.2828782030555555,1.298899875,1.300393683611114,,22.0,8.0,0.0,215.9094208333333,96.0591015611111,27.318181818181817,28.25
2026-03-27 03:00:00,544.875,158.2250880555557,55.202222222222005,51.01388888888878,85.74555555555563,62.85944444444433,55.81388888888877,91.28111111111107,61.57416666666669,1.205862502222221,7.2,4.3273600000000005,0.0139552,94.9171728,0.15184,0.121824,0.029632,0.3792,0.059016,300.0,11.693740419332364,31.574,105.0,87.39073794894533,0.4470228669158168,1.6984734275036422,0.9155216317223032,1.496205366666666,0.27,1.833,31.34,0.131,45.25,21.75,0.99,0.1,17.7979123888889,3.622636941666665,23.795597138888876,151.38833333333326,152.16750000000008,150.16888888888894,151.60020833333334,152.67611111111103,42.790743722222224,1.0,386.4538888888894,497.9355555555557,658.9163888888862,67.26583333333318,1509.192,2.795468361111112,1204.6003583333315,108871.1922222223,0.0,0.0,0.0,0.0,0.0,0.0,0.0,0.0,0.0,0.0,0.0,0.0,40.74222222222205,37.25972222222208,30.874444444444464,70.64833333333324,60.0,12.15,7.544,86.83,0.47,6.25,1.02,4.272715733333334,5.062515189935947,60.731,0.1601141097627241,58.99793169880292,0.0236353262748843,4.364336170983518,0.0982336862557837,0.0491738980092539,0.0194701058767351,0.0767864023315934,5.280977095717179,0.5018530898552633,2.5740758426503763,5749.0205027777765,8.57,16.587843556480347,69.31,1.44,20.68,1213.750047222222,95.14252145254704,2256.2153111111115,113.048,2.44,1.972014925373134,10.57,5.223333333333334,79.0,54.83916083916084,9.11,34.1,68.98,0.052,2.18,0.22,0.028,0.051884,5.36,0.16,1.1281216574245516,19.60472,36.61496,0.2972,0.38272,8.23912,0.21632,0.17272,0.391728,32.46048,1.35448,1.3819625549843886,0.0,0.9642409591944444,0.2903428644444442,1.299231358333333,1.353075049930557,,22.0,8.0,0.0,211.45321083333343,95.96482416736112,27.318181818181817,28.25
2026-03-27 04:00:00,533.9305555555555,151.32868972222215,55.2450000000002,50.95666666666645,74.62333333333326,63.73722222222226,56.23166666666636,115.37583333333336,63.29166666666654,1.1984140999999997,7.15,4.345818181818182,0.0139163636363636,94.85390181818182,0.16,0.1237636363636363,0.0287090909090909,0.4105454545454545,0.0633454545454545,300.0,11.695008809463882,31.784,105.0,87.38957525799144,0.448132708280896,1.6937169645104455,0.9154159325446766,1.5123994222222228,0.27,1.85,31.34,0.131,45.25,21.75,0.99,0.1,18.18125511111111,3.5419319166666665,24.27703030555556,145.4116666666667,163.35861111111126,163.03916666666672,155.46076388888895,150.03361111111116,42.82312794444445,1.0,386.7530555555544,498.29944444444175,659.1452777777823,67.04055555555571,1508.2727272727273,2.811664033333332,1194.354955555555,109867.0594444445,0.0,0.0,0.0,0.0,0.0,0.0,0.0,0.0,0.0,0.0,0.0,0.0,41.09833333333346,36.63249999999989,29.040000000000084,61.20694444444445,60.0,12.15,7.59,86.83,0.47,6.25,1.02,4.21378383611111,5.334796586192423,64.327,0.1651648607894041,58.42352355931413,0.0235894103564599,4.5562647099973566,0.1005294821770018,0.052847171483203,0.0201588446531005,0.0794036096817821,5.565655789948233,0.5436365756214342,2.633766536602049,5727.827566666666,8.57,15.764741916157408,69.31,1.44,20.68,1212.8592777777783,93.9363023478784,2273.607947222223,113.624,2.44,1.972014925373134,10.57,5.223333333333334,79.0,54.83916083916084,9.11,34.1,68.98,0.052,2.18,0.22,0.028,0.051884,5.36,0.16,1.126130112985922,19.679454545454547,36.53836363636364,0.2794545454545454,0.3941818181818182,8.240545454545455,0.2094545454545454,0.1723636363636363,0.3946,32.45127272727272,1.3701818181818182,1.3800880721816622,0.0,0.665350131944444,0.3139853361111108,1.299119216666667,1.4385857359722205,,22.0,8.0,0.0,211.67726472222208,95.05105138819444,27.318181818181817,28.25
2026-03-27 05:00:00,530.8888888888889,149.54560638888887,55.33333333333309,50.729722222222165,66.73527777777775,63.18805555555579,56.152500000000245,99.12388888888884,63.761388888889,1.1924301672222235,7.0,4.313090909090909,0.0132618181818181,94.9118290909091,0.16,0.1232181818181818,0.0303454545454545,0.3887272727272727,0.0595272727272727,300.0,11.688909887857916,35.134,105.0,87.39516593613023,0.442796151875676,1.716587920532817,0.9159241760118404,1.48901941388889,0.27,2.101,31.34,0.131,45.25,21.75,0.99,0.1,18.109158249999965,3.513792466666669,24.27734386111109,137.33388888888896,141.5277777777779,149.9758333333333,143.76895833333336,146.2383333333333,42.72313897222219,1.0,387.0797222222229,498.6905555555541,659.3380555555524,66.8705555555554,1497.3636363636365,2.7877603666666677,1187.5963916666665,109964.1483333332,0.0,0.0,0.0,0.0,0.0,0.0,0.0,0.0,0.0,0.0,0.0,0.0,41.12277777777796,36.37888888888901,29.42111111111107,53.80250000000002,60.0,12.15,8.296,86.83,0.47,6.25,1.02,4.21474752777778,5.387843019184988,71.41,0.1661488587032628,58.31161616020165,0.0235804649208794,4.593656630723988,0.1009767539560285,0.0535628063296457,0.0202930261868085,0.0799134995098725,5.621117490547543,0.5517769219997201,2.6453956028567425,5732.894105555556,8.57,15.252156395602771,69.31,1.44,20.68,1234.9565472222216,95.43165326653084,2281.228580555553,129.662,2.44,1.972014925373134,10.57,5.223333333333334,79.0,54.83916083916084,9.11,34.1,68.98,0.052,2.18,0.22,0.028,0.051884,5.36,0.16,1.0978378516936098,19.701272727272727,36.00381818181818,0.3012727272727272,0.4269090909090909,8.218727272727273,0.2312727272727272,0.1778181818181818,0.4006,32.800363636363635,1.462909090909091,1.3484265859802582,0.0,0.8579885438888896,0.2965892608333333,1.2987768249999982,1.4324898965277784,,22.0,8.0,0.0,211.7936005555553,94.81479284652778,27.318181818181817,28.25
2026-03-27 06:00:00,535.1844262295082,151.62990655737693,55.025819672131206,50.43278688524584,67.16680327868849,61.41557377049178,55.49098360655741,82.78893442622953,61.50245901639347,1.190042418032787,7.0,4.297428571428571,0.0127428571428571,94.83394285714286,0.1677142857142857,0.1240285714285714,0.0281714285714285,0.4674285714285714,0.0685428571428571,300.0,11.70205858370445,31.886,105.0,87.38311296493758,0.4543012607413912,1.6672803111083234,0.9148284513579628,1.4703630081967216,0.27,1.829,31.34,0.131,45.25,21.75,0.99,0.1,18.121335614754088,3.5487818401639344,24.13973606557377,152.11475409836072,145.50901639344272,167.10901639344257,159.3412909836066,172.6323770491803,42.88149901639343,1.0,387.3184426229517,498.9663934426229,659.4331967213102,66.58647540983617,1491.2,2.7696900614754085,1199.648922131149,107647.46680327872,0.0,0.0,0.0,0.0,0.0,0.0,0.0,0.0,0.0,0.0,0.0,0.0,40.96885245901638,36.32786885245906,29.858196721311494,56.60532786885248,60.0,12.15,6.909,86.83,0.47,6.25,1.02,4.295937885245903,5.349886625419601,60.772,0.1654447772000263,58.39168942934246,0.0235868656618179,4.566901533601,0.1006567169091028,0.0530507470545646,0.0201970150727308,0.0795486572763772,5.5814328967287565,0.5459522477456724,2.637074639636675,5718.9456229508205,8.57,15.464734169786947,69.31,1.44,20.68,1220.2910778688529,94.98022549402774,2283.828959016393,113.377,2.44,1.972014925373134,10.57,5.223333333333334,79.0,54.83916083916084,9.11,34.1,68.98,0.052,2.18,0.22,0.028,0.051884,5.36,0.16,1.0964452037267547,19.877142857142857,35.998285714285714,0.2971428571428571,0.4297142857142857,8.084000000000001,0.2297142857142857,0.1671428571428571,0.4073714285714286,32.83457142857143,1.4434285714285715,1.3426206817185131,0.0,0.87963912090164,0.2803205586065573,1.2989516885245902,1.3747829919057373,,22.0,8.0,0.0,210.45003114754095,95.09096261885244,27.318181818181817,28.25
2026-03-27 07:00:00,536.5041666666667,153.732875,54.6416666666667,50.04958333333333,68.9245833333334,61.178749999999965,54.31916666666681,78.08208333333322,59.837916666666615,1.1513478070833332,7.0,4.293142857142857,0.0123142857142857,94.66551428571428,0.1805714285714285,0.1257428571428571,0.0234571428571428,0.6131428571428571,0.0861142857142857,300.0,11.714609067386656,26.667,105.0,87.37160835489556,0.4652829339633254,1.6202159973000338,0.9137825777177784,1.4349442458333328,0.27,1.563,31.34,0.131,45.24999999999999,21.75,0.99,0.1,18.27795841666666,3.4179566958333365,23.801106875,145.91124999999997,163.52291666666673,166.52749999999995,158.51333333333335,158.09166666666675,43.439308,1.0,387.5320833333344,499.3199999999989,659.3879166666636,66.2545833333335,1488.2,2.733742012500002,1193.989241666667,105051.07408333335,0.0,0.0,0.0,0.0,0.0,0.0,0.0,0.0,0.0,0.0,0.0,0.0,40.89791666666644,35.594166666666645,31.05541666666668,55.400416666666665,60.0,12.15,5.909,86.83,0.47,6.25,1.02,4.385544974999998,5.291338907384987,52.864,0.1643587318401937,58.515202406174325,0.0235967388014527,4.5256318099273605,0.1001630599273607,0.0522608958837772,0.0200489179782082,0.0789858883171912,5.520219430992737,0.5369676906779661,2.62423955811138,5696.973195833337,8.57,15.679215921250062,69.31,1.44,20.68,1224.3500708333336,94.76599450300652,2264.964054166666,98.062,2.44,1.972014925373134,10.57,5.223333333333334,79.0,54.83916083916084,9.11,34.1,68.98,0.052,2.18,0.22,0.028,0.051884,5.36,0.16,1.1129856313102042,20.15571428571429,36.34542857142857,0.2757142857142857,0.4125714285714286,7.874,0.2125714285714285,0.1457142857142857,0.4146571428571428,32.658857142857144,1.3491428571428572,1.354051832083208,0.0,0.7084924916666668,0.2835964566666665,1.299032375,1.3767408025000003,,22.0,8.0,0.0,206.44348041666663,95.3696059375,27.318181818181817,28.25
2026-03-27 08:00:00,532.8277777777778,153.1626952777779,53.88555555555552,49.5808333333333,69.32194444444441,61.84861111111078,53.3463888888889,85.75055555555552,69.1627777777778,1.1511766358333335,6.65,4.2908888888888885,0.012,94.59,0.1855555555555555,0.1261111111111111,0.0220444444444444,0.6799999999999999,0.0934,300.0,11.66995079278294,31.093,105.0,87.41629305631493,0.4224384909786769,1.4190267905959542,0.9137561509021324,1.4203400944444446,0.27,1.501,31.34,0.131,45.25,21.75,0.99,0.1,18.236858972222223,3.4982156333333325,24.554664000000013,173.14249999999998,169.32027777777782,181.50277777777765,174.84687499999998,175.42194444444445,42.6212911388889,1.0,387.6599999999991,499.4024999999971,659.271944444449,65.72722222222212,1485.7333333333331,2.719646105555559,1210.9609166666664,103950.4621666666,0.0,0.0,0.0,0.0,0.0,0.0,0.0,0.0,0.0,0.0,0.0,0.0,40.38027777777789,35.999999999999936,31.248055555555577,54.87638888888892,60.0,12.15,7.226,86.83,0.47,6.25,1.02,4.462765311111116,5.295297905818612,61.647000000000006,0.1644321702597044,58.506850455009975,0.0235960711794572,4.528422469868769,0.1001964410271383,0.0523143056434214,0.0200589323081415,0.0790239427709377,5.524358687365159,0.5375752266939187,2.6251074667055976,5737.235288888883,8.28,14.894876407875518,70.62,1.08,20.02,1221.8276027777777,97.24872222222238,2302.522630555558,114.735,2.72,1.9245960502693,10.72,5.223333333333334,79.0,54.51,9.16,34.1,68.98,0.053,2.14,0.21,0.027,0.053,5.57,0.16,1.1249154218485755,20.266666666666666,36.56355555555556,0.2822222222222222,0.4044444444444444,7.79111111111111,0.2106666666666666,0.1353333333333333,0.4173333333333333,32.50333333333334,1.3075555555555556,1.3646375381729148,0.0,0.8088710402777786,0.2691635063888888,1.2991861249999994,1.4931861375000022,,22.0,8.0,0.0,207.139047777778,95.29405712430555,27.318181818181817,28.25
2026-03-27 09:00:00,538.4111111111112,162.84770333333327,53.42277777777779,49.23333333333365,75.77250000000002,60.92055555555552,52.6894444444445,161.40194444444452,79.94611111111129,1.196432055555556,6.5,4.294222222222222,0.012,94.77,0.1688888888888889,0.1227777777777777,0.0297111111111111,0.53,0.0724,300.0,11.66917914919113,26.704,105.0,87.41696824445775,0.4214739364889155,1.42336728579988,0.9138526063511084,1.471991419444444,0.27,0.595,31.34,0.131,45.25,21.75,0.99,0.1,18.12709844444445,3.5671537194444456,24.47882966666664,167.39055555555572,173.22250000000005,179.64027777777778,174.31548611111117,177.00861111111115,42.54549061111107,1.0,387.83944444444336,499.4536111111104,659.0822222222235,65.55972222222235,1484.7333333333331,2.7711346611111134,1214.0751249999998,109324.43666666666,0.0,0.0,0.0,0.0,0.0,0.0,0.0,0.0,0.0,0.0,0.0,0.0,40.20916666666695,36.61805555555553,31.920833333333334,57.93611111111113,60.0,12.15,6.427,86.83,0.47,6.25,1.02,4.279873477777776,5.38333131837061,51.283,0.1660651677943958,58.32113409901916,0.0235812257473236,4.59047637618704,0.1009387126338162,0.053501940214106,0.0202816137901448,0.0798701324025505,5.6164003665932185,0.5510845699354562,2.644406528479223,5788.734033333333,8.28,15.593470523814991,70.62,1.08,20.02,1238.9816972222218,95.75493055555526,2295.931908333333,98.249,2.72,1.9245960502693,10.72,5.223333333333334,79.0,54.51,9.16,34.1,68.98,0.053,2.14,0.21,0.027,0.053,5.57,0.16,1.1241659605129817,19.916666666666664,36.42688888888889,0.3655555555555556,0.4211111111111111,8.057777777777778,0.2506666666666667,0.1553333333333333,0.4073333333333333,32.403333333333336,1.4108888888888889,1.3728982725064052,0.0,0.8125337533333329,0.2755594008333334,1.2991692972222213,1.4876256194444415,,22.0,8.0,0.0,215.45232805555557,96.57732069166666,27.318181818181817,28.25
2026-03-27 10:00:00,539.2861111111112,161.36752722222192,53.112499999999805,49.13194444444432,77.34138888888879,59.43166666666691,52.1830555555555,151.62333333333328,73.06611111111107,1.217780593055555,6.85,4.297555555555555,0.012,94.95,0.1522222222222222,0.1194444444444444,0.0373777777777777,0.38,0.0514,295.125,11.668036066497605,35.49,105.0,87.41796844181457,0.4200450831220061,1.429797125950972,0.9139954916877994,1.4793383777777782,0.27,0.8,31.340000000000003,0.131,45.25,21.75,0.99,0.1,18.137659555555544,3.5958477888888885,24.61564419444445,157.52333333333323,156.5602777777778,173.3952777777778,163.3880555555555,166.07333333333312,42.42529905555552,1.0,387.8133333333333,499.42527777777366,658.7319444444475,65.61527777777745,1483.7333333333331,2.778288083333329,1232.602491666666,108689.48833333328,0.0,0.0,0.0,0.0,0.0,0.0,0.0,0.0,0.0,0.0,0.0,0.0,40.07222222222215,36.155,31.910833333333336,55.52500000000005,60.0,12.15,8.834,86.83,0.47,6.25,1.02,4.329557491666668,5.430386083610068,64.44200000000001,0.1669380217870333,58.22186679494739,0.0235732907110269,4.623644827907264,0.1013354644486514,0.0541367431178424,0.0204006393345954,0.0803224294714627,5.665597591632786,0.5583054529654573,2.654722075664939,5820.566252777771,8.28,16.293117856100558,70.62,1.08,20.02,1226.5126972222226,93.35851870286716,2289.052555555555,130.706,2.72,1.9245960502693,10.72,5.223333333333334,79.0,54.51,9.16,34.1,68.98,0.053,2.14,0.21,0.027,0.053,5.57,0.16,1.1234164991773878,19.566666666666663,36.29022222222222,0.4488888888888889,0.4377777777777778,8.324444444444444,0.2906666666666667,0.1753333333333333,0.3973333333333333,32.303333333333335,1.5142222222222224,1.3811590068398958,0.0,1.0876591847222223,0.2615577755555554,1.2988877583333318,1.3683171503472225,,22.0,8.0,0.0,216.08088750000013,95.1624473569444,27.318181818181817,28.25
2026-03-27 11:00:00,543.9166666666666,159.9114947222221,53.10638888888908,49.433611111111055,72.00611111111127,59.53694444444438,52.1936111111111,92.38666666666666,66.69055555555549,1.1823092988888886,7.7,4.333777777777778,0.0123555555555555,95.04182222222222,0.1435555555555555,0.1143333333333333,0.0412222222222222,0.2735555555555555,0.0393777777777777,295.0,11.66760322094254,31.171,105.0,87.41834718167526,0.4195040261781784,1.432231882198197,0.9140495973821822,1.4583322250000004,0.27,0.697,31.34,0.131,45.25,21.75,0.99,0.1,18.381992972222196,3.644370502777775,23.9274453611111,132.7977777777777,127.10055555555564,137.10972222222216,136.034375,147.12944444444454,43.447178083333306,1.0,387.9422222222207,499.2963888888901,658.3500000000015,65.57916666666652,1484.7777777777778,2.769929033333334,1218.8096694444437,106308.10777777784,0.0,0.0,0.0,0.0,0.0,0.0,0.0,0.0,0.0,0.0,0.0,0.0,39.57166666666681,33.714722222222235,30.60611111111105,52.19638888888884,60.0,12.15,7.864,86.83,0.47,6.25,1.02,4.46706986111111,5.313593765221627,61.59,0.1647715538236726,58.4682532878714,0.0235929858743302,4.541319045299561,0.1003507062834875,0.0525611300535801,0.0201052118850462,0.0791998051631758,5.54348757915246,0.540382854359474,2.629118363370677,5878.519402777779,8.28,18.134994042243683,70.62,1.08,20.02,1217.5798694444454,98.0458464235124,2222.287030555556,114.541,2.72,1.9245960502693,10.72,5.223333333333334,79.0,54.51,9.16,34.1,68.98,0.053,2.14,0.21,0.027,0.053,5.57,0.16,1.1184010730829934,19.375777777777778,36.16511111111111,0.4673333333333333,0.4428888888888889,8.457777777777778,0.3057777777777777,0.1864444444444444,0.3882222222222222,32.33844444444444,1.574,1.3799834111191691,0.0,1.0014926013888894,0.2760229702777778,1.3114830416666667,1.308724260694445,,22.0,8.0,0.0,210.44697694444443,94.93827305069443,27.318181818181817,28.25
2026-03-27 12:00:00,541.4611111111111,163.00311722222227,53.21194444444465,49.6094444444446,73.74055555555574,60.57027777777781,52.73555555555543,78.92805555555547,70.20249999999989,1.1761146888888887,7.2972222222222225,4.460444444444445,0.0136888888888888,94.89115555555556,0.1568888888888888,0.1043333333333333,0.0345555555555555,0.2868888888888888,0.0520444444444444,295.0,11.667809837045896,26.756,105.0,87.41816639258484,0.4197622963073703,1.4310696666168334,0.914023770369263,1.4641060444444445,0.27,0.597,31.34,0.131,45.25,21.75,0.99,0.1,17.499759111111103,3.66808931666666,23.849706111111093,172.00833333333318,167.84638888888907,172.25638888888886,175.92312499999994,191.58138888888877,42.321682083333314,1.0,388.01444444444513,499.27388888888703,657.8766666666635,65.63527777777817,1491.4444444444443,2.8035461027777773,1205.894505555556,108876.63361111104,0.0,0.0,0.0,0.0,0.0,0.0,0.0,0.0,0.0,0.0,0.0,0.0,39.24583333333354,31.8816666666666,33.00222222222222,53.63805555555543,60.0,12.15,7.065,86.83,0.47,6.25,1.02,4.390288088888889,5.318171494312594,53.891,0.1648564695403685,58.4585960549999,0.0235922139132693,4.544545842534004,0.1003893043365311,0.0526228869384498,0.0201167913009593,0.0792438069436455,5.548273737729863,0.541085338924867,2.630121912749809,5917.151419444444,8.28,17.491864509116823,70.62,1.08,20.02,1241.061244444444,95.1623289253812,2241.5640888888884,98.376,2.72,1.9245960502693,10.72,5.223333333333334,79.0,54.51,9.16,34.1,68.98,0.053,2.14,0.21,0.027,0.053,5.57,0.16,1.101654243901898,19.622444444444444,36.071777777777775,0.3073333333333333,0.4162222222222222,8.224444444444444,0.2524444444444444,0.1731111111111111,0.3815555555555555,32.745111111111115,1.514,1.3528579077493452,0.0,0.6829210030555541,0.2879913061111108,1.3394687805555554,1.3015477115972216,,22.0,8.0,0.0,212.0008094444444,95.34791303194444,27.318181818181817,28.25
2026-03-27 13:00:00,537.3472222222222,163.2476677777778,53.35444444444428,49.93305555555545,74.39444444444439,60.7258333333331,53.93555555555569,84.47638888888892,67.30166666666659,1.176289947500001,6.65,4.4275714285714285,0.0136714285714285,94.94294,0.1527714285714285,0.1003571428571428,0.0385857142857142,0.2735714285714286,0.0505314285714285,295.0,11.668221212315176,31.246,105.0,87.4178064392242,0.4202765153939704,1.4287556807271329,0.9139723484606028,1.453411238888889,0.27,0.717,31.34,0.131,45.25,21.75,0.99,0.1,17.887514305555555,3.410300900000003,23.93916380555552,157.66972222222205,162.10749999999993,174.97972222222222,166.81729166666662,172.51222222222228,42.76194527777775,1.0,388.0300000000007,499.2969444444423,657.5738888888884,65.7955555555555,1494.642857142857,2.801830097222224,1220.255602777779,109086.1236111111,0.0,0.0,0.0,0.0,0.0,0.0,0.0,0.0,0.0,0.0,0.0,0.0,39.17722222222233,30.743611111111115,31.77722222222217,54.548333333333375,60.0,12.15,7.838,86.83,0.47,6.25,1.02,4.402324844444446,5.341490439048937,63.592,0.165289030066675,58.40940212605359,0.0235882815448484,4.560983142533651,0.1005859227575795,0.0529374764121273,0.0201757768272738,0.0794679519436407,5.572654421939867,0.5446637941879482,2.6352339916970684,5929.058691666662,8.28,15.958275763616616,70.62,1.08,20.02,1252.2466722222216,97.75499999999968,2294.090466666665,115.421,2.72,1.9245960502693,10.72,5.223333333333334,79.0,54.51,9.16,34.1,68.98,0.053,2.14,0.21,0.027,0.053,5.57,0.16,1.085611919022434,19.76214285714285,35.83971428571428,0.2995714285714286,0.4067142857142857,7.949857142857143,0.2367142857142857,0.1765714285714285,0.3865714285714285,33.017428571428574,1.506571428571429,1.326476460013576,0.0,0.7779152097222223,0.2771213,1.3483512944444425,1.2476751426388888,,22.0,8.0,0.0,213.48380499999988,95.38031598055557,27.318181818181817,28.25
2026-03-27 14:00:00,539.5666666666667,164.36294944444438,53.51361111111101,50.383611111110994,73.00388888888884,60.74749999999976,54.81749999999984,90.60805555555557,65.67916666666665,1.1416674355555552,6.851388888888889,4.346142857142857,0.0132428571428571,95.05634,0.1433428571428571,0.0982142857142857,0.0458714285714285,0.2521428571428571,0.0447028571428571,295.0,11.66799486685916,31.17,105.0,87.41800449149822,0.4199935835739493,1.430028873917228,0.914000641642605,1.4414576277777778,0.27,0.707,31.34,0.131,45.25,21.75,0.99,0.1,17.89250558333334,3.4850903249999994,23.97935997222219,148.23500000000004,166.32638888888889,161.76555555555552,161.13805555555558,168.22527777777782,42.7302920555556,1.0,388.102222222224,499.3491666666644,657.2802777777813,66.00250000000001,1496.7857142857142,2.789596902777772,1196.2496166666683,108693.54833333328,0.0,0.0,0.0,0.0,0.0,0.0,0.0,0.0,0.0,0.0,0.0,0.0,39.07638888888903,30.536666666666587,30.4383333333333,54.23055555555555,60.0,12.15,7.286,86.83,0.47,6.25,1.02,4.433121149999998,5.351431422588666,61.128,0.1654734327967543,58.38843050647821,0.0235866051563931,4.567990446276665,0.1006697421803428,0.0530715874885486,0.0202009226541028,0.0795635060855909,5.583048030362519,0.5461893076822406,2.6374132966889148,5954.015366666659,8.28,16.55052719430833,70.62,1.08,20.02,1258.4925388888907,95.24183975820756,2258.600688888888,115.027,2.72,1.9245960502693,10.72,5.223333333333334,79.0,54.51,9.16,34.1,68.98,0.053,2.14,0.21,0.027,0.053,5.57,0.16,1.0697840084956405,19.869285714285716,35.56542857142857,0.3381428571428571,0.4024285714285714,7.662714285714285,0.2324285714285714,0.1851428571428571,0.3951428571428572,33.24885714285715,1.5151428571428571,1.3003214639925191,0.0,0.5831163229722224,0.2997902116666667,1.3481132249999983,1.1674456736805563,,22.0,8.0,0.0,210.3571644444444,95.52809080138888,27.318181818181817,28.25
2026-03-27 15:00:00,538.7,157.43369805555557,53.67388888888924,50.71416666666664,70.31055555555557,60.23694444444463,55.29861111111091,96.9611111111111,66.00277777777791,1.171228691666666,7.0,4.307172413793103,0.0124620689655172,95.11080965517242,0.1311862068965517,0.1011241379310344,0.0496413793103448,0.2471724137931034,0.040431724137931,295.0,11.668372686662412,31.34,105.0,87.41767389917038,0.4204658583280153,1.4279036375239311,0.9139534141671986,1.4649702472222217,0.27,0.696,31.34,0.131,45.25,21.75,0.99,0.1,17.742887166666687,3.546384727777777,24.21436197222219,163.44416666666646,175.72250000000014,174.65277777777777,170.79888888888888,169.37611111111113,42.287124555555565,1.0,388.1999999999988,499.3974999999968,657.002777777776,66.09805555555566,1493.3379310344828,2.8130062972222243,1197.4114527777758,109891.05027777785,0.0,0.0,0.0,0.0,0.0,0.0,0.0,0.0,0.0,0.0,0.0,0.0,38.7394444444444,30.421388888888806,32.23361111111111,52.4569444444444,60.0,12.15,7.115,86.83,0.47,6.25,1.02,4.381951669444448,5.414771313574826,60.126000000000005,0.1666483717526527,58.25480790340285,0.0235759238931577,4.612638126600804,0.1012038053421149,0.0539260885473838,0.0203611416026344,0.0801723380900109,5.649271862422247,0.5559092572264911,2.6512989388949872,5950.215022222222,8.28,16.199927529916778,70.62,1.08,20.02,1251.1834194444446,94.0989937059828,2270.794744444444,114.718,2.72,1.9245960502693,10.72,5.223333333333334,79.0,54.51,9.16,34.1,68.98,0.053,2.14,0.21,0.027,0.053,5.57,0.16,1.0636990533401065,19.863655172413797,35.43868965517241,0.3707586206896551,0.4,7.621931034482759,0.242551724137931,0.1882068965517241,0.4012551724137931,33.317241379310346,1.546896551724138,1.2925029309869749,0.0,0.6704981680555556,0.2937415652777776,1.3481017749999973,1.1469916145833337,,22.0,8.0,0.0,211.3043644444444,94.60996499236111,27.318181818181817,28.25
2026-03-27 16:00:00,540.0,161.5199605555556,53.816944444444246,51.07472222222245,63.406388888888735,60.891944444444434,55.68222222222244,104.03333333333332,69.2275,1.18069453361111,7.0,4.323724137931034,0.0112206896551724,95.08821655172414,0.1154620689655172,0.1106413793103448,0.0488137931034482,0.2637241379310345,0.0381972413793103,295.0,11.587203119461185,31.031,105.0,87.49585156778704,0.4019296832200058,1.5861718926235056,0.9169453127517644,1.4700391583333332,0.26,0.81,30.37,0.131,45.15,23.04,0.8000000000000002,0.1,17.554615833333333,3.670114761111107,24.22798544444444,158.99666666666678,173.79333333333335,171.86194444444448,167.70791666666673,166.17972222222227,42.01411019444443,1.0,388.2374999999989,499.3941666666635,656.7302777777812,66.33222222222184,1482.5793103448275,2.81811014722222,1218.5198805555556,110439.75305555551,0.0,0.0,0.0,0.0,0.0,0.0,0.0,0.0,0.0,0.0,0.0,0.0,38.63972222222231,31.127777777777787,36.51388888888884,50.86083333333329,60.0,12.06,7.273,86.925,0.48,6.5,1.015,4.362401844444447,5.962910328705239,63.309000000000005,0.1437326446476804,57.78205847509832,0.021497685953024,4.750051651423968,0.0912442148825601,0.1163136362918384,0.015373264464768,0.0657677443649402,5.464984915256914,0.5228627683267781,2.606452479110395,5952.027208333336,8.62,16.620403941166785,69.44999999999999,1.15,20.78,1254.6122333333335,94.18530023336982,2273.9622499999978,114.282,2.66,1.909255898366606,10.52,5.223333333333334,79.0,54.73,9.14,34.1,68.98,0.051,2.07,0.21,0.029,0.049,5.51,0.15,1.0703548859777587,19.71055172413793,35.50489655172414,0.3955862068965517,0.4,7.903310344827586,0.2715172413793103,0.1840689655172414,0.404151724137931,33.17241379310345,1.6089655172413793,1.3086628496171004,0.0,0.6829210155555546,0.2893446174999998,1.3480734388888893,1.1692186300694454,,22.0,8.0,0.0,214.71777527777763,95.15139477361112,27.318181818181817,28.25
2026-03-27 17:00:00,541.3388888888888,165.0222488888891,53.51611111111122,50.93416666666668,54.58861111111115,62.61333333333333,55.13694444444467,88.33250000000004,69.60972222222225,1.1507032330555549,7.0,4.338454545454545,0.0099990909090909,95.06774636363636,0.1,0.1199727272727272,0.048,0.2798181818181818,0.0360090909090909,295.0,11.585968862583632,31.088,105.0,87.49702972207926,0.4009759392691714,1.5900990735975296,0.9170014153371076,1.4458095249999992,0.26,0.601,30.37,0.131,45.15,23.04,0.8,0.1,17.638069444444458,3.7660590222222217,24.58873461111112,169.26944444444445,194.62194444444444,190.8133333333334,184.61611111111105,183.75972222222197,41.772680166666646,1.0,388.4255555555546,499.42111111110864,656.473888888886,66.35055555555569,1472.0181818181818,2.794061827777775,1212.589791666666,109596.52222222222,0.0,0.0,0.0,0.0,0.0,0.0,0.0,0.0,0.0,0.0,0.0,0.0,38.32194444444432,34.934166666666606,40.38361111111106,46.16972222222218,60.0,12.06,7.477,86.925,0.48,6.5,1.015,4.37204412222222,5.943693613220186,62.69200000000001,0.1439335162381165,57.823337586932944,0.0215244688317488,4.734986282141263,0.0913111720793721,0.1155771071269061,0.0153933516238116,0.0656115600076564,5.443458176481848,0.5201108275378038,2.6041089772219737,5920.582155555558,8.62,16.965130632827602,69.44999999999999,1.15,20.78,1265.4748555555557,93.46912058737408,2258.242919444444,114.609,2.66,1.909255898366606,10.52,5.223333333333334,79.0,54.73,9.14,34.1,68.98,0.051,2.07,0.21,0.029,0.049,5.51,0.15,1.0765795997358198,19.56372727272727,35.564727272727275,0.4198181818181818,0.4000909090909091,8.176727272727273,0.2998181818181818,0.18,0.4070272727272727,33.03509090909091,1.6699090909090908,1.3240982818885283,0.0,0.742351469166667,0.2951063238888887,1.348260897222222,1.1744006261111106,,22.0,8.0,0.0,214.02516166666655,95.6154479777778,27.318181818181817,28.25
2026-03-27 18:00:00,543.6388888888889,171.2066411111114,53.44944444444415,50.970833333333154,55.24499999999998,62.652500000000174,54.70361111111117,82.65194444444458,68.39222222222203,1.1756638472222236,7.0,4.245727272727272,0.0099445454545454,95.17252818181818,0.1,0.1183363636363636,0.048,0.2689090909090909,0.0365545454545454,295.0,11.587994180125126,34.365,105.0,87.49509646442601,0.4025409573694165,1.5836548814200495,0.916909355448858,1.4652585972222238,0.26,1.019,30.37,0.131,45.15,23.04,0.8,0.1,17.65837175,3.769249947222224,23.78650677777776,141.44277777777765,155.9177777777778,153.06777777777793,150.36895833333332,151.0474999999999,42.60602502777779,1.0,388.5180555555567,499.3947222222188,656.0480555555556,66.39472222222221,1473.1090909090908,2.813359969444444,1217.237088888889,107710.44138888895,0.0,0.0,0.0,0.0,0.0,0.0,0.0,0.0,0.0,0.0,0.0,0.0,38.19999999999988,35.73944444444452,41.066388888888845,48.06416666666669,60.0,12.06,8.987,86.925,0.48,6.5,1.015,4.403268536111112,5.900504247503157,69.688,0.1443849730226151,57.9161119561474,0.021584663069682,4.701127023303869,0.091461657674205,0.1139217655837447,0.0154384973022615,0.0652605373091493,5.395077057743083,0.5139258695901734,2.598841981402824,5855.7537444444415,8.62,17.59319444057774,69.44999999999999,1.15,20.78,1226.9856305555554,96.3908023743148,2236.337266666668,128.729,2.66,1.909255898366606,10.52,5.223333333333334,79.0,54.73,9.14,34.1,68.98,0.051,2.07,0.21,0.029,0.049,5.51,0.15,1.0573682995980085,19.78736363636364,35.248363636363635,0.4089090909090909,0.4055454545454545,7.980363636363636,0.2889090909090909,0.18,0.4086636363636363,33.340545454545456,1.6644545454545454,1.296789018996793,0.0,0.9669584363611108,0.2895947794444442,1.3480685527777752,1.2030669148611088,,22.0,8.0,0.0,209.79230027777777,96.43487994722226,27.318181818181817,28.25
2026-03-27 19:00:00,539.55,156.62265055555554,53.5555555555557,51.07361111111112,61.63527777777789,62.44416666666654,55.389444444444194,83.43194444444454,66.60527777777789,1.17154297,7.35,4.180521739130435,0.0100052173913043,95.2360904347826,0.1009565217391304,0.117095652173913,0.0474260869565217,0.2695652173913043,0.0383391304347826,295.0,11.586247647167376,27.095,105.0,87.49676360952206,0.4011913637202436,1.5892120317401737,0.916988743310574,1.4682582138888878,0.26,0.756,30.37,0.131,45.15,23.040000000000003,0.8,0.1,17.776861277777773,3.650511172222222,23.568118888888872,144.683888888889,165.2694444444445,159.44166666666666,158.07729166666667,162.91416666666652,42.993660166666665,1.0,388.5694444444458,499.275555555559,655.6780555555573,66.28361111111091,1475.1478260869565,2.8161328888888906,1199.0430333333316,108053.4999999999,0.0,0.0,0.0,0.0,0.0,0.0,0.0,0.0,0.0,0.0,0.0,0.0,38.19472222222241,33.4177777777779,33.81472222222224,48.53083333333331,60.0,12.06,6.992,86.925,0.48,6.5,1.015,4.35218206388889,5.822216032130894,54.029,0.1452033167373077,58.08428158951675,0.0216937755649743,4.6397512447019205,0.0917344389124359,0.1109211719632049,0.0155203316737307,0.064624247792852,5.307377889651854,0.502714560698884,2.589294638064743,5807.452019444444,8.62,16.929420609875244,69.44999999999999,1.15,20.78,1230.3015694444457,95.60161912096471,2236.919894444444,99.089,2.66,1.909255898366606,10.52,5.223333333333334,79.0,54.73,9.14,34.1,68.98,0.051,2.07,0.21,0.029,0.049,5.51,0.15,1.042329886119027,19.95565217391304,35.0148695652174,0.3923478260869565,0.4071304347826087,7.833391304347827,0.28,0.1790434782608695,0.4071304347826087,33.59286956521739,1.649478260869565,1.275515712111689,0.0,0.7936463304444448,0.2967152355555555,1.3480071083333314,1.3024066707638906,,22.0,8.0,0.0,207.2738269444445,94.50250119861111,27.318181818181817,28.25
2026-03-27 20:00:00,546.3916666666667,156.93167083333327,53.50805555555576,51.31638888888882,62.34527777777794,61.347500000000096,55.717222222222034,90.02944444444442,64.60638888888866,1.1825415194444433,7.5,4.237913043478261,0.0105791304347826,95.11603826086956,0.1061739130434782,0.1176173913043478,0.044295652173913,0.3217391304347826,0.0456434782608695,295.0,11.585219707912051,31.155,105.0,87.49774482426577,0.4003970470229497,1.5924827475525596,0.9170354678221796,1.4753396638888896,0.26,0.875,30.37,0.131,45.15,23.04,0.8,0.1,17.948255138888914,3.646500458333333,23.5045574722222,145.7716666666666,154.02972222222218,152.83027777777764,151.28319444444438,152.50111111111116,43.299059222222205,1.0,388.5930555555578,499.1908333333356,655.2763888888934,66.18500000000006,1481.408695652174,2.8234349999999964,1206.39103611111,107796.18888888876,0.0,0.0,0.0,0.0,0.0,0.0,0.0,0.0,0.0,0.0,0.0,0.0,38.09638888888896,31.23055555555555,34.87611111111103,46.876666666666594,60.0,12.06,7.974,86.925,0.48,6.5,1.015,4.367593313888891,5.909865277823414,60.866,0.1442871225314625,57.89600368021555,0.0215716163375283,4.708465810140309,0.0914290408438208,0.1142805507179706,0.0154287122531462,0.0653366193277034,5.405563368711596,0.5152664213189629,2.5999835704662697,5819.870752777774,8.62,17.360566085937517,69.44999999999999,1.15,20.78,1219.1888027777773,96.12184969924724,2234.14548888889,115.098,2.66,1.909255898366606,10.52,5.223333333333334,79.0,54.73,9.14,34.1,68.98,0.051,2.07,0.21,0.029,0.049,5.51,0.15,1.0458797859384736,19.877391304347825,35.15052173913043,0.3506086956521739,0.3914782608695652,7.906434782608696,0.28,0.1738260869565217,0.3914782608695652,33.60852173913043,1.592086956521739,1.2811298456197602,0.0,0.7542679230555568,0.2927981611111111,1.3480553249999994,1.3720848890277777,,22.0,8.0,0.0,208.22977749999987,94.54344638541666,27.318181818181817,28.25
2026-03-27 21:00:00,547.6111111111111,171.42746749999978,53.06972222222248,51.130277777778005,62.35750000000007,60.4208333333331,55.48222222222199,89.6458333333333,64.50333333333333,1.1710277574999994,6.8,4.29723076923077,0.0114923076923076,94.98615384615384,0.1173846153846153,0.1171384615384615,0.0413846153846153,0.376,0.0532153846153846,295.0,11.585480069547298,31.058,105.0,87.49749629725031,0.4005982355592762,1.5916543241676862,0.9170236332023954,1.4830123388888887,0.26,0.878,30.37,0.131,45.15,23.04,0.8,0.1,17.793716000000025,3.59032600833333,23.782865861111127,166.88500000000005,193.1025000000002,199.20222222222228,186.3711805555556,186.29499999999987,42.79837002777774,1.0,388.65861111111167,499.0822222222226,654.880277777776,65.88527777777753,1487.4769230769232,2.830761283333337,1188.9311333333326,108382.84583333335,0.0,0.0,0.0,0.0,0.0,0.0,0.0,0.0,0.0,0.0,0.0,0.0,37.68027777777768,29.967777777777844,38.20527777777787,44.3255555555556,60.0,12.06,7.619,86.925,0.48,6.5,1.015,4.313483416666671,5.635064959606935,63.501000000000005,0.1370318577660194,55.01683800255114,0.0204895670934316,4.489329301900757,0.0868808365222594,0.1092641060770696,0.0146540369443,0.0622526994535519,5.157431693989071,0.4921846585093148,2.474107494370167,5775.922891666663,8.62,17.194174990249977,69.44999999999999,1.15,20.78,1220.9667833333333,93.60443159316422,2224.403611111111,115.334,2.66,1.909255898366606,10.52,5.223333333333334,79.0,54.73,9.14,34.1,68.98,0.051,2.07,0.21,0.029,0.049,5.51,0.15,1.0514318273146053,19.868,35.284461538461535,0.32,0.3738461538461538,7.969846153846154,0.2763076923076923,0.1687692307692307,0.3761846153846154,33.55969230769231,1.5327692307692309,1.2889238453315972,0.0,0.551974825277778,0.3119845797222222,1.3478316638888894,1.4054590790972228,,22.0,8.0,0.0,206.33774861111112,96.46413944374996,27.318181818181817,28.25
2026-03-27 22:00:00,540.5,154.84945972222235,52.799999999999805,50.74583333333344,65.6519444444444,60.893888888888775,54.97194444444439,93.04000000000003,61.84638888888878,1.163851015555556,7.2027777777777775,4.3618461538461535,0.0133384615384615,94.82923076923076,0.145076923076923,0.1139076923076923,0.039076923076923,0.436,0.0615230769230769,295.0,11.58542372881356,31.152,105.0,87.4975500770416,0.4005546995377503,1.591833590138675,0.9170261941448382,1.4572658277777772,0.26,0.881,30.37,0.131,45.15,23.04,0.8000000000000002,0.1,17.531563250000012,3.500787688888891,23.82887300000001,170.02583333333328,172.3533333333333,178.75583333333344,172.59847222222223,169.2588888888889,42.38849416666663,1.0,388.5783333333341,498.8991666666633,654.3688888888872,65.59333333333363,1493.0153846153846,2.8052340138888896,1153.5798805555553,107497.77666666669,0.0,0.0,0.0,0.0,0.0,0.0,0.0,0.0,0.0,0.0,0.0,0.0,37.42777777777758,31.046944444444463,34.59277777777772,44.10194444444452,60.0,12.06,7.576,86.925,0.48,6.5,1.015,4.34161817777778,5.914743723244244,60.501,0.1442361283284574,57.88552437149799,0.0215648171104609,4.712290375365696,0.0914120427761524,0.1144675294623229,0.0154236128328457,0.0653762690203467,5.411028247466984,0.5159650419001338,2.600578502834664,5768.51756111111,8.62,16.438668096025275,69.44999999999999,1.15,20.78,1231.111975,94.74088129289848,2214.417597222223,115.072,2.66,1.909255898366606,10.52,5.223333333333334,79.0,54.73,9.14,34.1,68.98,0.051,2.07,0.21,0.029,0.049,5.51,0.15,1.0624897579716202,20.048,35.41369230769231,0.32,0.3507692307692308,8.00676923076923,0.2624615384615384,0.1641538461538461,0.361876923076923,33.33353846153846,1.468153846153846,1.3027124771037897,0.0,0.6573495306666661,0.293414845,1.3480625305555554,1.369806942847222,,22.0,8.0,0.0,200.5300961111112,94.26755341319446,27.318181818181817,28.25
2026-03-27 23:00:00,533.7777777777778,141.82559083333328,52.32027777777768,50.16722222222237,71.75777777777769,61.18361111111109,53.78222222222223,103.5683333333331,60.3866666666667,1.1288112905555547,7.5,4.4164,0.0147,94.67708,0.1694,0.11178,0.03646,0.5044,0.06978,295.0,11.585954892823858,26.825000000000003,105.0,87.49704305684995,0.4009651444547996,1.5901435228331782,0.9170020503261882,1.4089943055555558,0.26,0.749,30.370000000000005,0.131,45.15,23.04,0.8,0.1,18.196156750000004,3.436125566666665,23.92091094444444,157.78305555555562,180.62444444444435,193.8741666666667,178.34145833333332,181.08416666666665,43.20135805555552,1.0,388.5374999999999,498.6805555555576,653.8475000000004,65.29972222222203,1498.24,2.756888144444449,1188.8271055555574,111374.36194444454,0.0,0.0,0.0,0.0,0.0,0.0,0.0,0.0,0.0,0.0,0.0,0.0,37.64805555555576,33.07361111111111,31.54333333333339,45.04277777777783,60.0,12.06,6.664,86.925,0.48,6.5,1.015,4.170672219444442,5.881560422816874,52.505,0.1445829920959908,57.95680487572612,0.0216110656127987,4.686275592800686,0.0915276640319969,0.1131956956480335,0.015458299209599,0.0651065708789639,5.37385601371298,0.5112130082849252,2.5965317588801065,5741.099697222223,8.62,15.689455985937505,69.44999999999999,1.15,20.78,1318.9736638888894,92.94350141524366,2273.479033333336,98.257,2.66,1.909255898366606,10.52,5.223333333333334,79.0,54.73,9.14,34.1,68.98,0.051,2.07,0.21,0.029,0.049,5.51,0.15,1.0729563249972351,20.2118,35.543800000000005,0.317,0.3306,8.042399999999999,0.2476,0.16,0.34846,33.127,1.401,1.3157312350197146,0.0,0.5899016175277776,0.2801830161111111,1.3478901027777803,1.3378857536805542,,22.0,8.0,0.0,216.5887530555555,92.54189078541664,27.318181818181817,28.25
2026-03-28 00:00:00,528.0555555555555,166.2842949999996,52.016388888888926,49.81249999999973,69.77416666666664,60.84249999999986,52.93527777777761,106.14722222222228,58.94916666666669,1.1344472616666677,6.445833333333334,4.3804,0.0117,94.56788,0.1634,0.11958,0.03106,0.6484,0.07758,295.0,11.542000523305797,26.753,105.0,87.51999925242029,0.4679998504840579,1.839995514521736,0.9380002242739132,1.4229997861111117,0.26,0.765,30.37,0.131,45.15,23.04,0.8000000000000002,0.1,18.014781166666623,3.689324533333332,23.767891916666656,177.9180555555556,200.38472222222236,213.72277777777765,195.29208333333332,189.1427777777778,43.11693083333334,1.0,388.45694444444285,498.4422222222179,653.3888888888885,65.11833333333313,1500.64,2.7734455083333347,1181.2260027777756,113473.06027777778,0.0,0.0,0.0,0.0,0.0,0.0,0.0,0.0,0.0,0.0,0.0,0.0,37.87833333333344,33.17722222222245,31.11249999999996,42.26249999999993,60.0,12.06,6.823,86.925,0.48,6.5,1.015,4.097527247222225,5.868094074059927,52.363,0.1447237553234154,57.98573171896187,0.021629834043122,4.675718350743846,0.0915745851078051,0.1126795638141435,0.0154723755323415,0.0649971227775337,5.358770887840651,0.5092845520692092,2.59488952122682,5711.755327777779,8.48,15.77945810336533,69.68,1.19,20.65,1331.6170277777796,94.8944583333343,2235.4376972222226,98.343,2.56,1.944244604316547,10.81,4.887777777777775,79.95444444444445,54.59,8.86,35.82,72.86,0.048,2.17,0.22,0.022,0.051,5.56,0.15,1.0781006193402487,20.2298,35.6818,0.287,0.3366,8.0664,0.2236,0.16,0.34306,33.097,1.311,1.3218211282292358,0.0,0.6955801486111116,0.2885525133333333,1.3503393111111106,1.336478036111109,,22.0,8.0,0.0,218.52089416666635,95.78266908749995,27.318181818181817,28.25
2026-03-28 01:00:00,526.8777777777777,162.9095847222225,51.872777777777706,49.59250000000013,68.11472222222227,59.71166666666668,52.53361111111119,107.43444444444452,59.41972222222212,1.126732787222222,6.35,4.321866666666667,0.0101733333333333,94.63132,0.1513333333333333,0.1234799999999999,0.0318133333333333,0.6554666666666666,0.0745466666666666,295.0,11.542517780938834,30.932,105.0,87.51926031294451,0.4678520625889046,1.8355618776671407,0.938221906116643,1.3955641916666677,0.26,0.872,30.37,0.131,45.15,23.04,0.8,0.1,18.31811825,3.649369877777773,24.18479949999997,163.25333333333333,166.1308333333333,178.10638888888892,169.5257638888889,170.61250000000007,43.09964711111111,1.0,388.327222222223,498.1738888888908,652.8894444444427,65.01611111111153,1500.44,2.754095097222224,1191.658586111112,112996.13027777772,0.0,0.0,0.0,0.0,0.0,0.0,0.0,0.0,0.0,0.0,0.0,0.0,38.14277777777811,32.83666666666668,28.50111111111108,40.6697222222223,60.0,12.06,8.144,86.925,0.48,6.5,1.015,4.107495355555556,5.887028919831919,60.685,0.1445258301062865,57.94505808684189,0.0216034440141715,4.690562742028509,0.0915086100354288,0.1134052896102826,0.0154525830106286,0.0651510162313586,5.379981873609623,0.5119961275438741,2.59719864875999,5712.384680555558,8.48,15.186105668635996,69.68,1.19,20.65,1351.4190888888884,93.21799999999914,2263.199852777776,114.751,2.56,1.944244604316547,10.81,4.887777777777775,79.95444444444445,54.59,8.86,35.82,72.86,0.048,2.17,0.22,0.022,0.051,5.56,0.15,1.0758233978655818,20.19493333333333,35.662933333333335,0.2908,0.3556,8.052266666666666,0.2290666666666666,0.1634666666666666,0.3469333333333333,33.151066666666665,1.3068,1.3187333197815492,0.0,0.9186849380555554,0.2688314055555556,1.358708788888889,1.3708923561805544,,22.0,8.0,0.0,219.8760211111112,95.33551997569448,27.318181818181817,28.25
2026-03-28 02:00:00,534.6805555555555,161.24230777777768,51.44361111111092,49.293055555555625,54.30805555555552,58.87305555555543,52.476111111111,93.04694444444443,61.402499999999975,1.1118737855555554,6.85,4.233866666666667,0.0105733333333333,94.92052,0.1313333333333333,0.12228,0.0406133333333333,0.4834666666666666,0.0573466666666666,295.0,11.541563931422589,30.564,105.0,87.52062295511058,0.4681245910221174,1.8437377306635256,0.9378131134668236,1.383887438888889,0.26,0.879,30.37,0.131,45.15,23.04,0.8,0.1,18.0833582222222,3.576903316666667,24.06129469444445,143.46000000000012,147.92444444444442,160.4013888888889,151.86756944444448,155.68444444444444,42.91010413888892,1.0,388.2433333333333,497.9411111111078,652.4002777777744,64.78749999999961,1496.84,2.7424928583333323,1215.296008333335,112318.2975,0.0,0.0,0.0,0.0,0.0,0.0,0.0,0.0,0.0,0.0,0.0,0.0,38.13277777777794,32.56111111111107,32.319999999999986,37.58666666666665,60.0,12.06,8.05,86.925,0.48,6.5,1.015,4.079548516666666,5.888752061753645,60.628,0.1445078181698225,57.94135663389853,0.021601042422643,4.691913637263311,0.0915026060566075,0.1134713333773174,0.0154507818169822,0.0651650211123573,5.381912152800687,0.5122428910734315,2.597408788018737,5666.688544444448,8.48,16.2142039855177,69.68,1.19,20.65,1355.0437666666658,95.21523789392808,2276.1550805555544,114.958,2.56,1.944244604316547,10.81,4.887777777777775,79.95444444444445,54.59,8.86,35.82,72.86,0.048,2.17,0.22,0.022,0.051,5.56,0.15,1.0638411172447175,20.09093333333333,35.43893333333333,0.3388,0.3916,7.988266666666667,0.2730666666666667,0.1714666666666666,0.3629333333333333,33.31506666666667,1.4148,1.3036439014744363,0.0,0.9109375238888878,0.272013658611111,1.358533408333333,1.3266815821527782,,22.0,8.0,0.0,222.8218111111113,95.11460578055554,27.318181818181817,28.25
2026-03-28 03:00:00,530.2222222222222,159.78287083333353,51.05277777777795,48.68388888888909,55.811944444444535,57.85638888888886,52.40194444444428,77.5086111111112,57.499166666666696,1.140324313333333,6.648611111111111,4.145866666666667,0.0109733333333333,95.20972,0.1113333333333333,0.12108,0.0494133333333333,0.3114666666666666,0.0401466666666666,295.0,11.541189933090026,26.304,105.0,87.52115723844281,0.4682314476885645,1.846943430656934,0.9376528284671533,1.4124127166666671,0.26,0.738,30.37,0.131,45.14999999999999,23.04,0.8,0.1,18.326365027777797,3.5688898527777826,24.427614222222257,163.35444444444457,180.3769444444445,205.36138888888905,184.03166666666675,187.03388888888887,42.86484386111113,1.0,388.160833333334,497.7116666666686,651.9105555555558,64.34694444444408,1493.24,2.7711708694444463,1188.3995305555536,112306.72555555544,0.0,0.0,0.0,0.0,0.0,0.0,0.0,0.0,0.0,0.0,0.0,0.0,37.83111111111137,32.51222222222207,37.586944444444526,35.184722222222206,60.0,12.06,6.776,86.925,0.48,6.5,1.015,4.140233358333331,5.858486979661662,52.61,0.1448241779129443,58.00636856111005,0.0216432237217259,4.668186656529177,0.0916080593043147,0.1123113476525375,0.0154824177912944,0.0649190408667553,5.348008933662801,0.507908762592663,2.5937179243489825,5738.338408333334,8.48,15.595065621291775,69.68,1.19,20.65,1327.8993416666667,97.60161111111024,2260.484461111111,98.312,2.56,1.944244604316547,10.81,4.887777777777775,79.95444444444445,54.59,8.86,35.82,72.86,0.048,2.17,0.22,0.022,0.051,5.56,0.15,1.0518588366238537,19.986933333333333,35.214933333333335,0.3868,0.4276,7.924266666666667,0.3170666666666666,0.1794666666666666,0.3789333333333333,33.47906666666667,1.5228000000000002,1.288554483167324,0.0,0.9575569186111116,0.2720884191666666,1.358886652777777,1.3248388643055562,,22.0,8.0,0.0,217.00074111111115,94.92123038541668,27.318181818181817,28.25
2026-03-28 04:00:00,535.8472222222222,157.40460472222216,50.55138888888883,48.02388888888879,62.23472222222215,56.545833333333526,51.96833333333328,80.25777777777773,55.4974999999999,1.142974274444445,6.85,4.14,0.011,95.21627272727272,0.1303636363636363,0.1179454545454545,0.0423636363636363,0.3,0.0420545454545454,295.0,11.541222975153277,30.99,105.0,87.52111003549533,0.4682220070990641,1.8466602129719265,0.9376669893514036,1.3895376416666667,0.26,0.973,30.37,0.131,45.15,23.04,0.8,0.1,18.28657869444445,3.487734688888883,24.166498611111116,131.68111111111114,131.38694444444442,145.98250000000002,137.65298611111115,141.56138888888898,43.07204661111116,1.0,388.0038888888888,497.4066666666634,651.3883333333325,63.92611111111082,1489.9454545454546,2.7245409833333323,1195.940166666666,112539.67472222226,0.0,0.0,0.0,0.0,0.0,0.0,0.0,0.0,0.0,0.0,0.0,0.0,37.42111111111082,33.608611111111294,32.46138888888884,41.43694444444443,60.0,12.06,7.524,86.925,0.48,6.5,1.015,4.136160247222221,5.809062489928777,62.05799999999999,0.1453408102098037,58.11253649811467,0.0217121080279738,4.62943923426472,0.0917802700699346,0.1104170292307196,0.0155340810209803,0.0645173420348706,5.292643172516034,0.5008309001256889,2.58769054755229,5752.656294444443,8.48,15.828292241657142,69.68,1.19,20.65,1352.6996138888885,96.79144517397066,2267.498038888889,114.308,2.56,1.944244604316547,10.81,4.887777777777775,79.95444444444445,54.59,8.86,35.82,72.86,0.048,2.17,0.22,0.022,0.051,5.56,0.15,1.0543748088495453,20.036,35.23563636363637,0.3696363636363636,0.4045454545454545,7.935272727272728,0.2589090909090909,0.18,0.3698181818181818,33.418727272727274,1.5147272727272727,1.2918266684405293,0.0,1.1525077339166656,0.2465633488888888,1.3350597166666658,1.3170735864583332,,22.0,8.0,0.0,221.6342127777777,94.60611012569444,27.318181818181817,28.25
2026-03-28 05:00:00,540.0,156.3338530555559,49.83611111111105,47.46333333333325,64.2658333333333,56.449722222222256,51.50194444444443,74.47055555555546,55.53527777777769,1.1162012099999996,7.0,4.143870967741935,0.0110232258064516,95.19015741935485,0.1507741935483871,0.1148451612903225,0.0347290322580645,0.308516129032258,0.0460838709677419,295.0,11.54232121173388,31.294,105.0,87.51954112609445,0.4679082252188918,1.837246756566754,0.9381376621716624,1.3787397722222212,0.26,0.854,30.37,0.131,45.15,23.04,0.8,0.1,18.633536194444424,3.4257571388888923,24.43467922222222,142.09388888888878,143.83472222222238,165.92277777777778,152.89763888888888,159.7391666666666,43.266882333333335,1.0,387.8674999999995,497.1097222222239,650.9097222222209,63.493888888888975,1486.6903225806452,2.7026105305555586,1215.256563888889,110729.32861111098,0.0,0.0,0.0,0.0,0.0,0.0,0.0,0.0,0.0,0.0,0.0,0.0,37.04888888888883,33.68444444444457,29.793611111111105,42.93527777777779,60.0,12.06,7.444,86.925,0.48,6.5,1.015,4.174730058333331,5.815441083958383,61.995000000000005,0.1452741350108879,58.09883474473748,0.0217032180014517,4.634439874183402,0.0917580450036293,0.1106615049600774,0.0155274135010887,0.0645691842245342,5.299788531333172,0.5017443503508346,2.588468424872973,5721.408027777779,8.48,16.064866739988897,69.68,1.19,20.65,1339.8580888888894,95.58870390740904,2281.499022222222,111.47,2.56,1.944244604316547,10.81,4.887777777777775,79.95444444444445,54.59,8.86,35.82,72.86,0.048,2.17,0.22,0.022,0.051,5.56,0.15,1.058988535469863,20.071806451612904,35.30329032258065,0.3480645161290322,0.3803870967741936,7.951548387096774,0.2030967741935484,0.18,0.3602322580645161,33.33722580645161,1.4980645161290322,1.2975084580177234,0.0,0.9969690716666676,0.2625385613888887,1.3238636583333343,1.3464308327083347,,22.0,8.0,0.0,222.3301763888889,94.46423552986116,27.318181818181817,28.25
2026-03-28 06:00:00,540.0,170.0997190082645,49.35123966942139,46.94008264462804,53.318595041322325,55.70000000000013,51.37561983471065,67.65702479338844,56.61198347107445,1.1334198090909091,6.723140495867769,4.18258064516129,0.0112554838709677,95.05173161290324,0.158516129032258,0.1132967741935483,0.0320193548387096,0.3936774193548387,0.0569225806451612,295.0,11.542652536726212,31.517,105.0,87.51906780467684,0.4678135609353682,1.8344068280610464,0.9382796585969476,1.390804533057851,0.26,0.864,30.37,0.131,45.15,23.04,0.8,0.1,18.957831735537187,3.464809070247933,24.23984169421488,130.63719008264465,126.6223140495868,142.80041322314042,137.06477272727273,148.19917355371905,43.88566148760332,1.0,387.7243801652888,496.8239669421493,650.523553719008,63.123140495867794,1483.5935483870967,2.7390022231404942,1211.8545413223158,110078.82479338834,0.0,0.0,0.0,0.0,0.0,0.0,0.0,0.0,0.0,0.0,0.0,0.0,36.80206611570246,32.46404958677677,39.37520661157024,33.33925619834714,60.0,12.06,7.356,86.925,0.48,6.5,1.015,4.187151661157024,5.80847047340166,61.47,0.1453469985358711,58.11380819912153,0.0217129331381161,4.628975109809664,0.0917823328452903,0.1103943387018057,0.0155346998535871,0.0645125304050756,5.291979990239141,0.5007461200585652,2.5876183504148367,5708.409495867768,8.48,16.788111259058727,69.68,1.19,20.65,1323.96444214876,98.69570247933883,2253.1493347107444,114.445,2.56,1.944244604316547,10.81,4.887777777777775,79.95444444444445,54.59,8.86,35.82,72.86,0.048,2.17,0.22,0.022,0.051,5.56,0.15,1.073161746240457,19.88987096774193,35.6361935483871,0.3287096774193548,0.384258064516129,7.967032258064516,0.2340645161290322,0.18,0.3625548387096774,33.209483870967745,1.4787096774193549,1.3130727983148966,0.0,0.990322305371901,0.2573847537190081,1.3480408842975204,1.3175513288223135,,22.0,8.0,0.0,218.0495008264463,96.28821276859505,27.318181818181817,28.25
2026-03-28 08:00:00,539.1527777777778,163.11189694444448,48.35805555555559,46.03388888888873,69.48583333333335,56.53638888888892,49.47722222222242,110.36555555555552,56.64944444444437,1.1418514508333333,6.851388888888889,4.446031746031746,0.0107130952380952,94.38524325396826,0.1793769841269841,0.1231746031746031,0.0225714285714285,0.7446825396825397,0.0882063492063492,295.0,11.54118595279217,31.266,105.0,87.50782383419688,0.3970619842640568,1.729706390328152,0.9509902130109384,1.3911973638888884,0.33,0.833,30.24,0.13,45.12,22.49,1.44,0.2,18.19977338888885,3.546842869444447,24.407069861111097,150.36361111111108,144.93499999999997,163.13638888888875,153.80631944444437,156.79027777777773,42.71648925,1.0,387.1488888888893,496.1508333333352,649.6416666666676,62.48694444444455,1504.821428571429,2.7396154277777787,1227.5739666666664,111209.64138888892,0.0,0.0,0.0,0.0,0.0,0.0,0.0,0.0,0.0,0.0,0.0,0.0,35.8247222222222,35.83361111111114,33.34222222222226,45.320833333333205,60.0,12.25,7.487,86.735,0.415,6.0,1.015,4.107466416666668,5.153620597435856,61.697,0.0587422403034183,58.4495777752565,0.0228212068658119,4.386987860025609,0.0440862926884613,0.0646362059743585,0.0174833622380342,0.0700665510478629,6.014680940726453,0.4277799893025593,3.251663776196573,5655.912286111111,8.65,16.379859803058046,69.41999999999999,1.12,20.81,1334.844002777778,94.61662954675036,2280.710372222224,114.61,2.65,1.928176795580111,10.47,4.887777777777775,79.95444444444445,54.75,8.74,35.82,72.86,0.048,2.17,0.22,0.023,0.052,5.43,0.15,1.102767939110379,20.133492063492064,36.15067460317461,0.2800396825396825,0.3448015873015873,7.98563492063492,0.2256746031746031,0.1613095238095238,0.3336587301587301,32.782222222222224,1.334404761904762,1.3463662643872718,0.0,0.991635316666666,0.2493459341666665,1.3481879249999995,1.363634451875,,22.0,8.0,0.0,222.8440825,95.3623263451389,27.318181818181817,28.25
2026-03-28 09:00:00,534.1666666666666,143.87924000000007,47.21611111111122,45.0419444444444,64.13666666666673,56.01805555555567,48.233333333333306,112.13500000000008,54.54944444444455,1.130299053055555,7.35,4.369841269841269,0.0107845238095238,94.62493373015872,0.1596150793650793,0.1241269841269841,0.0311428571428571,0.6065873015873016,0.0729682539682539,295.0,11.542196642505727,26.627,105.0,87.50686633867879,0.3973988808352424,1.728110564464641,0.950937018815488,1.3756706611111125,0.33,0.718,30.24,0.13,45.12,22.49,1.44,0.2,18.351611388888895,3.537808608333336,24.552179861111117,172.55861111111113,170.47666666666672,178.7672222222223,177.18479166666668,186.93666666666653,42.775942777777736,1.0,386.253888888888,495.97638888888986,649.4061111111114,62.027222222222015,1498.392857142857,2.7236488166666675,1219.3272472222227,110443.53,0.0,0.0,0.0,0.0,0.0,0.0,0.0,0.0,0.0,0.0,0.0,0.0,34.27944444444446,31.838611111111035,28.448611111111106,42.09583333333328,60.0,12.25,6.69,86.735,0.415,6.0,1.015,4.233147813888889,5.165726498966883,52.753,0.0588834758212803,58.42476067711789,0.0228252421663222,4.396309404204501,0.0441407692453509,0.0647572649896688,0.0174611680852273,0.0701553276590904,6.0269886072829975,0.4291842738801584,3.253883191477262,5787.650052777784,8.65,15.503131989240009,69.41999999999999,1.12,20.81,1340.9143722222232,93.01135251573996,2300.79533611111,97.955,2.65,1.928176795580111,10.47,4.887777777777775,79.95444444444445,54.75,8.74,35.82,72.86,0.048,2.17,0.22,0.023,0.052,5.43,0.15,1.0923990370625725,20.152539682539683,35.88162698412699,0.3348015873015873,0.3709920634920635,7.961825396825397,0.2566269841269841,0.1684523809523809,0.3427063492063492,32.848888888888894,1.4129761904761904,1.3347851315280983,0.0,1.002437805833334,0.2453715861111111,1.348226472222222,1.3838824015277778,,22.0,8.0,0.0,220.41286861111115,92.8139993,27.318181818181817,28.25
2026-03-28 10:00:00,536.0027777777777,172.35134111111103,49.4275,46.67666666666652,63.35000000000001,57.37861111111093,51.05750000000001,92.27972222222228,54.81111111111108,1.0551576063888888,6.45,4.2936507936507935,0.0108559523809523,94.8646242063492,0.1398531746031746,0.125079365079365,0.0397142857142857,0.4684920634920634,0.0577301587301587,295.0,11.541735507716249,30.844,105.0,87.50730320321618,0.3972451692387498,1.7288386720269744,0.9509612890675658,1.2905549805555554,0.3299999999999999,0.847,30.24,0.13,45.12,22.49,1.44,0.2,17.80557994444443,3.729295286111114,24.95102786111109,157.6419444444446,152.03333333333336,167.46944444444443,158.61930555555557,157.3324999999999,41.646350250000026,1.0,386.6677777777762,495.5955555555568,648.6988888888917,62.843055555555416,1491.9642857142858,2.652219105555555,1218.265302777779,111493.05416666673,0.0,0.0,0.0,0.0,0.0,0.0,0.0,0.0,0.0,0.0,0.0,0.0,36.07222222222218,31.18944444444444,34.52944444444442,40.7627777777778,60.0,12.25,7.826,86.735,0.415,6.0,1.015,4.227948602777781,5.148025067805043,62.311,0.0586769591243921,58.46104861099967,0.0228193416892683,4.382679302209882,0.0440611128051226,0.0645802506780504,0.017493620709024,0.0700255171639036,6.00899215226846,0.4271309078653849,3.250637929097591,5840.652713888899,8.65,16.252393945401444,69.41999999999999,1.12,20.81,1442.4682055555563,94.29804166666676,2291.9504972222207,114.257,2.65,1.928176795580111,10.47,4.887777777777775,79.95444444444445,54.75,8.74,35.82,72.86,0.048,2.17,0.22,0.023,0.052,5.43,0.15,1.082030135014766,20.1715873015873,35.61257936507937,0.389563492063492,0.3971825396825397,7.938015873015873,0.2875793650793651,0.1755952380952381,0.3517539682539682,32.91555555555556,1.4915476190476191,1.3232039986689248,0.0,1.139831705000001,0.2353973638888888,1.361735052777779,1.4397682635416666,,22.0,8.0,0.0,227.6337872222222,96.58655269722222,27.318181818181817,28.25
2026-03-28 11:00:00,540.4638888888888,164.26551583333324,51.03861111111114,47.51777777777775,75.55111111111121,57.72777777777802,55.27555555555546,79.93944444444445,55.150277777777625,1.0650610297222227,7.054166666666666,4.217460317460318,0.0109273809523809,95.10431468253968,0.1200912698412698,0.126031746031746,0.0482857142857142,0.3303968253968253,0.0424920634920634,295.0,11.538381692002645,30.26,105.0,87.51048050231329,0.3961272306675479,1.7341341705221416,0.9511378056840714,1.3193078755555556,0.1970259391771019,2.236,18.05474060822898,0.0776162790697674,26.93881932021467,13.427616279069769,0.8597495527728086,0.1194096601073345,18.11877933333333,3.7688319916666666,24.607783694444453,165.4552777777778,158.71111111111122,175.20166666666674,167.7522916666667,171.6411111111111,42.40804158333331,1.0,386.6883333333326,495.3861111111071,648.395277777772,63.677500000000045,1485.5357142857142,2.6894518111111108,1217.5479222222234,110630.7427777777,0.0,0.0,0.0,0.0,0.0,0.0,0.0,0.0,0.0,0.0,0.0,0.0,37.25361111111111,31.78305555555549,31.82027777777784,55.52472222222228,60.0,12.25,7.343,86.735,0.415,6.0,1.015,4.289251883333331,3.0612893973081685,58.919,0.0343317096352619,62.738856735518254,0.022123763132436,2.77589283592729,0.0346708022878867,0.0437128939730816,0.0213193027716016,0.0547227889135932,3.8874775539299713,0.1850695700877475,2.868069722839831,5874.279111111098,8.65,16.929429926867652,69.41999999999999,1.12,20.81,1362.8698638888875,94.6511672250403,2272.9558222222217,112.495,2.65,1.928176795580111,10.47,4.887777777777775,79.95444444444445,54.75,8.74,35.82,72.86,0.048,2.17,0.22,0.023,0.052,5.43,0.15,1.0716612329669597,20.19063492063492,35.34353174603174,0.4443253968253968,0.4233730158730159,7.914206349206349,0.318531746031746,0.1827380952380952,0.3608015873015873,32.98222222222222,1.5701190476190474,1.3116228658097513,0.0,1.0426769963888884,0.2542468366666666,1.3700021444444452,1.6106455470138892,,22.0,8.0,0.0,224.44348583333323,95.51518084791664,27.318181818181817,28.25
2026-03-28 12:00:00,543.7222222222222,171.18465972222228,51.96000000000003,48.21138888888888,74.79916666666672,57.97611111111129,55.86333333333311,81.21222222222227,56.50750000000023,1.095248905833333,6.8,4.141269841269841,0.0109988095238095,95.34400515873016,0.100329365079365,0.1269841269841269,0.0568571428571428,0.1923015873015872,0.0272539682539682,295.0,11.543496922472498,30.544,105.0,87.50563449449974,0.3978323074908329,1.7260574908328967,0.9508685830277632,1.345202505555555,0.1724081632653061,2.695,15.798857142857145,0.0679183673469387,23.57289795918367,11.749877551020408,0.752326530612245,0.1044897959183673,17.759476666666643,3.709305922222226,24.36957494444446,159.5116666666666,161.48416666666662,174.8483333333334,169.39083333333332,181.71916666666672,42.15523547222218,0.0,386.6172222222237,495.14222222222446,648.1216666666678,64.53166666666684,1479.107142857143,2.7435015777777774,1233.5856444444462,108796.76750000002,0.0,0.0,0.0,0.0,0.0,0.0,0.0,0.0,0.0,0.0,0.0,0.0,37.93999999999999,31.465555555555376,30.01027777777776,55.54333333333336,60.0,12.25,7.586,86.735,0.415,6.0,1.015,4.400528208333334,2.69,62.48,0.03,63.5,0.022,2.49,0.033,0.04,0.022,0.052,3.51,0.142,2.8,5921.569377777768,8.65,17.00685357408331,69.41999999999999,1.12,20.81,1350.2190472222212,99.3479999999998,2276.5844555555573,112.522,2.65,1.928176795580111,10.47,4.887777777777775,79.95444444444445,54.75,8.74,35.82,72.86,0.048,2.17,0.22,0.023,0.052,5.43,0.15,1.0612923309191529,20.20968253968254,35.074484126984125,0.4990873015873016,0.4495634920634921,7.8903968253968255,0.349484126984127,0.1898809523809523,0.3698492063492063,33.04888888888889,1.6486904761904762,1.3000417329505778,0.0,1.1063778324999998,0.2499535805555555,1.398374380555556,1.5537424637499997,,22.0,8.0,0.0,218.5584775,96.43196741319446,27.318181818181817,28.25
2026-03-28 13:00:00,544.8611111111111,185.9430197222221,52.6275000000001,48.62888888888923,73.03027777777768,58.57055555555552,56.13555555555549,100.65722222222226,57.05666666666699,1.0930699216666662,6.5,4.174104046242775,0.0106589595375722,95.3050289017341,0.1,0.122907514450867,0.0573410404624277,0.2036416184971098,0.0263179190751445,292.2916666666667,11.540170222598782,25.966,105.0,87.50878610490642,0.3967234075329277,1.731310174844027,0.9510436724948008,1.3323663194444448,0.2097784615384615,1.625,19.223335384615385,0.0826399999999999,28.68243692307692,14.296719999999995,0.9153969230769228,0.1271384615384615,17.615885500000005,3.937323175,24.241150694444418,174.2766666666666,170.00416666666663,174.3138888888889,173.95263888888886,177.21583333333336,42.08783408333333,1.0,386.418333333331,494.8916666666639,647.7591666666699,65.11777777777797,1475.9306358381502,2.7307500083333327,1232.6333694444463,108555.10527777788,0.0,0.0,0.0,0.0,0.0,0.0,0.0,0.0,0.0,0.0,0.0,0.0,38.18805555555542,31.63222222222233,31.17861111111112,54.068055555555496,60.0,12.25,7.267,86.735,0.415,6.0,1.015,4.401877591666667,4.325277905374368,52.248000000000005,0.0490782422293676,60.14768029398255,0.0225450926351247,3.749163987138264,0.0403587505741846,0.0563527790537436,0.0190019905068136,0.0639920379727453,5.172532537130607,0.3316922370234266,3.0998009493186336,5913.225827777773,8.65,17.65807886792082,69.41999999999999,1.12,20.81,1359.2612166666663,94.965,2253.0797777777784,94.758,2.65,1.928176795580111,10.47,4.887777777777775,79.95444444444445,54.75,8.74,35.82,72.86,0.048,2.17,0.22,0.023,0.052,5.43,0.15,1.0552428958481623,19.841676300578037,35.19618497109826,0.5409248554913295,0.4295375722543352,7.90364161849711,0.35,0.1865895953757225,0.3597687861271676,33.35693641618497,1.5647398843930636,1.2922155972423812,0.0,1.065598511666666,0.2392963972222221,1.3983617333333336,1.4561654963888897,,22.0,8.0,0.0,218.69783777777775,97.7103667798611,27.318181818181817,28.25
2026-03-28 14:00:00,541.7222222222222,184.5756083333336,53.0394444444444,48.84833333333314,75.4844444444445,59.811666666666405,60.37805555555537,109.7461111111111,57.08861111111118,1.1094673194444435,6.5,4.20878612716763,0.0103121387283237,95.26132947976878,0.1,0.1187456647398843,0.0576878612716763,0.217514450867052,0.0256242774566474,290.0,11.537136112390604,26.052,105.0,87.51166052510364,0.3957120374635345,1.7361008751727316,0.9512033625057577,1.3888793833333328,0.33,0.721,30.24,0.13,45.120000000000005,22.49,1.4399999999999995,0.2,18.35546919444446,3.789874291666667,23.696204722222213,170.7630555555555,168.3966666666667,182.82333333333344,175.6547916666667,180.63611111111112,43.65120211111108,1.0,386.1802777777783,494.589166666668,647.4197222222175,65.30055555555545,1472.8092485549132,2.787205749999998,1234.5829250000008,111008.02888888888,0.0,0.0,0.0,0.0,0.0,0.0,0.0,0.0,0.0,0.0,0.0,0.0,38.0775,31.020555555555624,31.402777777777736,55.05361111111119,60.0,12.25,6.841,86.735,0.415,6.0,1.015,4.317744925000003,5.138451500167306,53.794,0.0585652675019519,58.48067442465703,0.0228161505000557,4.375307655128826,0.0440180317507528,0.064484515001673,0.0175111722496932,0.0699553110012269,5.999259025170093,0.4260203740194074,3.248882775030673,5923.163050000004,8.65,17.52822264537503,69.41999999999999,1.12,20.81,1334.5126638888892,94.965,2261.530374999998,98.823,2.65,1.928176795580111,10.47,4.887777777777775,79.95444444444445,54.75,8.74,35.82,72.86,0.048,2.17,0.22,0.023,0.052,5.43,0.15,1.0492666720818633,19.4671098265896,35.32450867052023,0.5825433526011561,0.4087283236994219,7.917514450867052,0.35,0.1831213872832369,0.349364161849711,33.669075144508675,1.4780346820809247,1.2844531055536927,0.0,0.8440465994444452,0.2794120191666665,1.3982489638888893,1.3011089210416669,,22.0,8.0,0.0,220.0991072222221,96.9562681041667,27.318181818181817,28.25
2026-03-28 15:00:00,538.5055555555556,171.1185452777776,53.37944444444416,49.16833333333369,73.04138888888895,60.30694444444429,61.70500000000007,98.14999999999992,57.3366666666664,1.1242636905555554,6.851388888888889,4.2451428571428576,0.01,95.19474285714286,0.1017142857142857,0.115,0.0556857142857142,0.2505714285714285,0.0271428571428571,290.0,11.539767211490837,30.285,105.0,87.50916790490342,0.3965890704969457,1.7319465081723624,0.9510648836057456,1.394480302777778,0.33,0.846,30.24,0.13,45.12,22.49,1.44,0.2,18.16606455555556,3.638784400000001,23.78414372222222,152.0869444444445,157.36666666666673,173.15777777777788,164.2881944444445,174.5413888888889,43.30536936111109,1.0,385.9472222222199,494.25388888889177,647.0944444444447,65.4830555555555,1471.0285714285717,2.7923940222222243,1206.331919444444,111390.68111111104,0.0,0.0,0.0,0.0,0.0,0.0,0.0,0.0,0.0,0.0,0.0,0.0,37.93972222222231,30.599444444444494,31.690833333333277,54.3611111111111,60.0,12.25,8.515,86.735,0.415,6.0,1.015,4.323153469444445,5.500913335278669,61.686,0.0627939889115844,57.737627662678726,0.0229369711117595,4.654403268164576,0.045649110008754,0.0681091333527867,0.0168466588853224,0.0726133644587102,6.367761890866646,0.4680659468923256,3.3153341114677564,5953.301761111115,8.65,17.12528733358207,69.41999999999999,1.12,20.81,1333.8968416666655,95.03449378931936,2252.656761111112,115.342,2.65,1.928176795580111,10.47,4.887777777777775,79.95444444444445,54.75,8.74,35.82,72.86,0.048,2.17,0.22,0.023,0.052,5.43,0.15,1.0415621085364897,19.03742857142857,35.471714285714285,0.6028571428571429,0.3891428571428572,7.93,0.3422857142857142,0.18,0.3408571428571428,34.05885714285714,1.3777142857142857,1.2744189610721963,0.0,0.8816526966666662,0.2702166555555554,1.3980777833333349,1.2331425208333338,,22.0,8.0,0.0,216.5082600000001,95.17320724930552,27.318181818181817,28.25
2026-03-28 16:00:00,538.5277777777778,176.7146344444443,54.14333333333331,49.23833333333371,70.95861111111118,67.13944444444445,66.78749999999988,107.54861111111109,57.93444444444455,1.1194500036111117,6.65,4.296571428571428,0.01,94.92217142857145,0.1188571428571428,0.115,0.0325428571428571,0.4562857142857143,0.0485714285714285,290.0,11.66351447746884,26.075000000000003,105.0,87.39193365292425,0.4208609779482262,1.682074784276126,0.944551869606903,1.384328105555555,0.33,0.923,30.24,0.13,45.12,22.49,1.44,0.2,17.804808500000018,3.642369180555555,23.77223208333333,197.19083333333344,195.22833333333332,206.48222222222225,200.50145833333335,203.10444444444445,42.822771416666654,1.0,385.7736111111117,494.0305555555548,646.8552777777742,65.44194444444456,1481.3142857142857,2.7826484555555555,1215.1553694444465,111363.50972222222,0.0,0.0,0.0,0.0,0.0,0.0,0.0,0.0,0.0,0.0,0.0,0.0,37.82500000000015,29.749722222222125,32.291388888888875,51.72166666666679,60.0,12.25,7.224,86.735,0.415,6.0,1.015,4.306892755555554,4.968409995225211,50.264,0.0565814499442941,58.82925950978832,0.0227594699984084,4.244375696323413,0.0432528449785134,0.0627840999522521,0.0178229150087537,0.0687083399649848,5.826383495145631,0.4062955594461245,3.217708499124622,5929.065177777774,8.72,17.168975381401644,69.48,1.07,20.73,1342.3763166666663,97.15649999999997,2258.539549999999,99.057,2.54,1.992565055762082,10.72,4.887777777777775,79.95444444444445,54.63,8.71,35.82,72.86,0.051,2.32,0.23,0.028,0.053,5.38,0.16,1.018302486979442,18.111714285714285,35.78885714285715,0.4314285714285714,0.3805714285714285,7.93,0.2651428571428571,0.18,0.3494285714285714,35.14742857142857,1.1548571428571428,1.2439399414554282,0.0,0.6310522752222232,0.2648780966666663,1.3983152805555572,1.276128487222221,,22.0,8.0,0.0,218.3686644444444,95.91468906388889,27.318181818181817,28.25
2026-03-28 17:00:00,535.0,184.50176583333328,55.342499999999966,49.33222222222192,68.4561111111111,86.99722222222216,71.60555555555558,125.27472222222222,58.05805555555568,1.1804727022222228,6.15,4.352705882352941,0.01,94.79101176470589,0.1331764705882352,0.1186235294117647,0.0306705882352941,0.506235294117647,0.0575764705882353,290.0,11.656067742182124,26.158,105.0,87.39898845477484,0.4179214771771543,1.6977521217218443,0.944943803043046,1.418851602777778,0.3299999999999999,0.975,30.24,0.13,45.12,22.49,1.44,0.2,17.282311166666673,3.68423673888889,24.40779349999999,202.4075000000001,211.4208333333335,230.82361111111095,218.07229166666664,227.63722222222208,41.45214655555555,1.0,385.629166666668,493.7547222222252,646.6052777777795,65.6177777777779,1487.929411764706,2.817390738888888,1222.216344444445,112854.82055555558,0.0,0.0,0.0,0.0,0.0,0.0,0.0,0.0,0.0,0.0,0.0,0.0,37.77638888888896,30.598055555555447,31.77777777777783,52.29277777777797,60.0,12.25,6.293,86.735,0.415,6.0,1.015,4.23095046388889,5.207875359887556,44.111,0.0593752125320214,58.33835551223051,0.0228392917866291,4.428764027113418,0.044330439119494,0.0651787535988755,0.0173838951735394,0.070464419305842,6.069839949219015,0.4340735417469564,3.2616104826460512,5902.219336111115,8.72,16.577760412773735,69.48,1.07,20.73,1328.4068555555552,89.85149999999993,2279.4242388888897,101.661,2.54,1.992565055762082,10.72,4.887777777777775,79.95444444444445,54.63,8.71,35.82,72.86,0.051,2.32,0.23,0.028,0.053,5.38,0.16,1.0373050001452042,18.712117647058825,35.826470588235296,0.3837647058823529,0.3668235294117647,7.979411764705882,0.2435294117647058,0.1734117647058823,0.3532941176470588,34.564470588235295,1.1828235294117646,1.26838978767841,0.0,0.9922260780555536,0.2383788869444443,1.398523844444444,1.3691123741666675,,22.0,8.0,0.0,219.702525,96.94648397291668,27.318181818181817,28.25
2026-03-28 18:00:00,535.0,171.6460299999997,55.76222222222204,48.81027777777774,67.35861111111109,92.98472222222222,75.05194444444422,122.1691666666667,57.05583333333331,1.149521685555555,6.351388888888889,4.409176470588236,0.01,94.66995294117646,0.1472941176470588,0.1225058823529411,0.0303176470588235,0.5450588235294117,0.0656941176470588,290.0,11.6574042748492,30.504,105.0,87.39772226593233,0.4184490558615263,1.6949383687385262,0.9448734592184632,1.409546525,0.33,1.144,30.24,0.13,45.12,22.49,1.44,0.2,17.748529194444437,3.5436760583333315,24.044608416666676,169.60861111111106,170.34777777777768,173.49305555555551,175.0138194444444,186.60583333333335,42.46716952777779,1.0,385.11861111111375,493.7438888888869,646.5925000000004,65.47499999999968,1494.2823529411764,2.8076090138888894,1199.3061388888884,113043.6913888888,0.0,0.0,0.0,0.0,0.0,0.0,0.0,0.0,0.0,0.0,0.0,0.0,37.30583333333336,28.979166666666625,31.462777777777774,52.10055555555549,60.0,12.25,7.868,86.735,0.415,6.0,1.015,4.213577905555562,4.941764108638632,59.095,0.0562705812674507,58.8838835772908,0.0227505880362128,4.223858363651748,0.0431329384888738,0.0625176410863863,0.0178717658008291,0.0685129367966833,5.799293510449276,0.4032046366020814,3.212823419917083,5882.7488361111145,8.72,15.92768594823039,69.48,1.07,20.73,1339.0007750000018,92.79379166666666,2283.262477777775,118.436,2.54,1.992565055762082,10.72,4.887777777777775,79.95444444444445,54.63,8.71,35.82,72.86,0.051,2.32,0.23,0.028,0.053,5.38,0.16,1.0593262372197385,19.421529411764705,35.84411764705882,0.3449411764705882,0.3527058823529412,8.032352941176471,0.2258823529411764,0.1663529411764706,0.3568235294117647,33.862117647058824,1.228705882352941,1.2967631243185171,0.0,0.8253954641666665,0.2600248433333332,1.398165177777778,1.5329401452083338,,22.0,8.0,0.0,218.14020583333345,95.24309897499997,27.318181818181817,28.25
2026-03-28 19:00:00,535.0,169.6042013927575,56.33286908077972,49.40919220055701,71.89526462395547,76.65348189415052,73.81364902506968,104.54512534818949,56.8231197771588,1.134771786072423,6.5,4.443636363636363,0.0101090909090909,94.60114545454545,0.1572727272727273,0.1256181818181818,0.031090909090909,0.5603636363636363,0.0707636363636363,290.0,11.6578940588057,26.392,105.0,87.39725826007881,0.4186423916338284,1.693907244619582,0.9448476811154896,1.4089691615598894,0.33,0.925,30.24,0.13,45.12,22.49,1.44,0.2,17.464504038997227,3.659793130919221,24.112794122562683,177.5440111420613,179.125069637883,185.30389972144863,185.0112116991644,198.07186629526456,42.00395314763232,1.0,385.30640668523614,493.79860724233913,646.8153203342583,65.75487465181068,1499.4,2.807410050139278,1197.9371866295269,112925.23593314752,0.0,0.0,0.0,0.0,0.0,0.0,0.0,0.0,0.0,0.0,0.0,0.0,38.12311977715877,28.693314763231324,29.537325905292388,50.07325905292477,60.0,12.25,6.867,86.735,0.415,6.0,1.015,4.181657506963788,4.88273934951901,52.392,0.0555819590777217,59.00488433348603,0.0227309131165063,4.178409299129638,0.0428673270728355,0.0619273934951901,0.0179799778592151,0.0680800885631394,5.739285005344327,0.3963577645442052,3.2020022140784854,5823.929537604459,8.72,16.106462985263214,69.48,1.07,20.73,1338.8342757660173,94.965,2263.9879888579385,101.572,2.54,1.992565055762082,10.72,4.887777777777775,79.95444444444445,54.63,8.71,35.82,72.86,0.051,2.32,0.23,0.028,0.053,5.38,0.16,1.0796834218775753,20.01636363636364,35.866,0.3132727272727272,0.3421818181818182,8.091454545454546,0.2149090909090909,0.1610909090909091,0.3627272727272727,33.21909090909091,1.2852727272727271,1.3232642991639203,0.0,0.8250082208913648,0.2741973529247914,1.3982218746518105,1.6219559688718654,,22.0,8.0,0.0,217.4503348189415,94.97255668454036,27.318181818181817,28.25
2026-03-28 20:00:00,535.0,168.03854805555545,56.02666666666657,49.62083333333365,73.85027777777782,72.32916666666654,66.88194444444437,106.60805555555558,56.56083333333353,1.126524631666666,6.5,4.28,0.0112,95.0026,0.13,0.1217999999999999,0.042,0.364,0.0484,290.0,11.656361121175191,30.361,105.0,87.39871051678139,0.4180372846744178,1.697134481736438,0.944928362043411,1.3964555611111111,0.33,1.053,30.24,0.13,45.12,22.49,1.44,0.2,17.40111447222222,3.973371588888887,24.18062813888887,167.79722222222216,179.26305555555555,189.42388888888885,182.5964583333333,193.90166666666667,41.8480618888889,1.0,385.3855555555535,493.6822222222229,646.9136111111081,65.93000000000013,1493.4,2.7947731055555525,1194.8133999999982,112804.19861111116,0.0,0.0,0.0,0.0,0.0,0.0,0.0,0.0,0.0,0.0,0.0,0.0,38.433611111111055,30.253333333333394,25.688888888888798,49.74861111111107,60.0,12.25,7.865,86.735,0.415,6.0,1.015,4.207849255555557,4.946801020584077,58.006,0.0563293452401475,58.87355790780265,0.0227522670068613,4.22773678584974,0.0431556045926283,0.0625680102058407,0.0178625314622625,0.0685498741509499,5.804414370927146,0.403788918387753,3.213746853773748,5817.351155555555,8.72,15.957780716095854,69.48,1.07,20.73,1349.330355555555,94.965,2223.3481111111114,118.419,2.54,1.992565055762082,10.72,4.887777777777775,79.95444444444445,54.63,8.71,35.82,72.86,0.051,2.32,0.23,0.028,0.053,5.38,0.16,1.0850641347851364,19.58,35.926,0.346,0.364,8.206,0.264,0.172,0.3899999999999999,33.11,1.4380000000000002,1.3329160178569914,0.0,0.7872661336666672,0.269930915,1.3983032222222227,1.6099949162499976,,22.0,8.0,0.0,217.16096250000007,94.7651076173611,27.318181818181817,28.25
2026-03-28 21:00:00,536.5972222222222,176.4396433333329,55.23777777777758,49.50222222222207,65.63805555555557,70.91444444444431,63.536111111111154,100.69722222222228,55.89916666666654,1.0842463077777773,6.5,4.165333333333334,0.0118933333333333,95.27897333333333,0.1153333333333333,0.1187333333333333,0.0490666666666666,0.228,0.0326666666666666,290.0,11.656796343187873,30.409,105.0,87.39829820119044,0.4182090828373179,1.696218224867638,0.944905455621691,1.375013552777777,0.33,1.064,30.239999999999995,0.13,45.12,22.49,1.44,0.2,17.483651861111092,3.665461019444445,24.282214694444438,179.91777777777753,179.8824999999999,191.2474999999999,185.66270833333323,191.60305555555564,41.8626200277778,1.0,385.3327777777787,493.5138888888876,646.881111111107,65.80305555555547,1487.4,2.773168155555556,1199.8110833333326,113061.00388888895,0.0,0.0,0.0,0.0,0.0,0.0,0.0,0.0,0.0,0.0,0.0,0.0,38.33027777777794,31.28333333333329,29.73250000000001,45.86611111111115,60.0,12.25,7.793,86.735,0.415,6.0,1.015,4.151261716666668,4.6299334560385095,56.504,0.0526325569871159,59.52313641512106,0.0226466444853461,3.983748761149653,0.0417297005521733,0.0593993345603851,0.018443455330596,0.0662261786776157,5.482265680305819,0.3670322809004672,3.1556544669403936,5803.447869444441,8.72,16.755590729149983,69.48,1.07,20.73,1371.9558305555568,94.965,2255.9528638888883,118.246,2.54,1.992565055762082,10.72,4.887777777777775,79.95444444444445,54.63,8.71,35.82,72.86,0.051,2.32,0.23,0.028,0.053,5.38,0.16,1.0907857829780414,19.293333333333337,35.971333333333334,0.3873333333333333,0.3826666666666666,8.286,0.3026666666666666,0.18,0.4084,32.978,1.5486666666666666,1.3420470398271327,0.0,0.8156563558333331,0.2907672755555553,1.3984074777777784,1.5080912737500016,,22.0,8.0,0.0,220.20275666666697,95.8782527416666,27.318181818181817,28.25
2026-03-28 22:00:00,545.0,163.38772833333343,54.706944444444815,49.24500000000037,64.38777777777774,69.56361111111093,61.21777777777772,90.01472222222228,55.2541666666666,1.151060051388889,7.197222222222222,4.185333333333333,0.0114933333333333,95.21137333333331,0.1353333333333333,0.1177333333333333,0.0455666666666666,0.258,0.0351666666666666,290.0,11.657697489283528,31.027,105.0,87.39744448383667,0.4185647984013924,1.6943210751925744,0.9448580268798143,1.4226366749999997,0.33,1.059,30.24,0.13,45.12,22.49,1.44,0.2,17.909216138888862,3.584747983333336,23.592954138888867,148.0811111111111,141.23611111111114,149.76000000000002,147.70027777777776,151.72388888888875,43.1514408333333,1.0,385.2113888888893,493.3761111111081,646.9219444444424,65.60611111111129,1481.4,2.820983597222225,1209.8356638888904,110983.7775000001,0.0,0.0,0.0,0.0,0.0,0.0,0.0,0.0,0.0,0.0,0.0,0.0,38.47277777777788,31.0869444444445,37.9469444444444,43.12749999999999,60.0,12.25,7.97,86.735,0.415,6.0,1.015,4.195992366666665,4.953872773189542,58.604,0.0564118490205446,58.85906081496143,0.0227546242577298,4.233182035355949,0.0431874274793529,0.0626387277318954,0.0178495665824858,0.0686017336700566,5.811603986076035,0.404609241689987,3.215043341751416,5757.206791666659,8.72,17.180451100198496,69.48,1.07,20.73,1303.1393861111112,95.95542463549118,2247.2709833333324,118.372,2.54,1.992565055762082,10.72,4.887777777777775,79.95444444444445,54.63,8.71,35.82,72.86,0.051,2.32,0.23,0.028,0.053,5.38,0.16,1.097445003205642,19.418333333333337,35.97633333333333,0.4523333333333333,0.3926666666666666,8.270999999999999,0.3126666666666666,0.18,0.4024,32.783,1.5436666666666667,1.3497461458092166,0.0,0.9511935912222212,0.2715766102777777,1.398336433333333,1.4584047915972236,,22.0,8.0,0.0,214.7955555555555,94.14887400416669,27.318181818181817,28.25
2026-03-28 23:00:00,538.0277777777778,172.50753722222208,54.424722222222215,49.2172222222224,67.6194444444444,70.44527777777779,63.10916666666677,102.6416666666666,54.8963888888888,1.114949782777778,6.454166666666667,4.208888888888889,0.0114133333333333,95.14523111111112,0.15,0.1175333333333333,0.0408666666666666,0.2871111111111111,0.0389555555555555,290.0,11.657478757801336,26.598,105.0,87.39765170313557,0.4184784570268441,1.694781562523498,0.9448695390630876,1.3659028222222225,0.33,0.867,30.24,0.13,45.12,22.49,1.44,0.2,18.26690333333335,3.413644558333331,24.215663722222192,160.33305555555563,158.13111111111104,173.14777777777778,166.22854166666667,173.30222222222224,42.9984388333333,1.0,385.0938888888909,493.1716666666677,646.9555555555536,65.39,1478.6,2.76409779444445,1215.8558194444436,110189.10194444448,0.0,0.0,0.0,0.0,0.0,0.0,0.0,0.0,0.0,0.0,0.0,0.0,38.320555555555686,32.048333333333325,30.417499999999997,44.44916666666665,60.0,12.25,6.959,86.735,0.415,6.0,1.015,4.243122030555551,4.909131352920872,49.249,0.0558898657840768,58.95078072651221,0.0227397104509736,4.1987311417490725,0.0429860910881439,0.0621913135292087,0.017931592519645,0.0682736299214197,5.766116875469553,0.3994192369388211,3.206840748035493,5785.412650000003,8.72,16.26666291269592,69.48,1.07,20.73,1348.139077777777,94.29537500000008,2280.73332777778,101.167,2.54,1.992565055762082,10.72,4.887777777777775,79.95444444444445,54.63,8.71,35.82,72.86,0.051,2.32,0.23,0.028,0.053,5.38,0.16,1.1060500044421022,19.449555555555555,36.047555555555554,0.4715555555555555,0.3964444444444445,8.364888888888888,0.3093333333333333,0.1782222222222222,0.4015555555555555,32.592,1.516888888888889,1.3627292982891848,0.0,1.048247052222222,0.2509530583333334,1.3983297833333326,1.4494734190277807,,22.0,8.0,0.0,217.4111491666668,95.35724868194444,27.318181818181817,28.25
2026-03-29 00:00:00,538.6805555555555,170.4349641666664,53.85833333333312,49.0936111111112,70.30777777777773,67.87805555555538,60.90111111111111,76.53277777777771,54.65583333333352,1.1235161755555547,6.697222222222222,4.242222222222222,0.0122133333333333,95.08309777777778,0.15,0.1195333333333333,0.0328666666666666,0.3137777777777777,0.0462888888888888,290.0,11.692891954022988,26.1,105.0,87.36961992337164,0.4101900383141763,1.6241685823754788,0.937488122605364,1.3757532083333333,0.31,0.794,30.98,0.152,45.18,21.9,1.23,0.1,18.437717083333336,3.496953749999996,23.8905525,163.3183333333333,152.63000000000014,170.30222222222218,165.96645833333332,177.61527777777766,43.558079861111146,1.0,384.9655555555534,493.100277777781,647.0663888888928,65.20499999999974,1484.6,2.773979952777775,1204.2571944444423,110807.02472222228,0.0,0.0,0.0,0.0,0.0,0.0,0.0,0.0,0.0,0.0,0.0,0.0,38.19194444444464,32.94805555555563,37.056111111111065,44.9825,60.0,12.06,6.88,86.925,0.415,6.35,1.015,4.201287983333332,5.406955987717503,48.85,0.0677952917093142,58.1986022517912,0.017541207778915,4.628535926305015,0.0569711361310133,0.0546771750255885,0.0212293961105424,0.0840178505629478,5.79720286591607,0.5029654452405322,3.646771750255885,5755.600755555549,9.14,16.676450518420047,69.11999999999999,1.18,20.56,1343.657613888889,97.84641666666668,2260.067566666669,101.42,2.61,1.898523985239852,10.29,5.243333333333332,79.11000000000001,54.92,8.45,35.82,72.86,0.052,2.14,0.22,0.027,0.053,5.42,0.16,1.1200059034529268,19.22288888888889,36.300888888888885,0.3648888888888889,0.3831111111111111,8.758222222222223,0.2693333333333333,0.1715555555555555,0.4148888888888888,32.412,1.430222222222222,1.3902435786383345,0.0,0.9305507627777784,0.2522370319444441,1.3982634749999987,1.3920301982638894,,22.0,8.0,0.0,216.76430749999997,95.0826327520833,27.318181818181817,28.25
2026-03-29 01:00:00,535.0,170.47748583333342,53.313888888888656,48.68388888888907,59.77805555555558,66.76305555555551,60.78194444444444,64.60638888888893,54.26472222222232,1.1240563255555558,6.651388888888889,4.2408,0.0122773333333333,95.05400266666668,0.1530666666666666,0.1206133333333333,0.0303866666666666,0.3384,0.0504533333333333,290.0,11.696105993403844,26.379,105.0,87.36650327912355,0.4117483604382274,1.6173509230827552,0.9373907274726108,1.358202825277778,0.31,0.791,30.98,0.152,45.18,21.9,1.23,0.1,17.65094558333333,3.676560894444449,24.58967525,166.50444444444443,166.22083333333325,181.52361111111117,170.87868055555558,169.26583333333343,41.79072294444448,1.0,384.86305555555526,493.06166666666775,647.2433333333315,64.88805555555523,1482.6266666666668,2.756626897222224,1189.391155555555,111946.4083333334,0.0,0.0,0.0,0.0,0.0,0.0,0.0,0.0,0.0,0.0,0.0,0.0,37.95249999999979,32.03722222222225,41.19249999999998,39.79805555555563,60.0,12.06,6.707,86.925,0.415,6.35,1.015,4.162704136111115,5.948181354288923,39.194,0.0821641067510333,56.9303148441088,0.0179243761800275,5.06822166658162,0.0636765831504822,0.0632984640506199,0.0210378119099862,0.0865084451701791,6.480200540899117,0.584005562075828,3.7329846405062,5749.455497222223,9.14,16.56645512468295,69.11999999999999,1.18,20.56,1376.085350000001,97.17679166666662,2233.338816666667,101.473,2.61,1.898523985239852,10.29,5.243333333333332,79.11000000000001,54.92,8.45,35.82,72.86,0.052,2.14,0.22,0.027,0.053,5.42,0.16,1.1171244290889046,19.360133333333334,36.25266666666666,0.3154666666666667,0.3738666666666667,8.705866666666667,0.2630666666666666,0.17,0.4094133333333333,32.4528,1.4284,1.3854163221513505,0.0,1.1111714166666655,0.2341465152777776,1.3984424777777775,1.3186474023611108,,22.0,8.0,0.0,217.203598888889,95.08826687291668,27.318181818181817,28.25
2026-03-29 02:00:00,535.0,170.88112055555544,52.962777777777646,48.21222222222238,64.19027777777777,64.88583333333325,63.64749999999992,60.4783333333333,53.76833333333317,1.110220435555556,6.848611111111111,4.2288,0.0121173333333333,95.03496266666669,0.1570666666666666,0.1214133333333333,0.0295866666666666,0.3624,0.0536533333333333,290.0,11.697429977041653,30.49,105.0,87.36521941620204,0.4123902918989833,1.6145424729419484,0.9373506067563137,1.3355616333333342,0.31,0.92,30.980000000000004,0.152,45.18,21.9,1.23,0.1,18.06433238888889,4.016372516666668,24.385609638888905,153.9483333333333,145.56305555555556,163.6330555555555,155.4603472222222,158.6969444444444,42.55642336111111,1.0,384.7419444444437,492.9627777777762,647.3599999999977,64.65555555555531,1478.2266666666667,2.73382836111111,1208.1013888888892,112367.3866666667,0.0,0.0,0.0,0.0,0.0,0.0,0.0,0.0,0.0,0.0,0.0,0.0,38.099999999999845,32.14805555555552,43.1080555555556,39.26194444444432,60.0,12.06,7.496,86.925,0.415,6.35,1.015,4.169954205555553,5.346730948151907,59.115,0.0661963968535904,58.339731371056416,0.0174985705827624,4.579609743719868,0.0562249851983422,0.0537178381121542,0.0212507147086187,0.0837407087879556,5.721202063773999,0.4939476782542501,3.6371783811215423,5748.443408333334,9.14,17.09805876078127,69.11999999999999,1.18,20.56,1404.944127777777,96.761258543911,2205.5688444444413,118.021,2.61,1.898523985239852,10.29,5.243333333333332,79.11000000000001,54.92,8.45,35.82,72.86,0.052,2.14,0.22,0.027,0.053,5.42,0.16,1.1091185367412335,19.60813333333333,36.11266666666666,0.2834666666666667,0.3658666666666667,8.517866666666666,0.2670666666666667,0.17,0.3982133333333333,32.5608,1.4524,1.3707459892359786,0.0,1.101432342277778,0.2253411955555556,1.3983050666666668,1.2951972683333313,,22.0,8.0,0.0,222.4109205555554,95.1417484736111,27.318181818181817,28.25
2026-03-29 03:00:00,535.0,173.32122277777796,52.57277777777771,47.86583333333316,68.103611111111,63.7916666666667,64.37888888888891,58.81444444444477,53.383611111110966,1.1130777738888888,6.651388888888889,4.253391304347826,0.012,94.97202608695652,0.16,0.122695652173913,0.029,0.3939130434782609,0.0569739130434782,290.0,11.69693623689967,30.629,105.0,87.36569819452153,0.4121509027392341,1.615589800515851,0.937365568578798,1.353395327777778,0.31,1.2,30.980000000000004,0.152,45.18,21.9,1.23,0.1,17.733892972222222,3.874614205555552,24.31344083333334,173.80305555555546,172.52083333333331,189.1644444444445,182.72319444444443,195.40444444444452,42.17444561111105,1.0,384.6136111111135,492.8486111111088,647.4733333333327,64.46361111111122,1477.7826086956522,2.7518204694444472,1185.5891861111102,112505.65777777768,0.0,0.0,0.0,0.0,0.0,0.0,0.0,0.0,0.0,0.0,0.0,0.0,38.59194444444457,33.44861111111129,44.26027777777761,38.86972222222227,60.0,12.06,7.416,86.925,0.415,6.35,1.015,4.146104055555557,5.363356257457245,60.344,0.0666377767466525,58.300772239162136,0.017510340713244,4.593115968447568,0.0564309624817711,0.0539826660479915,0.0212448296433779,0.0838172146360864,5.742182321357551,0.4964370608511202,3.639826660479915,5745.330211111109,9.14,16.915344917977446,69.11999999999999,1.18,20.56,1387.6346111111127,97.59534722222266,2214.0526583333303,117.417,2.61,1.898523985239852,10.29,5.243333333333332,79.11000000000001,54.92,8.45,35.82,72.86,0.052,2.14,0.22,0.027,0.053,5.42,0.16,1.1051330391738707,19.75660869565217,36.06843478260869,0.2572173913043478,0.3558260869565217,8.38,0.2658260869565217,0.1686086956521739,0.39,32.63721739130435,1.4602608695652173,1.3618951361567204,0.0,0.9501977491666672,0.2403175649999999,1.398452108333333,1.3046294606944433,,22.0,8.0,0.0,218.7098461111112,95.46506201805558,27.318181818181817,28.25
2026-03-29 04:00:00,531.4305555555555,169.91132305555567,52.16555555555567,47.728333333333154,67.39722222222215,63.11000000000003,61.09305555555567,59.07694444444429,52.976111111111,1.141275985277778,6.5,4.378608695652174,0.012,94.78837391304349,0.16,0.1253043478260869,0.029,0.4460869565217391,0.0606260869565217,290.0,11.695722656249998,26.112,105.0,87.366875,0.4115625,1.6181640625,0.93740234375,1.4096479527777777,0.31,1.206,30.98,0.152,45.18,21.9,1.23,0.1,18.498842638888902,3.5323591472222238,23.969039805555536,184.01944444444456,189.30388888888896,204.7336111111111,193.84527777777785,197.32416666666677,43.55965447222219,1.0,384.5016666666651,492.74888888888745,647.642222222222,64.27666666666627,1488.2173913043478,2.807645238888892,1189.7217000000007,111864.03138888886,0.0,0.0,0.0,0.0,0.0,0.0,0.0,0.0,0.0,0.0,0.0,0.0,38.692777777777984,33.66527777777788,41.85194444444444,41.90666666666665,60.0,12.06,6.141,86.925,0.415,6.35,1.015,4.135729427777779,5.453314458286147,52.98,0.0690260475651189,58.08996753491883,0.0175740279350698,4.666197055492638,0.0575454888637221,0.0554156285390713,0.021212986032465,0.0842311815779539,5.855704794261985,0.5099069082672706,3.654156285390713,5701.385791666666,9.14,16.2239826819598,69.11999999999999,1.18,20.56,1327.3980999999992,95.4850000000004,2234.4272194444443,100.395,2.61,1.898523985239852,10.29,5.243333333333332,79.11000000000001,54.92,8.45,35.82,72.86,0.052,2.14,0.22,0.027,0.053,5.42,0.16,1.1122036272523566,19.631391304347822,36.2875652173913,0.2467826086956521,0.3401739130434782,8.38,0.2501739130434782,0.1633913043478261,0.39,32.62678260869565,1.4237391304347826,1.3690478526267758,0.0,0.8797284897222218,0.2683720163888889,1.3982260444444432,1.2751673754166664,,22.0,8.0,0.0,214.4176441666665,95.01325030486112,27.318181818181817,28.25
2026-03-29 05:00:00,533.6527777777778,173.51983833333355,51.79694444444437,47.834999999999816,72.75916666666673,60.2672222222222,60.39083333333304,60.76416666666656,52.486666666666565,1.139842093888888,6.5,4.463818181818182,0.012,94.71825454545454,0.1549090909090909,0.1229272727272727,0.0339636363636363,0.4367272727272727,0.0574,290.0,11.69613136176066,26.172,105.0,87.36647867950481,0.4117606602475928,1.6172971114167811,0.9373899587345256,1.4018067388888895,0.31,1.223,30.980000000000004,0.152,45.18,21.9,1.23,0.1,18.21334899999999,3.9029304861111087,24.45748991666667,169.0372222222222,186.53333333333336,195.8066666666668,183.17111111111117,181.30722222222224,42.6840942777778,1.0,384.4041666666643,492.6869444444459,647.8741666666648,64.03944444444468,1490.8,2.800724894444443,1186.2362694444437,112367.6677777777,0.0,0.0,0.0,0.0,0.0,0.0,0.0,0.0,0.0,0.0,0.0,0.0,38.51166666666661,36.162222222222304,33.09861111111115,55.741388888888906,60.0,12.06,6.282,86.925,0.415,6.35,1.015,4.094439044444446,5.440251301313707,52.447,0.0686792380879745,58.120579251434776,0.0175647796823459,4.65558468549202,0.0573836444410547,0.0552075428527847,0.021217610158827,0.0841710679352489,5.839219783781722,0.5079509028161763,3.652075428527847,5641.531966666672,9.14,16.568541763258366,69.11999999999999,1.18,20.56,1338.0968916666673,95.4850000000004,2194.676202777776,100.762,2.61,1.898523985239852,10.29,5.243333333333332,79.11000000000001,54.92,8.45,35.82,72.86,0.052,2.14,0.22,0.027,0.053,5.42,0.16,1.113575632629603,19.58818181818182,36.304,0.2730909090909091,0.3465454545454545,8.369818181818182,0.2552727272727272,0.1650909090909091,0.3912727272727272,32.60090909090909,1.4407272727272726,1.3703107096049545,0.0,0.8863450080555554,0.2619646741666668,1.3986968833333313,1.2868007680555549,,22.0,8.0,0.0,215.5577877777777,95.49137857916668,27.318181818181817,28.25
2026-03-29 06:00:00,535.0,172.3304182572612,51.38796680497911,47.85643153526968,74.64730290456437,58.4091286307054,59.81991701244816,62.29377593361002,52.06846473029051,1.1238101049792537,6.5,4.474727272727272,0.012,94.85898181818182,0.1403636363636363,0.1112909090909091,0.0481454545454545,0.3130909090909091,0.0414,290.0,11.695491722506896,30.444,105.0,87.36709893575087,0.4114505321245565,1.6186539219550649,0.9374093417422152,1.3743746614107883,0.31,1.472,30.98,0.152,45.18,21.9,1.23,0.1,18.30599522821577,3.828917431535268,24.812233609958508,175.29999999999995,180.2269709543569,189.1668049792532,182.67448132780083,186.0041493775933,42.45930838174274,1.0,384.3672199170131,492.5979253112032,648.0311203319503,63.88755186721976,1478.8,2.772915153526972,1213.899302904564,112847.57510373447,0.0,0.0,0.0,0.0,0.0,0.0,0.0,0.0,0.0,0.0,0.0,0.0,38.21327800829879,36.99834024896267,32.97344398340252,54.289211618257234,60.0,12.06,7.434,86.925,0.415,6.35,1.015,4.086916136929459,5.348809680744985,59.169,0.0662515844445571,58.33486014636043,0.0175000422518548,4.581298484003448,0.0562507394074599,0.0537509506667342,0.0212499788740725,0.0837502746370565,5.723825313931281,0.4942589362673021,3.637509506667343,5668.873211618256,9.14,16.454969987294646,69.11999999999999,1.18,20.56,1370.9463568464714,95.48500000000016,2232.0886639004143,117.275,2.61,1.898523985239852,10.29,5.243333333333332,79.11000000000001,54.92,8.45,35.82,72.86,0.052,2.14,0.22,0.027,0.053,5.42,0.16,1.1043645558474038,19.69727272727273,35.944,0.3676363636363636,0.3938181818181818,8.340727272727273,0.2989090909090909,0.1796363636363636,0.3949090909090909,32.54636363636364,1.557090909090909,1.360635256098219,0.0,0.9804201751037344,0.2505645775933608,1.3985610041493777,1.264215657365145,,22.0,8.0,0.0,221.9459821576764,95.3337804190871,27.318181818181817,28.25
2026-03-29 07:00:00,533.4583333333334,171.16620625000022,51.19374999999988,47.9262499999999,65.50083333333333,56.892083333333446,56.4470833333334,60.003333333333295,51.474999999999774,1.1102815395833336,6.5,4.485636363636364,0.012,94.99970909090908,0.1258181818181818,0.0996545454545454,0.0623272727272727,0.1894545454545455,0.0254,290.0,11.695665085854456,30.575000000000003,105.0,87.3669308258381,0.4115345870809485,1.6182861815208502,0.9374040883074406,1.3717959375000002,0.31,1.213,30.98,0.152,45.18,21.9,1.23,0.1,18.092484166666654,3.7453944458333313,24.971282249999984,169.73083333333324,166.94125000000014,187.67750000000007,174.0547916666667,171.86958333333328,42.01513554166663,1.0,384.2099999999993,492.6970833333316,648.3787499999988,63.5075,1466.8,2.7701882541666643,1214.1194375000005,111460.93791666672,0.0,0.0,0.0,0.0,0.0,0.0,0.0,0.0,0.0,0.0,0.0,0.0,37.82541666666661,36.12999999999997,27.7583333333333,49.39541666666661,60.0,12.06,7.683,86.925,0.415,6.35,1.015,4.098707416666665,5.685002560365541,50.774,0.0751770591247488,57.54703824792217,0.0177380549099933,4.854418009217317,0.0604159609248828,0.0591062354748493,0.0211309725450033,0.0852973569149564,6.148082877063064,0.5445986134635837,3.6910623547484938,5654.775375000004,9.14,16.353123064133932,69.11999999999999,1.18,20.56,1357.4933833333344,95.53943749999958,2268.6833750000005,118.256,2.61,1.898523985239852,10.29,5.243333333333332,79.11000000000001,54.92,8.45,35.82,72.86,0.052,2.14,0.22,0.027,0.053,5.42,0.16,1.0951534790652049,19.80636363636364,35.584,0.4621818181818182,0.4410909090909091,8.311636363636364,0.3425454545454545,0.1941818181818181,0.3985454545454546,32.49181818181818,1.6734545454545455,1.3509598025914835,0.0,0.9638021220833326,0.2615143804166667,1.3984846624999987,1.2336797582291656,,22.0,8.0,0.0,219.27732041666656,95.17952232812505,27.318181818181817,28.25
2026-03-29 08:00:00,540.0,171.36983833333352,51.67138888888906,48.00305555555549,71.15388888888889,56.24416666666672,58.17861111111108,58.76777777777794,51.2488888888891,1.1205478955555552,7.197222222222222,4.4108,0.011904,95.126656,0.1176,0.0986,0.06464,0.1496,0.0202,290.0,11.687729688101657,25.97,105.0,87.36001116673084,0.4335437042741625,1.8419715055833652,0.9522591451675012,1.372077813888888,0.31,1.514,30.98,0.152,45.18,21.9,1.23,0.1,17.98533927777777,3.919359224999996,24.85732524999998,141.8069444444445,144.88388888888898,166.73944444444456,152.51666666666674,156.63638888888892,41.97829072222218,1.0,384.1180555555581,492.7108333333324,648.5777777777822,63.5874999999999,1464.16,2.770395238888891,1224.0308055555556,111399.23361111108,0.0,0.0,0.0,0.0,0.0,0.0,0.0,0.0,0.0,0.0,0.0,0.0,37.9430555555555,36.32388888888886,29.993333333333364,56.52861111111118,60.0,12.06,6.991,86.925,0.415,6.35,1.015,4.142086355555555,5.578626969999567,46.066,0.0723529284070681,57.796314852602784,0.0176627447575218,4.767999609256284,0.0590980332566317,0.0574117570442408,0.021168627621239,0.0848078409238918,6.013842530282639,0.5286705162158643,3.6741175704424087,5713.019891666667,9.3,18.13078608746807,68.81,1.13,20.76,1354.7240083333345,96.3940365186759,2232.774638888889,102.833,2.58,1.986940298507463,10.65,5.243333333333332,79.11000000000001,54.59,8.8,35.82,72.86,0.051,2.34,0.21,0.028,0.052,5.36,0.16,1.0969366241679146,19.694000000000003,35.6416,0.4688,0.4384,8.326400000000001,0.3504,0.1928,0.40456,32.4916,1.696,1.3531984315137997,0.0,1.1197795988888883,0.2515299216666664,1.398296597222221,1.2153278273611106,,22.0,8.0,0.0,221.27429138888888,95.2065035791667,27.318181818181817,28.25
2026-03-29 09:00:00,537.1166666666667,173.92087250000006,52.97305555555551,48.22138888888884,65.74777777777791,55.79611111111085,59.73833333333333,57.622500000000045,51.480833333333216,1.1074812616666665,6.802777777777778,4.2788,0.011744,95.244416,0.1135999999999999,0.1046,0.05904,0.1656,0.0222,290.0,11.68730124141574,30.288,105.0,87.36040180929741,0.4333798864236661,1.843231642894876,0.9522969492868464,1.3706039405555546,0.31,1.758,30.98,0.152,45.18,21.9,1.23,0.1,18.122251472222217,3.975485450000002,24.97576744444444,194.12749999999983,187.67611111111108,198.84666666666652,198.9630555555556,215.20194444444468,42.0501494166667,1.0,384.0897222222241,492.8474999999973,648.8408333333324,63.73583333333298,1467.76,2.769008755555553,1215.5154027777771,109984.28833333324,0.0,0.0,0.0,0.0,0.0,0.0,0.0,0.0,0.0,0.0,0.0,0.0,38.31194444444428,33.03888888888893,31.713333333333274,47.72,60.0,12.06,8.15,86.925,0.415,6.35,1.015,4.264265655555561,5.432135509838999,58.136,0.0684637745974955,58.13959749552773,0.0175590339892665,4.648991502683364,0.0572830948121645,0.0550782647584973,0.0212204830053667,0.0841337209302325,5.82897808586762,0.5067356887298747,3.650782647584973,5810.3835000000045,9.3,17.392232184060394,68.81,1.13,20.76,1340.565980555555,93.37428848262924,2244.571958333335,118.378,2.58,1.986940298507463,10.65,5.243333333333332,79.11000000000001,54.59,8.8,35.82,72.86,0.051,2.34,0.21,0.028,0.052,5.36,0.16,1.10604925052723,19.434,35.9776,0.4168,0.4024,8.3704,0.3344,0.1808,0.4121599999999999,32.5276,1.656,1.3633797820554825,0.0,0.8314380822222223,0.2631227083333333,1.398566027777779,1.183484103819443,,22.0,8.0,0.0,216.6868447222222,95.54451560625,27.318181818181817,28.25
2026-03-29 10:00:00,538.2777777777778,184.5801708333333,55.44416666666667,48.59250000000028,67.94083333333333,56.013611111111366,58.949166666666414,57.3663888888887,51.8399999999997,1.128266392777777,6.151388888888889,4.1672,0.0115719999999999,95.328028,0.1116,0.1104,0.0528,0.1924,0.026,290.0,11.687553703845271,26.162,105.0,87.36017162296461,0.4334764161761334,1.842489106337436,0.952274673190123,1.3404498944444423,0.31,1.488,30.98,0.152,45.18,21.9,1.23,0.1,17.36265447222225,3.967271119444445,24.729311777777767,172.6522222222222,176.2474999999999,190.96444444444447,181.39819444444444,185.72861111111123,41.25125163888888,1.0,384.03416666666703,492.9169444444421,649.1150000000054,64.11583333333344,1471.64,2.7390728611111097,1220.3006416666665,109098.63472222224,0.0,0.0,0.0,0.0,0.0,0.0,0.0,0.0,0.0,0.0,0.0,0.0,38.55805555555568,31.655277777777894,31.926666666666765,49.71083333333332,60.0,12.06,6.855,86.925,0.415,6.35,1.015,4.335316363888887,5.3235826020602826,52.42,0.0655818389927508,58.39397634490652,0.01748218237314,4.560804273178176,0.0559381915299504,0.0533491033956505,0.0212589088134299,0.0836341854254101,5.69199008012209,0.4904815719191147,3.633491033956505,5854.371427777777,9.3,16.69073885600877,68.81,1.13,20.76,1358.9893166666664,90.42541666666716,2270.754638888889,101.182,2.58,1.986940298507463,10.65,5.243333333333332,79.11000000000001,54.59,8.8,35.82,72.86,0.051,2.34,0.21,0.028,0.052,5.36,0.16,1.115327648504119,19.2124,36.3032,0.364,0.3676,8.4156,0.3152,0.1696,0.41724,32.549600000000005,1.6056,1.3738765717589243,0.0,1.2136261061111109,0.2121835,1.3985944138888895,1.1480175613888888,,22.0,8.0,0.0,217.63375694444437,96.95687263541669,27.318181818181817,28.25
2026-03-29 11:00:00,538.6666666666666,183.29884361111104,57.0774999999999,48.97777777777787,68.06166666666655,56.748055555555545,59.35027777777759,59.14888888888874,52.426944444444445,1.12744254,6.348611111111111,4.2392,0.011292,95.104308,0.1276,0.1144,0.0408,0.3164,0.046,290.0,11.68826498663612,26.19,105.0,87.35952310042,0.4337483772432226,1.8403970981290567,0.9522119129438718,1.3507847888888898,0.31,1.365,30.98,0.152,45.18,21.9,1.23,0.1,17.896749555555523,3.989510975,24.28197344444448,153.49527777777786,155.1113888888889,176.08111111111106,162.68979166666674,166.07138888888903,42.433063777777775,1.0,384.06555555555815,493.0963888888925,649.383888888889,64.7175000000004,1478.04,2.748794305555557,1231.4687888888895,108993.14583333336,0.0,0.0,0.0,0.0,0.0,0.0,0.0,0.0,0.0,0.0,0.0,0.0,38.56972222222228,32.0972222222223,32.51361111111114,47.85416666666668,60.0,12.06,6.864,86.925,0.415,6.35,1.015,4.371690594444441,5.36558203663581,50.77,0.0666968682292692,58.29555643096317,0.0175119164861138,4.59492416781564,0.0564585385069923,0.0540181209375615,0.021244041756943,0.08382745715974,5.744991136497933,0.4967703368130786,3.640181209375616,5895.095911111107,9.3,17.10628820548871,68.81,1.13,20.76,1346.2903944444447,93.32458333333292,2271.187347222222,100.769,2.58,1.986940298507463,10.65,5.243333333333332,79.11000000000001,54.59,8.8,35.82,72.86,0.051,2.34,0.21,0.028,0.052,5.36,0.16,1.1260979910391675,19.3364,36.5352,0.304,0.3436,8.4716,0.2672,0.1656,0.39964,32.4456,1.4616,1.3872123139181962,0.0,1.0978033839444448,0.2233422577777779,1.3980597222222215,1.1130719306250003,,22.0,8.0,0.0,218.6633586111109,96.78709677847222,27.318181818181817,28.25
2026-03-29 12:00:00,530.3305555555555,168.8659055555557,56.84388888888897,49.04583333333332,72.32944444444443,57.14611111111151,58.284722222222406,62.23000000000025,52.84944444444421,1.1247370650000004,6.5,4.3112,0.011012,94.880588,0.1436,0.1183999999999999,0.0288,0.4404,0.066,290.0,11.686089490941608,30.193,105.0,87.36150664061206,0.4329165700659093,1.8467956148776208,0.9524038684463286,1.3686166641666662,0.31,1.195,30.98,0.152,45.18,21.9,1.23,0.1,17.608193694444466,3.8169206666666655,24.33191069444445,166.44694444444465,169.0708333333332,185.66277777777776,179.04618055555562,195.00416666666683,41.98373724999996,1.0,384.0700000000007,493.1897222222236,649.6344444444474,65.17333333333376,1484.44,2.766890877777775,1209.3504750000004,108936.95472222212,0.0,0.0,0.0,0.0,0.0,0.0,0.0,0.0,0.0,0.0,0.0,0.0,38.31416666666671,32.780833333333234,30.079166666666712,53.32777777777776,60.0,12.06,7.836,86.925,0.415,6.35,1.015,4.361248425000002,5.318942782943789,59.685,0.0654586579542598,58.40484912457067,0.0174788975454469,4.557034933400352,0.0558807070453212,0.0532751947725559,0.0212605512272765,0.083612834045405,5.686134874759152,0.4897868308620255,3.632751947725559,5880.633080555561,9.3,16.13513727583329,68.81,1.13,20.76,1331.7900500000012,95.54999999999966,2277.8163222222206,116.713,2.58,1.986940298507463,10.65,5.243333333333332,79.11000000000001,54.59,8.8,35.82,72.86,0.051,2.34,0.21,0.028,0.052,5.36,0.16,1.136868333574216,19.4604,36.7672,0.244,0.3196,8.527600000000001,0.2192,0.1616,0.38204,32.3416,1.3176,1.400548056077468,0.0,0.9759549366666656,0.2438795969444446,1.3984027249999995,1.0717414015972224,,22.0,8.0,0.0,214.04368583333343,94.87473248611111,27.318181818181817,28.25
2026-03-29 13:00:00,529.7722222222222,161.7623472222224,56.17249999999986,49.00222222222219,76.66388888888898,57.27583333333323,57.483611111110775,64.36194444444452,53.04777777777774,1.121960926111111,6.848611111111111,4.281846153846153,0.0106507692307692,94.92150307692307,0.1333846153846153,0.1194461538461538,0.0370153846153846,0.4373846153846153,0.0587692307692307,290.0,11.688250783699058,30.305,105.0,87.35953605015673,0.433742946708464,1.8404388714733544,0.9522131661442006,1.3666235555555557,0.31,1.213,30.98,0.152,45.18,21.9,1.23,0.1,17.583502722222228,3.697876469444444,24.146436611111085,153.99472222222224,149.03722222222223,154.86416666666665,155.45749999999998,163.9338888888888,42.13836347222221,1.0,383.8841666666658,493.0872222222246,649.6441666666701,65.4755555555552,1482.569230769231,2.765001997222224,1199.4579972222225,110737.1375,0.0,0.0,0.0,0.0,0.0,0.0,0.0,0.0,0.0,0.0,0.0,0.0,38.03500000000005,32.358888888888934,28.20611111111116,55.22777777777776,60.0,12.06,7.505,86.925,0.415,6.35,1.015,4.330401263888889,5.375111292295149,61.325,0.0669498573175703,58.27322592743579,0.0175186628618018,4.602665633917653,0.0565766000815328,0.0541699143905421,0.021240668569099,0.0838713086017121,5.7570165511618425,0.4981971952710965,3.641699143905422,5928.481155555552,9.3,16.285356905619345,68.81,1.13,20.76,1352.582761111111,95.8244785129101,2273.258436111112,118.355,2.58,1.986940298507463,10.65,5.243333333333332,79.11000000000001,54.59,8.8,35.82,72.86,0.051,2.34,0.21,0.028,0.052,5.36,0.16,1.1380186867572957,19.40753846153846,36.72984615384616,0.2836923076923077,0.3376923076923077,8.55,0.236,0.171076923076923,0.3880153846153846,32.275076923076924,1.3596923076923078,1.4029293901306612,0.0,1.050475073888889,0.2446626466666666,1.3983062694444452,1.0409475565972237,,22.0,8.0,0.0,216.5032597222223,93.93351100694449,27.318181818181817,28.25
2026-03-29 14:00:00,530.4444444444445,171.44838583333325,56.03888888888921,49.221388888889,73.21611111111112,58.62055555555551,57.79138888888876,63.62944444444439,53.15277777777794,1.0649803238888893,6.651388888888889,4.184923076923077,0.0102353846153846,95.13884153846152,0.1056923076923077,0.1185230769230769,0.0587076923076923,0.3496923076923077,0.0333846153846153,290.0,11.689164789001335,26.185,105.0,87.35870269238113,0.4340924193240404,1.837750620584304,0.952132518617529,1.3315499105555548,0.31,1.036,30.98,0.152,45.18,21.9,1.23,0.1,18.052011194444447,3.6476498222222222,24.24696219444443,161.30250000000004,170.6819444444444,180.4497222222224,173.9531944444445,183.3786111111112,42.68070994444444,1.0,383.6627777777792,493.0663888888906,649.7013888888922,65.49277777777763,1475.1846153846154,2.729881927777782,1218.1766805555535,111859.36805555556,0.0,0.0,0.0,0.0,0.0,0.0,0.0,0.0,0.0,0.0,0.0,0.0,38.00166666666658,31.60583333333341,32.46555555555552,52.51027777777773,60.0,12.06,6.308,86.925,0.415,6.35,1.015,4.273538138888887,5.419393045973624,50.877,0.0681254790966448,58.16945771173616,0.0175500127759105,4.638639660357333,0.0571252235784342,0.0548752874579869,0.0212249936120447,0.0840750830434184,5.812897773060519,0.504827702105077,3.648752874579869,5910.67396944443,9.3,16.704094789135027,68.81,1.13,20.76,1403.0619500000016,97.42929166666636,2273.469622222221,101.21,2.58,1.986940298507463,10.65,5.243333333333332,79.11000000000001,54.59,8.8,35.82,72.86,0.051,2.34,0.21,0.028,0.052,5.36,0.16,1.1327557137057291,19.23676923076923,36.51292307692308,0.3898461538461538,0.3838461538461538,8.55,0.296,0.1895384615384615,0.4097076923076923,32.23353846153846,1.525846153846154,1.398007785446469,0.0,0.9522400530555551,0.2665696122222222,1.3985159944444434,0.9973009794444448,,22.0,8.0,0.0,222.64388138888887,95.21691112291666,27.318181818181817,28.25
2026-03-29 15:00:00,538.875,172.13129861111125,55.97305555555526,49.4124999999999,72.75722222222211,66.33666666666662,57.66694444444451,60.85083333333329,53.226111111111166,1.051653254722221,6.848611111111111,4.135571428571429,0.0102414285714285,95.25210142857142,0.1011428571428571,0.1181857142857142,0.0661714285714285,0.2944285714285714,0.0221571428571428,290.0,11.68994601079784,35.007,105.0,87.35799040191962,0.4343911217756449,1.8354529094181165,0.9520635872825436,1.2936472499999994,0.31,1.282,30.98,0.152,45.18,21.9,1.23,0.1,17.676432833333333,3.806745075,24.36103886111111,125.25249999999988,132.2741666666666,142.54833333333332,137.86506944444437,151.38527777777776,42.055550916666654,1.0,383.6319444444453,493.08916666667,649.8283333333318,65.68472222222255,1468.9571428571428,2.691992902777778,1216.194802777777,110754.68027777778,0.0,0.0,0.0,0.0,0.0,0.0,0.0,0.0,0.0,0.0,0.0,0.0,37.95722222222217,31.05416666666668,31.7166666666667,52.33833333333334,60.0,12.06,8.867,86.925,0.415,6.35,1.015,4.292392944444444,5.405384113694621,65.931,0.0677535605405651,58.20228572295279,0.0175400949477484,4.627258952541293,0.056951661585597,0.054652136324339,0.0212299525261258,0.0840106171603646,5.7952192443615305,0.5027300814487874,3.6465213632433904,5878.883633333326,9.3,17.223149337117782,68.81,1.13,20.76,1429.8754138888892,97.58896722662747,2250.66202777778,134.724,2.58,1.986940298507463,10.65,5.243333333333332,79.11000000000001,54.59,8.8,35.82,72.86,0.051,2.34,0.21,0.028,0.052,5.36,0.16,1.1224526403752022,19.227285714285717,36.26557142857143,0.4574285714285714,0.4155714285714285,8.488714285714286,0.3281428571428572,0.1981428571428571,0.4186571428571428,32.31214285714286,1.6125714285714288,1.385199769652247,0.0,1.1486425035,0.2419939949999998,1.398384025000001,1.3734123838194454,,22.0,8.0,0.0,222.16793972222223,95.30739706597224,27.318181818181817,28.25
2026-03-29 16:00:00,535.4722222222222,162.9487791666664,56.16222222222252,49.33305555555527,72.04972222222224,70.32583333333322,57.81555555555537,59.51777777777759,53.391388888888905,1.0613167819444438,7.0,4.148428571428571,0.0107985714285714,95.22925857142856,0.1268571428571428,0.1186142857142857,0.0550285714285714,0.2815714285714286,0.0294428571428571,290.0,11.64583528762588,21.747,105.0,87.43151883018348,0.4491047040971169,2.203117671402952,0.9226458821906468,1.3108375499999996,0.26,0.776,30.23,0.13,44.98,23.13,1.04,0.2,17.677662027777785,3.6497396111111176,24.12403538888888,177.00055555555568,169.7547222222222,168.65888888888892,176.3107638888889,189.8288888888889,42.28860763888892,1.0,383.6844444444441,493.2324999999983,650.0327777777796,65.61749999999996,1464.2428571428572,2.7090888,1180.3089972222233,110254.80527777782,0.0,0.0,0.0,0.0,0.0,0.0,0.0,0.0,0.0,0.0,0.0,0.0,37.80416666666687,30.518611111111152,31.44888888888899,52.40111111111109,60.0,12.23,5.853,86.74000000000001,0.43,7.1,1.03,4.313539994444442,5.906122880326515,41.162,0.2230948447597298,57.819351586414655,0.025,4.449816821340072,0.1146256255769885,0.0892179680287644,0.0250033283125212,0.0842212963412856,5.64507458335358,0.524708784801516,3.061231232690345,5876.580588888888,9.67,16.664771645374973,68.66,1.03,20.64,1402.8760861111114,94.9774161386094,2241.2821083333342,81.653,2.63,1.96316758747698,10.66,5.243333333333332,79.11000000000001,54.64,9.09,35.82,72.86,0.048,2.28,0.22,0.021,0.055,5.43,0.17,1.1055586666798802,19.428714285714285,35.97842857142857,0.4745714285714286,0.4284285714285714,8.347285714285714,0.3238571428571428,0.1938571428571428,0.4109428571428571,32.54785714285714,1.5954285714285714,1.3620787547141386,0.0,0.933318883611111,0.2495207444444442,1.3983255500000014,1.5046332610416675,,22.0,8.0,0.0,215.63376416666668,94.0907132395833,27.318181818181817,28.25
2026-03-29 17:00:00,539.6388888888889,183.9332691666668,56.88361111111126,49.22305555555582,76.43138888888883,68.26638888888878,58.07194444444436,58.76277777777789,53.50277777777764,1.077480283333333,6.302777777777778,4.159571428571429,0.01133,95.21308428571427,0.1482857142857142,0.1193857142857142,0.0451285714285714,0.2674285714285714,0.0357857142857142,290.0,11.644114906832296,30.912,105.0,87.43328222049689,0.448631599378882,2.209569099378882,0.9226028726708076,1.3086187877777784,0.26,1.067,30.23,0.13,44.98,23.13,1.04,0.2,17.494044166666665,3.780663238888883,24.63389802777781,174.75166666666655,172.0713888888889,173.2205555555556,175.93944444444443,183.71416666666667,41.52630975,1.0,383.8013888888894,493.34833333333154,650.1747222222264,65.6852777777781,1460.4714285714283,2.70665338611111,1220.4862472222237,110648.46416666664,0.0,0.0,0.0,0.0,0.0,0.0,0.0,0.0,0.0,0.0,0.0,0.0,37.26416666666652,30.91138888888885,31.7891666666667,54.5608333333334,60.0,12.23,8.144,86.74000000000001,0.43,7.1,1.03,4.305246080555557,5.8918452832792765,57.964,0.2232578842039887,57.84844248154027,0.025,4.441152439445173,0.1147187909737078,0.0891015112828652,0.025033607066455,0.0841351183493202,5.628258229245739,0.5227592988751639,3.0584362707887656,5886.492572222221,9.67,16.93723451908119,68.66,1.03,20.64,1411.4486000000002,92.08358333333337,2265.671927777779,117.398,2.63,1.96316758747698,10.66,5.243333333333332,79.11000000000001,54.64,9.09,35.82,72.86,0.048,2.28,0.22,0.021,0.055,5.43,0.17,1.0911298814397554,19.591571428571427,35.739714285714285,0.4818571428571429,0.4374285714285714,8.235428571428573,0.3187142857142857,0.1895714285714285,0.4042571428571428,32.75485714285714,1.58,1.3425578564759235,0.0,1.1086733319444462,0.2311384883333331,1.3981796694444446,1.4730900265972229,,22.0,8.0,0.0,221.42769638888865,96.87115816458336,27.318181818181817,28.25
2026-03-29 18:00:00,539.275,185.4370083333328,57.59444444444456,49.13750000000016,70.05499999999999,64.64888888888875,58.006388888888885,58.6669444444448,53.77083333333325,1.1039198230555565,6.348611111111111,4.155285714285714,0.01163,95.25692714285714,0.1311428571428571,0.1232428571428571,0.0464142857142857,0.2417142857142857,0.0336428571428571,290.0,11.641161036405377,30.49,105.0,87.4363099376845,0.4478192850114791,2.220646113479829,0.9225290259101344,1.3514669583333343,0.26,1.093,30.23,0.13,44.98,23.13,1.04,0.2,17.46132336111113,3.768036294444441,24.237220444444443,181.31388888888887,175.76583333333332,190.99138888888905,190.1419444444445,212.49666666666664,41.87576536111116,1.0,383.8905555555533,493.470555555556,650.2463888888849,65.68249999999999,1465.1857142857143,2.749714588888893,1193.83451111111,111105.9149999999,0.0,0.0,0.0,0.0,0.0,0.0,0.0,0.0,0.0,0.0,0.0,0.0,37.41777777777757,29.61944444444448,33.85694444444446,52.01722222222218,60.0,12.23,8.081,86.74000000000001,0.43,7.1,1.03,4.27134746388889,5.65893252889191,58.84,0.2259175730795377,58.323006968048944,0.025,4.299808973487423,0.1162386131883072,0.0872017335146159,0.0255275492861998,0.0827292828008157,5.353930319510537,0.4909570190346703,3.0128416043507817,5867.466805555558,9.67,17.2091158353862,68.66,1.03,20.64,1372.5728388888874,92.80302777777727,2236.084791666666,117.794,2.63,1.96316758747698,10.66,5.243333333333332,79.11000000000001,54.64,9.09,35.82,72.86,0.048,2.28,0.22,0.021,0.055,5.43,0.17,1.0988877922964058,19.407285714285717,35.93685714285714,0.4004285714285714,0.4117142857142857,8.389714285714286,0.3058571428571428,0.1852857142857142,0.4068285714285714,32.70342857142857,1.58,1.355438008536748,0.0,0.9564091702777772,0.2475471283333335,1.3982200694444455,1.3892602736111117,,22.0,8.0,0.0,216.55587972222213,97.0704036041666,27.318181818181817,28.25
2026-03-29 19:00:00,532.8333333333334,171.09785055555514,57.26222222222231,48.79222222222222,69.76388888888897,63.382777777777946,58.17472222222205,59.18694444444404,53.75277777777797,1.1074330572222213,6.5,4.151000000000001,0.01193,95.30077,0.114,0.1271,0.0477,0.216,0.0315,290.0,11.64300337113086,26.104000000000003,105.0,87.43442154459086,0.4483259270609868,2.2137373582592708,0.9225750842782716,1.3437376194444428,0.26,0.945,30.23,0.13,44.98,23.13,1.04,0.2,17.83010197222221,3.58516589722222,24.24732386111109,151.17361111111114,158.31777777777793,169.29444444444445,165.18659722222228,181.9605555555556,42.37383252777774,1.0,383.9427777777776,493.5863888888923,650.33833333333,65.45694444444473,1469.9,2.742287897222224,1213.8993111111135,112362.92222222225,0.0,0.0,0.0,0.0,0.0,0.0,0.0,0.0,0.0,0.0,0.0,0.0,37.17194444444449,29.110555555555543,28.244444444444404,48.5911111111112,60.0,12.23,6.722,86.74000000000001,0.43,7.1,1.03,4.195189322222217,5.676140102428803,51.548,0.2257210755024443,58.28794618607899,0.0249999999999999,4.310251416155816,0.1161263288585396,0.0873420889268254,0.0254910568790253,0.0828331458058508,5.374197641033599,0.4933065686350585,3.016210134243812,5824.285450000001,9.67,16.25942873829433,68.66,1.03,20.64,1395.481469444445,95.02999999999956,2279.610544444444,101.092,2.63,1.96316758747698,10.66,5.243333333333332,79.11000000000001,54.64,9.09,35.82,72.86,0.048,2.28,0.22,0.021,0.055,5.43,0.17,1.106645703153056,19.223,36.134,0.319,0.386,8.544,0.293,0.181,0.4094,32.652,1.58,1.3683181605975725,0.0,1.1345317547222216,0.2363046152777776,1.3984979611111106,1.3653759306249975,,22.0,8.0,0.0,222.407568888889,95.17046519861104,27.318181818181817,28.25
2026-03-29 20:00:00,540.0,160.80838444444433,55.798888888888825,48.2872222222222,78.82944444444448,64.22944444444447,56.90694444444443,60.025277777777646,53.658333333333545,1.1024296600000003,7.197222222222222,4.186800000000001,0.012,95.22268,0.1284,0.128,0.0411,0.2422,0.03882,290.0,11.64239789196311,30.36,105.0,87.43504216073782,0.4481594202898551,2.21600790513834,0.9225599472990778,1.347775300833334,0.26,1.105,30.23,0.13,44.98,23.13,1.04,0.2,18.247492638888904,3.5744518194444432,24.0682631388889,137.4402777777778,128.58611111111108,146.39055555555558,142.67298611111113,158.2750000000001,43.122374833333296,1.0,384.0727777777806,493.680555555553,650.4011111111075,65.22305555555535,1472.84,2.746387055555558,1216.674416666666,110774.88555555548,0.0,0.0,0.0,0.0,0.0,0.0,0.0,0.0,0.0,0.0,0.0,0.0,36.73472222222237,29.575277777777824,24.59027777777771,58.34694444444437,60.0,12.23,7.464,86.74000000000001,0.43,7.1,1.03,4.202454922222224,5.747435487630273,60.066,0.2249069357040588,58.14268038490994,0.025,4.353517131155729,0.115661106116605,0.0879236173542436,0.0253398594878966,0.0832634768421403,5.458170345952785,0.503041354510039,3.030166816501848,5754.021041666668,9.67,16.92080317299182,68.66,1.03,20.64,1373.4463055555557,96.99402898472904,2259.116011111113,118.574,2.63,1.96316758747698,10.66,5.243333333333332,79.11000000000001,54.64,9.09,35.82,72.86,0.048,2.28,0.22,0.021,0.055,5.43,0.17,1.1210212291674264,19.2674,36.3916,0.2816,0.3846,8.5294,0.2762,0.1708,0.4191999999999999,32.4652,1.5662,1.383744712081981,0.0,1.1385151744444448,0.2453456616666665,1.398549816666666,1.3425000202083346,,22.0,8.0,0.0,219.55109944444447,93.80711093888888,27.318181818181817,28.25
2026-03-29 21:00:00,548.0888888888888,178.34825055555518,54.21777777777764,47.85833333333317,85.20027777777774,66.95749999999991,55.49083333333322,63.51694444444445,53.80499999999991,1.0564130752777772,6.802777777777778,4.232285714285715,0.0120057142857142,95.11470857142857,0.15,0.1277714285714285,0.0327714285714285,0.2822857142857143,0.0481714285714285,290.0,11.641348926838992,30.098000000000003,105.0,87.43611734999004,0.4478709548807229,2.2199415243537777,0.9225337231709748,1.285640636111112,0.26,1.16,30.230000000000004,0.13,44.98,23.13,1.04,0.2,18.231192166666663,3.786040363888889,23.946590750000016,155.70916666666653,152.52694444444427,169.18166666666664,166.67173611111102,189.26916666666656,43.22545991666666,1.0,384.1058333333357,493.798055555554,650.4013888888849,64.99500000000012,1475.7428571428572,2.683919172222221,1206.3150861111133,108005.77138888877,0.0,0.0,0.0,0.0,0.0,0.0,0.0,0.0,0.0,0.0,0.0,0.0,36.52722222222221,30.05777777777791,27.72000000000005,63.01083333333332,60.0,12.23,7.437,86.74000000000001,0.43,7.1,1.03,4.35404985277778,5.752001929238295,58.054,0.2248547903675888,58.13337616701691,0.025,4.356288283322424,0.1156313087814793,0.0879608640231508,0.0253301753539807,0.0832910393771316,5.463548764942984,0.5036648637475454,3.0310607365556206,5822.001238888881,9.67,17.737912597850777,68.66,1.03,20.64,1403.5733666666674,99.45661111111048,2230.2192722222217,113.811,2.63,1.96316758747698,10.66,5.243333333333332,79.11000000000001,54.64,9.09,35.82,72.86,0.048,2.28,0.22,0.021,0.055,5.43,0.17,1.1361919668053984,19.376857142857144,36.64571428571429,0.26,0.386,8.471714285714286,0.2588571428571428,0.1605714285714286,0.4292571428571428,32.253142857142855,1.544857142857143,1.398855568176977,0.0,1.1267674969444446,0.2292275611111112,1.3984407333333322,1.2816729248611125,,22.0,8.0,0.0,217.32374499999997,96.13114319861106,27.318181818181817,28.25
2026-03-29 22:00:00,550.0,203.87356972222224,53.25611111111111,47.51916666666661,84.80499999999998,64.4458333333333,56.71055555555562,63.93777777777785,53.86333333333311,1.0713846019444448,6.151388888888889,4.255142857142857,0.0120628571428571,95.07179428571428,0.15,0.1254857142857142,0.0304857142857142,0.3051428571428571,0.0498857142857142,290.0,11.638376559871688,25.563,105.0,87.43916402613152,0.4470535539647146,2.2310879004811643,0.9224594139967924,1.3013638772222231,0.26,0.988,30.23,0.13,44.98,23.13,1.04,0.2,17.861617333333342,3.9329266055555543,23.98599102777779,188.07888888888888,180.7222222222221,196.63750000000007,194.78680555555556,213.708611111111,42.68382377777779,1.0,384.24055555555606,493.8680555555527,650.396111111107,64.72972222222208,1483.1714285714286,2.7002474527777807,1221.0489194444458,108826.3869444444,0.0,0.0,0.0,0.0,0.0,0.0,0.0,0.0,0.0,0.0,0.0,0.0,36.20138888888902,29.4911111111111,28.65750000000005,57.23638888888897,60.0,12.23,6.429,86.74000000000001,0.43,7.1,1.03,4.33403603333334,5.464097076093708,49.899,0.2281424477444437,58.71998817611576,0.025,4.181572777009559,0.1175099701396821,0.0856125373253973,0.0259407402953967,0.081553277620794,5.12445038978737,0.4643538748271508,2.974700895809535,5831.879930555551,9.67,18.335024040530563,68.66,1.03,20.64,1396.661416666667,89.93330555555605,2221.987647222222,102.781,2.63,1.96316758747698,10.66,5.243333333333332,79.11000000000001,54.64,9.09,35.82,72.86,0.048,2.28,0.22,0.021,0.055,5.43,0.17,1.1403930979715935,19.44542857142857,36.70285714285714,0.26,0.346,8.488857142857142,0.2474285714285714,0.1662857142857143,0.4218285714285714,32.18457142857143,1.493428571428571,1.4041502456070076,0.0,1.0113161147222218,0.2299792747222221,1.3987619916666685,1.2465164539583338,,22.0,8.0,0.0,219.54456583333325,99.51324798819444,27.318181818181817,28.25
2026-03-29 23:00:00,545.1111111111111,188.6124497222215,53.077500000000015,47.51416666666676,73.96222222222214,62.003333333333295,58.3736111111112,61.09333333333329,53.90944444444448,1.072943090277778,6.35,4.2658,0.012079,95.047701,0.1520999999999999,0.12442,0.02879,0.3179,0.05121,290.0,11.640515603799184,25.795,105.0,87.43697150610583,0.4476417910447761,2.223066485753053,0.9225128900949796,1.3104937861111106,0.26,0.989,30.23,0.13,44.98,23.13,1.04,0.2,17.8671152222222,3.76443543611111,23.811415083333323,158.89583333333337,156.90083333333325,179.4605555555556,168.66243055555557,179.3925,42.87069294444445,1.0,384.3033333333329,493.870277777775,650.3122222222203,64.6291666666668,1487.79,2.7087231111111123,1221.6734166666683,108917.9533333332,0.0,0.0,0.0,0.0,0.0,0.0,0.0,0.0,0.0,0.0,0.0,0.0,36.1130555555557,29.967499999999923,26.61472222222223,51.52749999999996,60.0,12.23,6.708,86.74000000000001,0.43,7.1,1.03,4.295543422222219,5.843673559004905,52.377,0.2238079691467629,57.94659335204384,0.025,4.411919353914886,0.1150331252267216,0.0887085934665979,0.0251357656986845,0.0838443591652824,5.571520896576741,0.5161818546308494,3.0490062431983502,5785.22666666666,9.67,17.50638411428554,68.66,1.03,20.64,1387.492183333333,92.81669444444398,2241.050183333335,101.267,2.63,1.96316758747698,10.66,5.243333333333332,79.11000000000001,54.64,9.09,35.82,72.86,0.048,2.28,0.22,0.021,0.055,5.43,0.17,1.1376183038574144,19.4501,36.6686,0.26,0.3221,8.4979,0.2442,0.17,0.4149,32.234500000000004,1.4747,1.4012549518226582,0.0,1.2201919472222211,0.2375506561111111,1.398268311111112,1.2591448372916667,,22.0,8.0,0.0,218.62517222222223,97.49114958819436,27.318181818181817,28.25
2026-03-30 00:00:00,540.25,169.984771111111,53.090833333333386,47.31888888888859,69.742222222222,60.48694444444421,59.64944444444446,61.02138888888887,53.88055555555541,1.0780951413888888,6.85,4.2538,0.012019,95.058561,0.1581,0.12562,0.02819,0.3119,0.0518099999999999,290.0,11.568332122231997,26.147,105.0,87.50910123532337,0.4333663517803189,1.917669331089609,0.92256664244464,1.3298348972222218,0.26,0.798,30.23,0.13,44.98,23.13,1.04,0.2,17.831669472222217,3.711443875,23.878593222222214,157.025,149.0722222222222,172.5922222222225,166.99895833333338,189.3063888888888,42.75344597222221,1.0,384.38305555555377,493.98611111111103,650.2536111111143,64.50722222222235,1487.19,2.728419097222224,1199.3313472222223,109171.11500000002,0.0,0.0,0.0,0.0,0.0,0.0,0.0,0.0,0.0,0.0,0.0,0.0,36.25249999999973,30.844999999999956,27.16499999999997,51.18666666666668,60.0,12.23,6.23,86.74000000000001,0.43,7.1,1.03,4.255140036111111,5.891880810674135,51.414,0.2232574785077994,57.84837009374878,0.0249999999999999,4.441173999299801,0.1147185591473139,0.0891018010658575,0.025033531722877,0.0841353327887345,5.62830007390983,0.5227641498424553,3.0584432255805813,5747.126400000003,9.5,17.020013237251007,68.34,1.44,20.72,1369.897325,95.8296511365822,2239.694336111113,101.21,2.63,1.918968692449355,10.42,5.177777777777778,79.1111111111111,54.72,9.16,37.47,72.86,0.05,2.21,0.22,0.027,0.054,5.43,0.17,1.1218882199368252,19.3361,36.4646,0.26,0.3281,8.4919,0.2562,0.17,0.4089,32.5045,1.5167,1.3831497114973172,0.0,1.0806207055555543,0.2517397319444445,1.398473252777778,1.25560065875,,22.0,8.0,0.0,215.4673727777778,95.0229821722222,27.318181818181817,28.25
2026-03-30 01:00:00,535.0,172.14552055555552,53.3116666666665,47.28249999999965,68.43750000000001,60.20444444444447,60.55416666666641,60.70555555555542,53.75555555555568,1.089151641944444,6.65,4.207217391304348,0.0118930434782608,95.1555156521739,0.1528695652173913,0.122791304347826,0.0369130434782608,0.2707826086956522,0.0420173913043478,290.0,11.569846913901255,30.767000000000003,105.0,87.50755614782071,0.433760197614327,1.914336789417233,0.9225969382780252,1.3299369905555556,0.26,0.858,30.23,0.13,44.98,23.13,1.04,0.2,18.112148555555557,3.749276622222222,24.370298555555564,164.51333333333324,153.66527777777765,170.4436111111109,167.40993055555538,181.0174999999998,42.63252019444448,1.0,384.400833333331,493.9972222222216,650.1675000000042,64.5538888888886,1482.7217391304348,2.7283628277777803,1229.1295694444432,109864.78416666662,0.0,0.0,0.0,0.0,0.0,0.0,0.0,0.0,0.0,0.0,0.0,0.0,36.43277777777779,31.2208333333333,28.6152777777778,45.17194444444442,60.0,12.23,6.835,86.74000000000001,0.43,7.1,1.03,4.237823833333333,5.88126174675249,60.123000000000005,0.2233787402491558,57.87000665302795,0.0249999999999999,4.434729803902,0.1147878515709462,0.0890151855363172,0.0250560517605575,0.0840712372968747,5.615792791444205,0.5213142058779501,3.056364452871613,5762.177616666667,9.5,16.73650394497269,68.34,1.44,20.72,1379.9345305555553,97.22299999999952,2272.186027777779,117.597,2.63,1.918968692449355,10.42,5.177777777777778,79.1111111111111,54.72,9.16,37.47,72.86,0.05,2.21,0.22,0.027,0.054,5.43,0.17,1.1097504464912582,19.43191304347826,36.14330434782609,0.3455652173913043,0.3513913043478261,8.443652173913044,0.2885217391304348,0.1771304347826087,0.4034347826086956,32.56860869565217,1.579913043478261,1.369006340969232,0.0,1.0929760325000002,0.2407853491666666,1.398388852777776,1.263006869930556,,22.0,8.0,0.0,220.7391369444444,95.30928147361112,27.318181818181817,28.25
2026-03-30 02:00:00,539.7777777777778,179.74685638888818,53.36249999999978,47.28861111111097,68.10055555555557,62.43444444444472,58.95666666666667,59.16611111111118,53.53833333333361,1.091514652222221,6.5,4.144608695652174,0.0117365217391304,95.29236782608696,0.1424347826086956,0.118095652173913,0.0499565217391304,0.2133913043478261,0.0274086956521739,290.0,11.56858528698464,30.925,105.0,87.50884300727567,0.4334321746160064,1.917112368633792,0.9225717057396928,1.344613122222222,0.26,0.853,30.23,0.13,44.98,23.13,1.04,0.2,18.17083894444446,3.71202255,24.01299672222223,169.60333333333335,161.35055555555556,186.1627777777779,177.4738194444445,192.77861111111116,43.07533372222218,1.0,384.4572222222223,494.0625000000017,650.0819444444467,64.41138888888877,1476.4608695652173,2.74317201111111,1225.23902777778,110310.5927777777,0.0,0.0,0.0,0.0,0.0,0.0,0.0,0.0,0.0,0.0,0.0,0.0,36.61611111111124,32.155555555555395,31.64944444444441,51.8811111111111,60.0,12.23,6.783,86.74000000000001,0.43,7.1,1.03,4.222228058333331,5.8751337742621645,60.176,0.2234487170965168,57.882492521935646,0.0249999999999999,4.431011034299388,0.1148278383408667,0.0889652020739165,0.0250690474607817,0.0840342495346982,5.608575179473545,0.5204774827173624,3.055164849773996,5759.671377777775,9.5,17.08134376263603,68.34,1.44,20.72,1369.2639555555554,95.02999999999956,2259.063694444444,117.303,2.63,1.918968692449355,10.42,5.177777777777778,79.1111111111111,54.72,9.16,37.47,72.86,0.05,2.21,0.22,0.027,0.054,5.43,0.17,1.099277402290214,19.624956521739133,35.76765217391304,0.4707826086956521,0.382695652173913,8.375826086956522,0.3302608695652174,0.1875652173913043,0.3982173913043478,32.53730434782609,1.6529565217391304,1.3566989588837777,0.0,1.1316623422222225,0.2530984705555554,1.3985353138888883,1.2660277194444418,,22.0,8.0,0.0,220.1468408333332,96.31645847152768,27.318181818181817,28.25
2026-03-30 03:00:00,544.2416666666667,187.8141244444446,52.8216666666666,47.25222222222233,68.38833333333314,61.12749999999989,59.031944444444335,58.194444444444734,53.13777777777791,1.0903612774999996,6.5,4.13,0.0118061538461538,95.34754769230769,0.1258461538461538,0.1177076923076923,0.0583076923076923,0.1858461538461538,0.0229384615384615,290.0,11.571178851026817,26.441000000000003,105.0,87.50619757195264,0.4341065012669717,1.911406527741008,0.9226235770205364,1.346004216666668,0.26,0.763,30.23,0.13,44.98,23.13,1.04,0.2,18.21387938888889,3.79918980833333,24.252314833333347,135.98166666666657,131.29361111111106,159.84083333333334,147.7402083333333,163.84472222222223,42.88818849999997,1.0,384.4749999999999,494.0141666666669,649.9536111111084,64.37111111111088,1471.8153846153846,2.744470086111108,1229.1507222222217,109451.2133333334,0.0,0.0,0.0,0.0,0.0,0.0,0.0,0.0,0.0,0.0,0.0,0.0,36.59805555555579,32.52222222222242,27.232222222222152,56.44666666666671,60.0,12.23,5.726,86.74000000000001,0.43,7.1,1.03,4.2442274444444426,5.847021944188418,50.993,0.2237697331006216,57.93977094895377,0.025,4.413951326652678,0.115011276057498,0.0887359049281273,0.0251286647186868,0.0838645696468142,5.575464671621595,0.5166390484968525,3.0496617182750576,5748.782641666665,9.5,17.887245049141352,68.34,1.44,20.72,1357.2533499999993,95.23908333333256,2239.405983333336,100.565,2.63,1.918968692449355,10.42,5.177777777777778,79.1111111111111,54.72,9.16,37.47,72.86,0.05,2.21,0.22,0.027,0.054,5.43,0.17,1.0882840837645869,19.75492307692308,35.48538461538462,0.5176923076923077,0.4076923076923077,8.321076923076923,0.3435384615384615,0.1935384615384615,0.3980615384615384,32.607846153846154,1.6947692307692308,1.3434782683097168,0.0,1.2092882377777778,0.2556429483333335,1.3982412027777755,1.252273345486112,,22.0,8.0,0.0,219.54647805555555,97.38537148888892,27.318181818181817,28.25
2026-03-30 04:00:00,544.1805555555555,186.31244416666684,52.21222222222247,47.09861111111117,68.8349999999999,60.0797222222222,57.57666666666666,58.28583333333336,52.85249999999967,1.0986697069444449,6.5,4.13,0.0119446153846153,95.37787076923075,0.1073846153846153,0.1186307692307692,0.0652307692307692,0.1673846153846153,0.0215538461538461,290.0,11.56938617689705,31.035000000000004,105.0,87.508026099565,0.4336404059932334,1.9153504108264865,0.922587723537941,1.360955090000001,0.26,1.106,30.23,0.13,44.98,23.13,1.04,0.2,18.193239388888905,3.843460641666669,24.30140850000001,179.8894444444445,171.28888888888892,188.87944444444463,184.8357638888889,199.28527777777765,42.81407680555554,1.0,384.508055555557,494.0322222222229,649.8197222222226,64.23000000000015,1467.6615384615384,2.7592028888888893,1225.697644444448,108801.1366666667,0.0,0.0,0.0,0.0,0.0,0.0,0.0,0.0,0.0,0.0,0.0,0.0,36.54944444444449,32.70083333333335,26.48805555555557,59.959999999999965,60.0,12.23,6.607,86.74000000000001,0.43,7.1,1.03,4.262737658333334,5.856497351949927,58.156000000000006,0.2236615310544053,57.92046461242175,0.0249999999999999,4.419701492537314,0.114949446316803,0.0888131921039961,0.025108570052961,0.0839217621569571,5.586624939817043,0.5179328358208954,3.051516610495907,5737.49501388889,9.5,17.777933422383185,68.34,1.44,20.72,1335.1043083333338,95.41999999999912,2235.527030555553,117.381,2.63,1.918968692449355,10.42,5.177777777777778,79.1111111111111,54.72,9.16,37.47,72.86,0.05,2.21,0.22,0.027,0.054,5.43,0.17,1.077132420879304,19.865692307692303,35.23153846153846,0.5407692307692308,0.4307692307692308,8.270307692307693,0.3481538461538461,0.1981538461538461,0.3994461538461539,32.709384615384614,1.727076923076923,1.3299796142826017,0.0,0.9387201380555544,0.2622853858333333,1.3983074833333349,1.2564681045138892,,22.0,8.0,0.0,216.43863166666677,97.18639885208336,27.318181818181817,28.25
2026-03-30 05:00:00,544.5833333333334,178.11347611111088,51.76611111111147,47.00138888888889,73.37083333333337,59.7116666666666,57.95555555555563,59.02416666666653,52.734166666666844,1.0926583963888885,6.848611111111111,4.118,0.012,95.3702,0.106,0.1202,0.0692,0.184,0.0204,290.0,11.568840662478582,26.265,105.0,87.50858252427183,0.4334985722444317,1.916550542547116,0.9225768132495716,1.3382307333333323,0.26,0.925,30.23,0.13,44.98,23.13,1.04,0.2,17.918523361111088,4.026765061111105,24.710648472222207,175.8047222222222,163.173611111111,187.73194444444457,177.1482638888889,181.88277777777776,42.03071186111112,1.0,384.5480555555573,494.0252777777791,649.6977777777817,64.28555555555529,1462.4,2.736448580555554,1219.5776055555518,109279.47972222228,0.0,0.0,0.0,0.0,0.0,0.0,0.0,0.0,0.0,0.0,0.0,0.0,36.54694444444461,33.748333333333434,25.57583333333329,61.19583333333336,60.0,12.23,5.52,86.74000000000001,0.43,7.1,1.03,4.213000927777778,5.826588681376306,49.582,0.2240030656286555,57.98140413859869,0.0249999999999999,4.40155136944859,0.1151446089306603,0.0885692388366746,0.0251719979024646,0.0837412367391392,5.551398088015813,0.5138490581259328,3.04566173208019,5696.37168055556,9.5,17.907103394907065,68.34,1.44,20.72,1363.9224833333333,94.79216675723386,2230.5407472222214,100.84,2.63,1.918968692449355,10.42,5.177777777777778,79.1111111111111,54.72,9.16,37.47,72.86,0.05,2.21,0.22,0.027,0.054,5.43,0.17,1.068238928037483,20.042,35.004000000000005,0.508,0.428,8.256,0.356,0.188,0.394,32.768,1.776,1.320192036663577,0.0,1.2156684555555546,0.2455723008333331,1.3982646666666672,1.2256991673611128,,22.0,8.0,0.0,218.59021194444423,96.1000355847222,27.318181818181817,28.25
2026-03-30 06:00:00,546.8518518518518,186.37885761316863,51.57448559670785,46.79670781893007,75.66419753086423,58.57983539094646,56.94197530864204,58.24485596707824,52.45555555555547,1.108107965843622,6.724279835390947,4.132909090909091,0.0121636363636363,95.26029090909093,0.123090909090909,0.1226363636363636,0.0578909090909091,0.2589090909090909,0.0321090909090909,290.0,11.568160389781406,30.376,105.0,87.50927640242297,0.4333217013431656,1.918047142480906,0.9225632077956284,1.3607960493827165,0.26,1.071,30.23,0.13,44.98,23.13,1.04,0.2,18.35337432098765,3.9100841687242793,24.28115761316873,160.09300411522634,157.241975308642,188.4189300411522,174.6409465020576,192.8098765432099,43.04776917695474,1.0,384.5818930041148,493.99753086419753,649.5806584362153,64.08477366255153,1465.5636363636363,2.758963897119341,1241.162814814815,109368.20617283948,0.0,0.0,0.0,0.0,0.0,0.0,0.0,0.0,0.0,0.0,0.0,0.0,36.44609053497935,37.03045267489713,32.73497942386832,52.91769547325104,60.0,12.23,6.134,86.74000000000001,0.43,7.1,1.03,4.191898551440331,5.886190289139754,58.553,0.2233224599935101,57.859964647413456,0.025,4.437720697487746,0.1147556914248629,0.0890553857189213,0.0250455997130804,0.0841009854320017,5.62159769781224,0.521987156934743,3.057329257254112,5674.690004115226,9.5,18.39790955979412,68.34,1.44,20.72,1342.4959423868306,98.71242798353909,2228.309654320988,117.72,2.63,1.918968692449355,10.42,5.177777777777778,79.1111111111111,54.72,9.16,37.47,72.86,0.05,2.21,0.22,0.027,0.054,5.43,0.17,1.0725408301842274,19.95,35.21127272727273,0.421090909090909,0.4036363636363636,8.289454545454545,0.324,0.1767272727272727,0.3955636363636363,32.82909090909091,1.7181818181818185,1.3250425584707244,0.0,1.1492769736625517,0.2526880810699588,1.398284082304527,1.1924820444444442,,22.0,8.0,0.0,219.78684691358023,97.19519863374484,27.318181818181817,28.25
2026-03-30 07:00:00,550.0,174.71285637860092,51.21563786008248,46.25884773662575,63.75349794238683,57.06213991769551,56.84979423868312,58.042386831275806,51.88271604938283,1.108636675720165,6.919753086419753,4.171090909090909,0.0124363636363636,95.09910909090908,0.1449090909090909,0.1253636363636363,0.0377090909090909,0.3570909090909091,0.052290909090909,290.0,11.567672163689112,26.196,105.0,87.5097743930371,0.4331947625591694,1.919121239883952,0.9225534432737824,1.362432131687244,0.26,0.927,30.23,0.13,44.98,23.13,1.04,0.2,18.476080576131693,3.845700460905349,23.82412432098765,173.48971193415645,170.90205761316892,196.96378600823044,184.03930041152276,194.80164609053503,43.68196732510288,1.0,384.56995884773767,493.95843621399007,649.3732510288048,63.66831275720182,1474.8363636363636,2.7613454156378587,1217.0239423868309,107349.1172839506,0.0,0.0,0.0,0.0,0.0,0.0,0.0,0.0,0.0,0.0,0.0,0.0,36.06172839506171,34.42427983539098,31.225925925925896,39.62222222222227,60.0,12.23,5.827,86.74000000000001,0.43,7.1,1.03,4.25663272839506,5.878572085031566,50.05200000000001,0.2234094541676656,57.87548689363062,0.0249999999999999,4.433097578518341,0.1148054023815232,0.0889932470230959,0.025061755773995,0.084055002797091,5.612624870135059,0.5209469551666267,3.055837928554304,5652.848263374486,9.5,17.802843108155805,68.34,1.44,20.72,1316.3913497942387,94.6725765256186,2220.108806584361,100.882,2.63,1.918968692449355,10.42,5.177777777777778,79.1111111111111,54.72,9.16,37.47,72.86,0.05,2.21,0.22,0.027,0.054,5.43,0.17,1.0846360311929206,19.65,35.69672727272727,0.3229090909090909,0.3763636363636363,8.338545454545454,0.264,0.1712727272727272,0.4048363636363636,32.910909090909094,1.5818181818181818,1.3380024459361683,0.0,1.1557284353909456,0.2537954798353908,1.398510880658435,1.140908128292181,,22.0,8.0,0.0,211.91659465020575,95.64945347016462,27.318181818181817,28.25
2026-03-30 08:00:00,550.0,184.8557230555552,51.30222222222212,46.21861111111096,58.87111111111098,56.12277777777781,56.65083333333334,58.83722222222238,51.52666666666676,1.0951966841666665,6.651388888888889,4.134,0.012676923076923,95.18127692307692,0.1464615384615384,0.1256461538461538,0.0407846153846153,0.3127692307692308,0.0463846153846153,290.0,11.703964382500969,30.996,105.0,87.3439072783585,0.4193583042973287,1.911372435152923,0.9521283391405342,1.3363038722222231,0.29,0.769,30.44,0.18,44.56,22.94,1.04,0.1,17.85016422222223,3.9501993305555594,24.28761594444444,171.29694444444456,167.5258333333334,184.42666666666688,176.2756250000001,181.85305555555564,42.36573569444445,1.0,384.6069444444467,493.79222222222216,649.2061111111155,63.67555555555567,1476.2923076923078,2.7347325749999998,1212.9245194444445,108889.90944444457,0.0,0.0,0.0,0.0,0.0,0.0,0.0,0.0,0.0,0.0,0.0,0.0,36.33805555555553,33.12138888888892,31.392777777777685,35.86472222222213,60.0,12.36,7.712,86.61999999999999,0.395,7.85,1.02,4.233184091666666,5.605316149122048,57.80499999999999,0.1051898624686445,58.169902257590174,0.0196378340973964,4.368719833924402,0.0662165902603581,0.0789732722082865,0.0197405068765677,0.0729352997145575,5.813157166335093,0.4852460859787215,3.16054839546752,5706.957208333334,8.97,18.06273024685288,70.08,0.93,20.02,1360.224177777778,97.59965277777768,2218.4484527777786,117.812,2.68,1.911439114391144,10.36,5.177777777777778,79.1111111111111,54.87,8.89,37.47,72.86,0.052,2.14,0.22,0.024,0.055,5.42,0.17,1.083954816521246,19.661384615384613,35.626,0.353076923076923,0.3876923076923076,8.364153846153846,0.2783076923076923,0.1735384615384615,0.4045230769230769,32.86630769230769,1.603076923076923,1.3384483101666391,0.0,1.3359134211111103,0.2411072327777777,1.398543783333332,1.1229257440972211,,22.0,8.0,0.0,216.66292416666676,96.99338330486108,27.318181818181817,28.25
2026-03-30 09:00:00,548.2916666666666,187.6012544444443,51.618055555555856,46.534166666666806,62.91583333333335,55.73527777777759,57.536388888888894,59.49777777777787,51.61666666666705,1.1134555694444437,6.5,4.074,0.0129076923076923,95.3375076923077,0.1418461538461538,0.1251846153846154,0.0509384615384615,0.2250769230769231,0.0325384615384615,290.0,11.70357056694813,26.528,105.0,87.34426417370327,0.419173703256936,1.9127261761158023,0.9521652593486126,1.3678832141666666,0.0,0.0,0.0,0.0,0.0,0.0,0.0,0.0,17.538942055555545,4.1727832555555535,24.955391694444447,209.1069444444444,201.66750000000016,230.7994444444444,217.07159722222224,226.7125,41.27526516666667,1.0,384.7427777777775,493.72861111111285,649.0955555555566,63.93555555555532,1475.3692307692309,2.76636841388889,1208.427708333334,108157.7147222222,0.0,0.0,0.0,0.0,0.0,0.0,0.0,0.0,0.0,0.0,0.0,0.0,36.78138888888875,31.917777777777808,32.43777777777781,41.691388888889,60.0,12.36,7.189,86.61999999999999,0.395,7.85,1.02,4.316520913888894,5.30279824703782,49.288,0.094385651679922,58.870975490991725,0.0196978574906671,4.0938126927446845,0.06021425093329,0.074171400746632,0.0202807174160038,0.0702942704106476,5.459619379970784,0.4396283070930044,3.034499269599091,5777.396974999995,8.97,18.00292325515872,70.08,0.93,20.02,1321.2648777777786,95.875,2214.63501111111,101.192,2.68,1.911439114391144,10.36,5.177777777777778,79.1111111111111,54.87,8.89,37.47,72.86,0.052,2.14,0.22,0.024,0.055,5.42,0.17,1.079385127512068,19.76753846153846,35.386,0.4223076923076923,0.4107692307692308,8.382615384615384,0.3152307692307692,0.1781538461538461,0.4012923076923077,32.78323076923077,1.6723076923076925,1.335085558629945,0.0,0.9304832438888916,0.2544276758333332,1.398455727777779,1.092524739722222,,22.0,8.0,0.0,212.23298749999995,97.35716621388887,27.318181818181817,28.25
2026-03-30 10:00:00,549.0138888888889,197.15456722222228,52.17305555555543,47.02222222222219,69.84305555555547,55.69166666666667,57.81611111111118,59.37055555555556,51.91166666666663,1.1127008558333331,6.15,4.122,0.0127230769230769,95.25766153846156,0.1455384615384615,0.1236153846153846,0.0491846153846153,0.2536923076923076,0.0355846153846153,290.0,11.702956054276369,30.879,105.0,87.34482107581205,0.418885650442048,1.9148385634249816,0.9522228699115904,1.3644863805555556,0.0,0.0,0.0,0.0,0.0,0.0,0.0,0.0,17.329258,4.097206166666672,24.133512555555555,176.99527777777774,170.1077777777778,190.7563888888888,181.8720833333333,189.62888888888887,41.80093833333335,1.0,384.7511111111104,493.633055555559,648.8794444444392,64.41333333333311,1477.4923076923078,2.762835888888886,1201.512977777778,108689.94583333336,0.0,0.0,0.0,0.0,0.0,0.0,0.0,0.0,0.0,0.0,0.0,0.0,37.05388888888906,29.558888888888845,33.87805555555557,50.79666666666665,60.0,12.36,8.378,86.61999999999999,0.395,7.85,1.02,4.319238872222219,5.298660097149922,57.437,0.0942378606124971,58.88056548914463,0.0196986785521527,4.090052231140206,0.0601321447847206,0.0741057158277765,0.0202881069693751,0.0702581437052771,5.454783327820046,0.4390043003638769,3.0327750404791334,5813.376113888887,8.97,17.884868118747274,70.08,0.93,20.02,1330.6252166666677,90.72849999999998,2216.815386111109,118.313,2.68,1.911439114391144,10.36,5.177777777777778,79.1111111111111,54.87,8.89,37.47,72.86,0.052,2.14,0.22,0.024,0.055,5.42,0.17,1.0877599273850411,19.843230769230768,35.52538461538462,0.4084615384615385,0.395076923076923,8.370615384615386,0.3078461538461539,0.1744615384615384,0.4,32.66138461538461,1.639076923076923,1.3440454202004082,0.0,1.1409288933333344,0.2517855283333334,1.3983309638888883,1.076112397152778,,22.0,8.0,0.0,212.64755944444465,98.62298015694444,27.318181818181817,28.25
2026-03-30 11:00:00,550.0,193.0457463888886,53.00083333333343,47.78166666666649,79.26916666666686,56.990277777777735,57.42777777777791,57.65722222222235,52.597499999999904,1.1071830797222213,6.35,4.242,0.0122615384615384,95.02043076923076,0.1547692307692307,0.1213076923076923,0.0394923076923076,0.3598461538461538,0.0498923076923076,290.0,11.703721627088171,26.698,105.0,87.34412727545136,0.4192445126975803,1.9122069068844112,0.952151097460484,1.378839830555555,0.29,0.647,30.44,0.18,44.56,22.94,1.04,0.1,17.456838583333326,4.089747294444444,24.255932111111097,198.68333333333328,200.61055555555555,228.0858333333332,210.5794444444444,214.9380555555556,41.85154383333332,1.0,384.8047222222229,493.66555555555647,648.7422222222247,65.03305555555548,1481.6461538461538,2.777138719444445,1208.181611111109,109120.56916666654,0.0,0.0,0.0,0.0,0.0,0.0,0.0,0.0,0.0,0.0,0.0,0.0,37.34249999999984,30.00500000000011,28.80111111111107,61.48305555555543,60.0,12.36,7.127,86.61999999999999,0.395,7.85,1.02,4.3503256222222255,4.887613198114555,49.007000000000005,0.0795576142183769,59.8331503662742,0.0197802354765645,3.716521517334258,0.0519764523435427,0.0675811618748342,0.0210221192890811,0.0666696390311588,4.9744130430346685,0.3770210378109249,2.8615054992143976,5873.861452777768,8.97,18.176562937188216,70.08,0.93,20.02,1320.997708333333,94.1499027777779,2223.900097222225,100.93,2.68,1.911439114391144,10.36,5.177777777777778,79.1111111111111,54.87,8.89,37.47,72.86,0.052,2.14,0.22,0.024,0.055,5.42,0.17,1.104764386512782,19.898615384615383,35.917692307692306,0.3392307692307692,0.3535384615384615,8.338307692307692,0.2709230769230769,0.1652307692307692,0.4,32.51369230769231,1.5375384615384615,1.3612203571756432,0.0,1.0131390258333302,0.2716567833333334,1.3983472638888892,1.0630608204861125,,22.0,8.0,0.0,214.8683955555555,98.07856139652776,27.318181818181817,28.25
2026-03-30 12:00:00,548.7777777777778,197.71554833333357,53.80694444444448,48.43555555555564,82.94944444444438,58.41833333333341,56.45111111111088,56.66916666666678,53.247499999999874,1.121631380277777,6.15,4.314457142857142,0.012,94.89387428571428,0.16,0.1204457142857142,0.0341485714285714,0.4081142857142857,0.05696,290.0,11.702519637914264,26.734,105.0,87.34521657814018,0.4186810802723124,1.916338744669709,0.9522637839455372,1.3867650488888883,0.29,0.599,30.44,0.18,44.56,22.94,1.04,0.1,17.137658999999992,4.030406077777775,24.092954972222216,185.1247222222221,192.09388888888896,215.6694444444445,203.48041666666663,221.03361111111116,41.5649100555556,1.0,384.8002777777788,493.5811111111133,648.5483333333341,65.70333333333362,1485.337142857143,2.7853129194444435,1210.5404055555575,111423.2119444444,0.0,0.0,0.0,0.0,0.0,0.0,0.0,0.0,0.0,0.0,0.0,0.0,37.410555555555575,30.76944444444452,27.63777777777782,65.49249999999996,60.0,12.36,6.932,86.61999999999999,0.395,7.85,1.02,4.279983230555556,5.024618067666551,48.739,0.0844506452738053,59.51564701778863,0.019753051970701,3.841021974189048,0.0546948029298918,0.0697558423439135,0.0207774677363097,0.0678657132891524,5.134523892570631,0.3976805022671781,2.918590861527729,5896.602950000004,8.97,18.063675576773065,70.08,0.93,20.02,1342.3966111111108,91.225097222222,2231.441488888891,101.465,2.68,1.911439114391144,10.36,5.177777777777778,79.1111111111111,54.87,8.89,37.47,72.86,0.052,2.14,0.22,0.024,0.055,5.42,0.17,1.113769745650458,19.931485714285717,36.145942857142856,0.3059428571428571,0.3285142857142857,8.287314285714286,0.25,0.1614857142857143,0.39896,32.45377142857143,1.4770285714285714,1.369132251832489,0.0,1.0300685297222218,0.2651337019444441,1.3984708222222224,1.0794658544444464,,22.0,8.0,0.0,218.4180930555555,98.6973101541667,27.318181818181817,28.25
2026-03-30 13:00:00,546.9027777777778,183.3897505555557,54.84222222222213,49.10888888888911,86.90805555555563,59.21333333333294,55.70472222222234,57.918055555555625,54.08416666666696,1.1075222705555543,6.697222222222222,4.324742857142857,0.012,94.91204571428572,0.16,0.1214742857142857,0.0344914285714285,0.3806857142857143,0.05456,290.0,11.70344053474587,31.716,105.0,87.34438201538654,0.4191127506621264,1.9131731618110737,0.9521774498675748,1.3712857666666662,0.29,0.689,30.44,0.18,44.56,22.94,1.04,0.1,17.671537583333347,3.966885322222221,24.00460624999999,187.7408333333334,181.52972222222215,200.9855555555557,195.54847222222227,211.9377777777778,42.40402875000001,1.0,384.7933333333349,493.5372222222245,648.4108333333296,66.31416666666668,1488.422857142857,2.7695633138888893,1214.3831750000002,111480.97638888875,0.0,0.0,0.0,0.0,0.0,0.0,0.0,0.0,0.0,0.0,0.0,0.0,37.03277777777768,31.173333333333403,28.7402777777778,67.74222222222218,60.0,12.36,8.078,86.61999999999999,0.395,7.85,1.02,4.313399594444443,4.891590560833588,58.734,0.0796996628869139,59.8239329860047,0.0197794463172949,3.7201358667892537,0.0520553682705077,0.0676442946164061,0.0210150168556543,0.0667043620390234,4.979061191132905,0.3776207988558586,2.8631627336806624,5943.786666666662,8.97,18.22479109382413,70.08,0.93,20.02,1357.3837166666674,99.3198055555558,2231.835144444444,118.304,2.68,1.911439114391144,10.36,5.177777777777778,79.1111111111111,54.87,8.89,37.47,72.86,0.052,2.14,0.22,0.024,0.055,5.42,0.17,1.1123147432626654,19.934914285714285,36.15965714285714,0.3196571428571428,0.3250857142857143,8.211885714285714,0.25,0.1649142857142857,0.39656,32.508628571428574,1.4701714285714285,1.36493093730375,0.0,0.910464910277778,0.2637635005555555,1.3982923861111136,1.047567737708334,,22.0,8.0,0.0,219.4492658333336,96.79914194861114,27.318181818181817,28.25
2026-03-30 14:00:00,545.0,188.49065249999975,55.31555555555549,49.47277777777768,80.84055555555567,59.07166666666671,55.357499999999646,59.1683333333334,54.362222222222165,1.121434453333334,6.302777777777778,4.335028571428572,0.012,94.93021714285712,0.16,0.1225028571428571,0.0348342857142857,0.3532571428571429,0.05216,290.0,11.70351641922036,27.346,105.0,87.34431324508155,0.4191483215095444,1.912912308930008,0.9521703356980912,1.3773432972222222,0.29,0.609,30.440000000000005,0.18,44.56,22.94,1.04,0.1,17.111376527777775,3.947161155555557,24.31561124999997,218.1011111111112,215.03666666666663,230.2558333333331,223.1796527777778,229.32500000000024,41.30492597222223,1.0,384.7997222222235,493.4694444444424,648.2600000000047,66.5169444444442,1491.5085714285717,2.8005239472222203,1216.692733333336,111298.00749999992,0.0,0.0,0.0,0.0,0.0,0.0,0.0,0.0,0.0,0.0,0.0,0.0,36.99861111111119,30.55499999999997,29.05083333333329,59.14416666666662,60.0,12.36,6.987,86.61999999999999,0.395,7.85,1.02,4.316971152777781,4.934963555809633,48.979,0.0812486984217726,59.72341779129832,0.0197708405643234,3.759550215398436,0.0529159435676514,0.0683327548541211,0.0209375650789113,0.0670830151697666,5.02974907613467,0.384161171114151,2.8812348149206803,5942.413730555558,8.97,17.627633139757158,70.08,0.93,20.02,1348.3206861111112,93.47019444444425,2248.960505555556,101.658,2.68,1.911439114391144,10.36,5.177777777777778,79.1111111111111,54.87,8.89,37.47,72.86,0.052,2.14,0.22,0.024,0.055,5.42,0.17,1.1108597408748728,19.938342857142857,36.17337142857143,0.3333714285714286,0.3216571428571428,8.136457142857143,0.25,0.1683428571428571,0.39416,32.56348571428572,1.4633142857142858,1.360729622775011,0.0,0.9514805825000004,0.2559087983333333,1.4231976666666668,0.9611844820138874,,22.0,8.0,0.0,217.5892124999999,97.47501145624996,27.318181818181817,28.25
2026-03-30 15:00:00,545.0,179.07081083333358,55.3352777777776,49.55305555555562,85.66944444444444,59.23333333333298,55.74694444444431,59.30305555555517,54.4672222222224,1.1301977697222207,6.348611111111111,4.353052631578947,0.0116736842105263,94.81141052631578,0.1665263157894737,0.1210421052631579,0.0301052631578947,0.4444210526315789,0.0617684210526315,290.0,11.704337704434948,27.148,105.0,87.34356895535582,0.4195332989538823,1.9100891410048624,0.9520933402092236,1.3656035944444451,0.29,0.607,30.44,0.18,44.56,22.94,1.04,0.1,17.197217888888886,3.857888052777774,24.31541833333332,190.2955555555556,182.55888888888887,205.62861111111116,198.95451388888893,217.33500000000015,41.42561672222223,1.0,384.8072222222231,493.4141666666642,648.0605555555571,66.65499999999986,1497.8947368421052,2.794974058333336,1214.0526000000011,109694.42361111112,0.0,0.0,0.0,0.0,0.0,0.0,0.0,0.0,0.0,0.0,0.0,0.0,36.32138888888901,30.868888888889007,28.4825,61.57638888888885,60.0,12.36,7.082,86.61999999999999,0.395,7.85,1.02,4.362739180555557,4.939777414075286,48.88,0.0814206219312602,59.71226186579378,0.0197698854337152,3.763924713584288,0.0530114566284779,0.0684091653027823,0.0209289689034369,0.0671250409165302,5.035374795417349,0.3848870703764321,2.883240589198036,5915.336341666659,8.97,16.881939543908434,70.08,0.93,20.02,1341.757319444444,94.25643055555544,2260.026972222221,102.334,2.68,1.911439114391144,10.36,5.177777777777778,79.1111111111111,54.87,8.89,37.47,72.86,0.052,2.14,0.22,0.024,0.055,5.42,0.17,1.1286478154381046,19.864947368421053,36.5161052631579,0.3106315789473684,0.3102105263157895,8.243578947368421,0.2271578947368421,0.1634736842105263,0.3854947368421053,32.36157894736842,1.3621052631578947,1.3834728871824555,0.0,1.2778670066666669,0.2354058205555553,1.429403058333334,0.952154023611113,,22.0,8.0,0.0,213.89184805555556,96.2268824354167,27.318181818181817,28.25
2026-03-30 16:00:00,538.4027777777778,174.99950222222196,55.19444444444476,49.481388888888965,85.50000000000009,59.32416666666663,55.58250000000015,59.129166666666805,54.42749999999997,1.1264619311111106,6.15,4.378315789473684,0.0110421052631578,94.56446315789474,0.1791578947368421,0.1172526315789473,0.0206315789473684,0.6465263157894737,0.0826105263157894,290.0,11.674922546068569,27.242,105.0,87.38771419132222,0.4490041112987299,2.0572241391968284,0.9373632626092064,1.3830730611111113,0.29,0.626,30.44,0.18,44.56,22.94,1.04,0.1,17.571614416666673,3.590406355555553,23.816020333333302,181.94472222222225,191.39999999999995,195.47500000000005,194.94930555555555,210.97749999999985,42.45547511111115,1.0,384.7627777777784,493.3536111111094,647.8636111111061,66.54583333333323,1507.3684210526317,2.812194480555556,1188.9537111111097,110606.65444444447,0.0,0.0,0.0,0.0,0.0,0.0,0.0,0.0,0.0,0.0,0.0,0.0,35.70000000000004,30.426111111111204,28.023055555555608,62.781111111111095,60.0,12.36,7.266,86.61999999999999,0.395,7.85,1.02,4.29716333888889,4.895744881889764,50.8,0.0798480314960629,59.81430551181102,0.019778622047244,3.723911023622047,0.0521377952755905,0.0677102362204724,0.0210075984251968,0.0667406299212598,4.983916141732284,0.3782472440944882,2.864893700787402,5867.574730555552,9.65,16.067863398645443,68.3,1.07,20.98,1336.1399805555548,91.8195000000009,2262.603816666667,101.694,2.69,1.92,10.61,5.177777777777778,79.1111111111111,54.56,9.12,37.47,72.86,0.051,2.21,0.22,0.026,0.056,5.54,0.18,1.16443747811681,19.71968421052632,37.16663157894737,0.2537894736842105,0.2912631578947368,8.521473684210525,0.1829473684210526,0.1508421052631579,0.3709684210526315,31.919473684210526,1.1726315789473682,1.431422370594717,0.0,1.080215600000001,0.2566110897222223,1.4290745249999983,0.9643261063194444,,22.0,8.0,0.0,211.93752194444448,95.68743404444442,27.318181818181817,28.25
2026-03-30 17:00:00,535.0,172.5686288888889,55.1522222222222,49.413888888888685,83.62083333333351,59.64805555555543,55.58305555555568,58.79694444444435,54.38416666666662,1.140897391111111,6.0,4.396,0.0134,94.53432,0.188,0.1146,0.0192,0.644,0.09048,290.0,11.675781769793748,27.054,105.0,87.38687883492275,0.4492666518814223,2.054121386855918,0.9373393952835072,1.3957808444444448,0.29,0.616,30.44,0.18,44.56,22.94,1.04,0.1,17.47743055555557,3.642224450000001,24.340929250000013,203.41416666666657,205.81,210.6902777777777,210.7583333333333,223.11888888888893,41.79426691666664,1.0,384.7347222222218,493.2780555555573,647.7155555555593,66.54472222222228,1506.4,2.824921933333333,1215.6307638888866,110540.26166666669,0.0,0.0,0.0,0.0,0.0,0.0,0.0,0.0,0.0,0.0,0.0,0.0,35.479166666666735,29.24499999999996,26.5388888888889,63.49027777777773,60.0,12.36,7.028,86.61999999999999,0.395,7.85,1.02,4.276468088888882,4.907855375528774,50.116,0.0802805491260276,59.78623992337777,0.019776219171522,3.7349161944289246,0.0523780828477931,0.0679024662782345,0.0209859725436986,0.0668463564530289,4.998069079735015,0.3800734296432276,2.869939739803656,5835.560133333333,9.65,15.469864296919342,68.3,1.07,20.98,1322.2644055555556,89.58000000000082,2297.8910805555547,102.147,2.69,1.92,10.61,5.177777777777778,79.1111111111111,54.56,9.12,37.47,72.86,0.051,2.21,0.22,0.026,0.056,5.54,0.18,1.1948395798733609,19.702,37.690000000000005,0.266,0.282,8.452,0.172,0.15,0.362,31.546,1.12,1.4627661400431435,0.0,1.0213590541666673,0.2548834324999999,1.429236072222221,1.0209497518749997,,22.0,8.0,0.0,214.39178777777775,95.36534332777778,27.318181818181817,28.25
2026-03-30 18:00:00,535.0,170.23740444444468,55.01722222222244,49.43111111111097,78.96305555555557,59.22305555555558,55.45527777777776,58.737777777777765,54.34333333333315,1.1160002577777774,6.0,4.3342857142857145,0.0130142857142857,94.69390428571428,0.1834285714285714,0.1149857142857142,0.0199857142857142,0.5578571428571428,0.0825385714285714,290.0,11.677728531855957,31.407,105.0,87.38498614958449,0.4498614958448754,2.0470914127423825,0.9372853185595568,1.3557801166666672,0.29,0.721,30.44,0.1799999999999999,44.56,22.940000000000005,1.04,0.1,17.53043047222223,3.755706686111109,24.41755902777776,183.2702777777777,185.40249999999995,195.34472222222223,194.5277083333333,214.09333333333328,41.79137258333332,1.0,384.7122222222217,493.1372222222247,647.4672222222198,66.48833333333344,1506.6571428571428,2.7850717833333314,1189.9749249999988,110238.9341666667,0.0,0.0,0.0,0.0,0.0,0.0,0.0,0.0,0.0,0.0,0.0,0.0,35.678611111110925,28.46750000000003,27.084166666666796,59.94972222222216,60.0,12.36,8.188,86.61999999999999,0.395,7.85,1.02,4.2713253944444505,4.880099803417511,59.517,0.0792892786934825,59.85056236033402,0.0197817262294806,3.709693868978611,0.0518273770519347,0.0674619016415477,0.0210355360653258,0.0666040459028513,4.965632508358956,0.375888065594704,2.8583749180906297,5790.371005555558,9.65,15.240681878549998,68.3,1.07,20.98,1358.171313888889,89.58000000000082,2261.623669444444,119.578,2.69,1.92,10.61,5.177777777777778,79.1111111111111,54.56,9.12,37.47,72.86,0.051,2.21,0.22,0.026,0.056,5.54,0.18,1.2044209542123674,19.611285714285717,37.85928571428572,0.2601428571428572,0.2898571428571428,8.436571428571428,0.1798571428571428,0.1532857142857142,0.3665714285714285,31.433714285714284,1.1461428571428571,1.472814140491874,0.0,0.979381324444444,0.2397798675,1.429427758333334,1.1012900398611123,,22.0,8.0,0.0,212.21483749999987,95.05645608888892,27.318181818181817,28.25
2026-03-30 19:00:00,535.0,165.09677249999976,54.6000000000002,49.19277777777808,83.05333333333344,58.74666666666697,54.82027777777791,58.23305555555571,54.1233333333333,1.1157760241666668,6.697222222222222,4.248571428571429,0.0117285714285714,94.90651857142858,0.1748571428571428,0.1162714285714285,0.0212714285714285,0.4507142857142857,0.0700671428571428,290.0,11.677267824159587,27.07,105.0,87.38543405984485,0.4497207240487625,2.0487550794237164,0.9372981159955672,1.3659731777777775,0.29,0.526,30.44,0.18,44.56,22.94,1.04,0.1,17.510175222222227,3.751575350000002,24.3530336388889,185.2516666666667,182.23861111111103,193.37249999999983,192.6913888888889,209.902777777778,41.82673322222227,1.0,384.72361111111127,493.08777777778016,647.267500000002,66.30472222222197,1507.5142857142855,2.7953839611111126,1226.879080555557,110387.8597222222,0.0,0.0,0.0,0.0,0.0,0.0,0.0,0.0,0.0,0.0,0.0,0.0,35.52333333333327,28.90583333333339,27.431388888888893,66.0788888888889,60.0,12.36,7.214,86.61999999999999,0.395,7.85,1.02,4.2518401138888935,4.960376136823497,46.951,0.0821562906008391,59.66452514323444,0.0197657983855508,3.7826433941769073,0.0534201614449106,0.0687361291559285,0.020892185469958,0.0673048710357606,5.0594475091052376,0.3879932269813209,2.891823390343124,5799.7198666666645,9.65,16.553629301367643,68.3,1.07,20.98,1348.5511194444443,92.88929371448364,2285.2621944444427,102.264,2.69,1.92,10.61,5.177777777777778,79.1111111111111,54.56,9.12,37.47,72.86,0.051,2.21,0.22,0.026,0.056,5.54,0.18,1.2077827063139075,19.495571428571427,37.92357142857143,0.2472857142857142,0.3027142857142857,8.445142857142857,0.1927142857142857,0.1575714285714285,0.3751428571428571,31.39942857142857,1.1932857142857145,1.4767418137225194,0.0,1.0222198900277766,0.250197133611111,1.4292674000000003,1.086494588472224,,22.0,8.0,0.0,218.34312666666656,94.37532235624997,27.318181818181817,28.25
2026-03-30 20:00:00,535.0,160.41959749999995,54.32611111111113,49.24638888888915,76.81416666666671,58.64888888888903,55.22416666666662,57.58638888888895,54.07000000000017,1.121380622500001,6.651388888888889,4.174,0.011,95.12914285714284,0.1625714285714286,0.1140285714285714,0.0257142857142857,0.3305714285714285,0.0529714285714285,290.0,11.67797597977244,31.64,105.0,87.38474557522123,0.4499371049304678,2.0461978508217444,0.9372784450063212,1.3759963730555556,0.0,0.0,0.0,0.0,0.0,0.0,0.0,0.0,17.334683861111102,3.677887111111112,24.65916780555555,180.63944444444445,180.38055555555536,195.7963888888889,188.4018055555556,196.7908333333335,41.27990422222221,1.0,384.6275000000021,492.9258333333298,646.9522222222189,66.29111111111081,1502.428571428571,2.805414808333333,1208.6077638888898,111782.8661111112,0.0,0.0,0.0,0.0,0.0,0.0,0.0,0.0,0.0,0.0,0.0,0.0,36.44277777777791,29.98666666666661,31.079444444444416,57.72555555555558,60.0,12.36,8.293,86.61999999999999,0.395,7.85,1.02,4.19941272222222,5.017391909555416,58.909,0.0841925681984077,59.53239335245888,0.019754485732231,3.834455346381707,0.0545514267768931,0.0696411414215145,0.0207903715900796,0.0678026277818329,5.126079037159008,0.3965908435043881,2.9155799623147565,5802.91120277778,9.65,15.943736719717984,68.3,1.07,20.98,1356.5516888888883,99.50477777777829,2284.3509333333323,119.465,2.69,1.92,10.61,5.177777777777778,79.1111111111111,54.56,9.12,37.47,72.86,0.051,2.21,0.22,0.026,0.056,5.54,0.18,1.1973568009397328,19.389142857142858,37.726,0.2808571428571428,0.3322857142857143,8.446285714285713,0.2185714285714285,0.1674285714285714,0.3911428571428571,31.51,1.2757142857142858,1.465416279963255,0.0,1.0538845947222224,0.2546157724999999,1.4293843333333334,1.0812321836805576,,22.0,8.0,0.0,217.1435375000001,93.75559666875,27.318181818181817,28.25
2026-03-30 21:00:00,532.9944289693593,162.295164902507,53.8428969359329,49.109749303621264,79.04261838440114,58.0735376044569,55.89888579387171,56.875766016712944,53.85459610027842,1.090956344846797,6.5,4.1364,0.0110128,95.2817632,0.15128,0.110152,0.031744,0.24024,0.037408,287.50139275766014,11.671925482193403,30.382,105.0,87.39062800342309,0.4480883417813179,2.0680468698571524,0.9374465143835166,1.3484351754874655,0.0,0.0,0.0,0.0,0.0,0.0,0.0,0.0,17.500943565459604,3.6518299192200554,24.999299247910848,187.10306406685237,185.2582172701949,207.8309192200558,197.71545961002784,210.66963788300836,41.17731459610032,1.0,384.581058495823,492.77437325905606,646.6830083565479,66.10752089136476,1491.336,2.7776205543175494,1209.5778885793873,112611.673259053,0.0,0.0,0.0,0.0,0.0,0.0,0.0,0.0,0.0,0.0,0.0,0.0,36.77604456824504,30.942339832868957,30.78440111420615,59.83760445682449,60.0,12.36,8.412,86.61999999999999,0.395,7.85,1.02,4.145597013927578,5.001586544196589,58.681,0.0836280908641638,59.56902165948093,0.0197576217174213,3.820092534210392,0.0542378282578688,0.069390262606295,0.0208185954567918,0.0676646444334622,5.107608084388474,0.394207494759803,2.908994393415245,5772.068818941506,9.65,15.777297767636329,68.3,1.07,20.98,1394.7285013927578,97.24000000000052,2288.650587743733,119.375,2.69,1.92,10.61,5.177777777777778,79.1111111111111,54.56,9.12,37.47,72.86,0.051,2.21,0.22,0.026,0.056,5.54,0.18,1.1743785187519695,19.31872,37.30312,0.34872,0.37256,8.418239999999999,0.25128,0.18,0.40936,31.76456,1.38024,1.439405572013867,0.0,1.080724342896936,0.2574788306406685,1.4292456796657382,1.067993942479109,,22.0,8.0,0.0,220.39272423398336,93.37945753899722,27.318181818181817,28.25
2026-03-30 22:00:00,539.0833333333334,162.09046388888888,53.27305555555545,48.82472222222225,72.67583333333329,57.25722222222253,55.33611111111082,56.44111111111119,53.51111111111122,1.0893895755555556,7.194444444444445,4.1604,0.0110608,95.2058752,0.15608,0.1144719999999999,0.030784,0.27864,0.042688,287.0,11.672128005305922,30.155,105.0,87.3904311059526,0.4481502238434754,2.067315536395291,0.9374408887415022,1.3444622111111106,0.0,0.0,0.0,0.0,0.0,0.0,0.0,0.0,17.940224888888896,3.868103777777776,24.359423638888885,159.8122222222223,149.8405555555556,170.47611111111098,162.91611111111112,171.53555555555556,42.410471361111085,1.0,384.4774999999984,492.6050000000023,646.3969444444392,65.92583333333312,1485.096,2.773996038888889,1234.7095305555567,110978.49444444435,0.0,0.0,0.0,0.0,0.0,0.0,0.0,0.0,0.0,0.0,0.0,0.0,36.51194444444441,33.69861111111113,32.160833333333365,50.95833333333334,60.0,12.36,8.623,86.61999999999999,0.395,7.85,1.02,4.141359627777778,5.018453662104273,57.426,0.0842304879322954,59.529932783059934,0.0197542750670428,3.835420192943962,0.0545724932957197,0.0696579946365757,0.0207884756033852,0.0678118970501166,5.12731985511789,0.3967509490474697,2.916022359210114,5682.850763888887,9.65,17.474736073337752,68.3,1.07,20.98,1378.0177555555565,95.37881989449312,2257.336824999999,119.374,2.69,1.92,10.61,5.177777777777778,79.1111111111111,54.56,9.12,37.47,72.86,0.051,2.21,0.22,0.026,0.056,5.54,0.18,1.1664637377875826,19.31392,37.20232,0.34392,0.38216,8.33664,0.25608,0.18,0.40696,31.89416,1.41864,1.4278635140245823,0.0,1.1888648188888886,0.2550727005555555,1.429352419444445,1.0905534471527791,,22.0,8.0,0.0,221.139855,93.22698646527778,27.318181818181817,28.25
2026-03-30 23:00:00,542.775,165.74853694444408,52.82166666666652,48.747499999999725,70.59638888888887,57.39749999999996,55.033333333333225,56.30500000000004,53.3583333333331,1.117780593055556,7.152777777777778,4.175285714285714,0.0112414285714285,95.15837285714288,0.1568571428571428,0.1186285714285714,0.0322,0.3021428571428571,0.0452714285714285,287.0,11.672214719011103,26.211,105.0,87.39034680096144,0.4481767196978368,2.06700240357102,0.9374384800274692,1.3735043305555548,0.0,0.0,0.0,0.0,0.0,0.0,0.0,0.0,17.75002391666667,3.975710480555557,24.44432422222221,185.81999999999988,168.3224999999999,182.81638888888895,179.62388888888887,181.53666666666663,42.06684427777776,1.0,384.34416666666704,492.3741666666658,646.0641666666658,65.75916666666646,1479.6857142857143,2.8028066361111077,1237.8518583333362,110694.0508333333,0.0,0.0,0.0,0.0,0.0,0.0,0.0,0.0,0.0,0.0,0.0,0.0,37.59194444444434,34.41500000000006,35.6419444444445,50.17388888888895,60.0,12.36,7.295,86.61999999999999,0.395,7.85,1.02,4.096828822222223,5.018951359993441,48.787,0.0842482628569086,59.5287793879517,0.0197541763174616,3.8358724660257857,0.0545823682538381,0.0696658946030704,0.0207875868571545,0.0678162420316887,5.127901490151065,0.3968259987291696,2.9162297333306,5608.324011111114,9.65,17.756357147261937,68.3,1.07,20.98,1345.5505027777788,94.09387280037828,2244.0551416666644,102.061,2.69,1.92,10.61,5.177777777777778,79.1111111111111,54.56,9.12,37.47,72.86,0.051,2.21,0.22,0.026,0.056,5.54,0.18,1.151267175572519,19.333571428571428,36.97071428571429,0.34,0.3994285714285714,8.266857142857143,0.26,0.1847142857142857,0.4042142857142857,32.11785714285714,1.4484285714285714,1.408678673664122,0.0,1.0469473900000004,0.2557237430555552,1.4292668166666669,1.084582760625001,,22.0,8.0,0.0,219.17440583333325,93.71168114513884,27.318181818181817,28.25
2026-04-01 00:00:00,537.8027777777778,165.70116333333357,54.38305555555541,48.39722222222208,83.91611111111102,56.14083333333357,53.48444444444444,54.00472222222223,53.14916666666696,1.1252080888888891,7.0,4.201959183673469,0.0123224489795918,95.1906530612245,0.1432244897959183,0.1196122448979591,0.0463224489795918,0.2535510204081632,0.0323551020408163,287.0,11.57770625,30.4,105.0,87.4701125,0.41909375,1.98725,0.95218125,1.3976714333333338,0.1620488940628638,1.718,17.00954598370198,0.1005820721769499,24.89965075669383,12.8186263096624,0.5811408614668219,0.0558789289871944,17.95384911111113,4.085270374999999,24.20748961111109,153.59305555555548,154.9716666666667,180.5413888888889,167.30048611111113,180.09583333333345,42.58409219444445,1.0,381.2430555555555,487.64333333333394,639.4008333333297,65.48277777777766,1470.5142857142855,2.815634608333334,1207.3671472222256,110123.00305555564,0.0,0.0,0.0,0.0,0.0,0.0,0.0,0.0,0.0,0.0,0.0,0.0,39.11666666666677,37.590277777777736,34.25861111111108,63.73638888888888,60.0,12.19,7.63,86.78999999999999,0.415,7.5,1.02,4.169002024999998,3.372535319148936,70.5,0.21472,44.13339063829787,0.0239110638297872,3.1870791489361703,0.1196195744680851,0.1138161702127659,0.0199494468085106,0.0545846808510638,4.118272340425532,0.2884418723404256,1.887872340425532,5679.510391666666,9.31,17.244934321008362,68.34,1.13,21.22,1315.8708944444438,95.3791658800844,2231.178147222223,106.557,2.72,1.935943060498221,10.88,5.086666666666667,79.84222222222222,54.08,9.39,33.16,69.8,0.048,2.25,0.22,0.027,0.059,5.62,0.21,1.1024751938694397,19.43326530612245,36.1834693877551,0.3503265306122449,0.4403265306122449,8.19195918367347,0.2632244897959184,0.2067755102040816,0.3967755102040816,32.82032653061224,1.4503265306122448,1.3520743169596094,0.0,0.9351586705555546,0.2724633338888891,1.418133986111112,1.049315950694444,,22.0,8.0,0.0,212.38928361111115,93.70540414166668,27.318181818181817,28.25
2026-04-01 01:00:00,540.4472222222222,179.51083194444453,54.08583333333352,48.42027777777768,86.18694444444456,55.80444444444413,56.10361111111137,53.914722222221975,53.284444444444304,1.1522126805555557,6.651388888888889,4.246040816326531,0.0120775510204081,95.1453469387755,0.1407755102040816,0.1183877551020408,0.0460775510204081,0.2584489795918367,0.0328448979591836,287.0,11.578774310952722,26.377,105.0,87.46910983053417,0.4194207074345073,1.9846343405239408,0.9521158585130984,1.4348491000000003,0.1550230414746543,1.085,16.272073732718894,0.096221198156682,23.820092165898615,12.262857142857143,0.5559447004608294,0.0534562211981566,18.16177183333334,4.210165875,24.395061555555515,188.50472222222223,186.95250000000016,207.51111111111112,197.40187500000008,206.6391666666667,42.67655977777779,1.0,381.1022222222247,487.4716666666642,639.1394444444451,65.44083333333364,1467.0857142857142,2.7829699638888914,1224.3838833333348,110112.00611111114,0.0,0.0,0.0,0.0,0.0,0.0,0.0,0.0,0.0,0.0,0.0,0.0,38.69166666666671,38.56555555555546,33.041111111111114,61.60277777777794,60.0,12.19,6.746,86.78999999999999,0.415,7.5,1.02,4.18473042777778,3.390779845249987,59.063,0.2124348576943264,43.62331104075309,0.0237679934984677,3.194177403789175,0.1187794389042209,0.1146020351150466,0.0197844674330799,0.0546675583698762,4.1397494201107286,0.2924741377850769,1.88642466518802,5701.102694444441,9.31,17.790545660154,68.34,1.13,21.22,1279.5844805555548,99.10569444444369,2233.4431000000013,92.036,2.72,1.935943060498221,10.88,5.086666666666667,79.84222222222222,54.08,9.39,33.16,69.8,0.048,2.25,0.22,0.027,0.059,5.62,0.21,1.0977498011158136,19.50673469387755,36.0365306122449,0.357673469387755,0.4476734693877551,8.23604081632653,0.2607755102040816,0.2092244897959183,0.3992244897959184,32.827673469387754,1.457673469387755,1.348636588443688,0.0,0.7507402552777781,0.2826364694444441,1.3481595277777785,1.0819217761805555,,22.0,8.0,0.0,216.9373536111112,95.5351852326389,27.318181818181817,28.25
2026-04-01 02:00:00,550.3888888888889,193.3816261111112,53.671944444444506,48.451388888888815,85.63416666666659,55.61444444444464,56.24888888888875,53.77222222222205,53.1508333333336,1.1434549316666662,6.5,4.1897142857142855,0.012,95.21104761904762,0.1360952380952381,0.1219047619047619,0.0495142857142857,0.2482857142857143,0.0314380952380952,287.0,11.5776600305284,30.791,105.0,87.47015588970804,0.4190796011821637,1.9873631905426912,0.9521840797635672,1.3982539305555557,0.1561893396976929,1.257,16.394494828957836,0.096945107398568,23.999299920445505,12.355115354017505,0.5601272871917263,0.0538583929992044,17.810668416666676,4.458550333333335,24.331066972222214,180.8108333333333,186.73861111111125,210.1847222222221,193.63166666666672,196.79250000000013,42.26292072222224,1.0,381.0361111111111,487.2666666666696,638.8311111111119,65.43916666666682,1468.7333333333331,2.746342841666666,1244.320680555557,108565.08749999994,0.0,0.0,0.0,0.0,0.0,0.0,0.0,0.0,0.0,0.0,0.0,0.0,38.43722222222217,37.91777777777789,30.47472222222223,64.81472222222219,60.0,12.19,7.742,86.78999999999999,0.415,7.5,1.02,4.229883877777775,3.398912391065967,69.30799999999999,0.2123622092687713,43.60145957176662,0.0237789865527789,3.200125238067756,0.1188131240260864,0.1149056385987187,0.0197858255901194,0.0547627979454031,4.149542909909391,0.2935931205632828,1.8889796271714667,5680.824333333338,9.31,18.72901048886108,68.34,1.13,21.22,1297.0374666666653,96.84999999999935,2213.300572222221,107.459,2.72,1.935943060498221,10.88,5.086666666666667,79.84222222222222,54.08,9.39,33.16,69.8,0.048,2.25,0.22,0.027,0.059,5.62,0.21,1.0952684713153489,19.56904761904762,35.97047619047619,0.3639047619047619,0.4578095238095238,8.18752380952381,0.26,0.21,0.4,32.84171428571428,1.4756190476190476,1.3445721508595991,0.0,1.204022039444445,0.2547990188888888,1.348215602777779,1.0687112931944436,,22.0,8.0,0.0,218.43317999999988,97.37306545972224,27.318181818181817,28.25
2026-04-01 03:00:00,549.6583333333333,197.97635583333363,53.52805555555563,48.53583333333332,83.13833333333352,55.618611111111065,54.81416666666691,53.78694444444462,53.04250000000006,1.165599207222221,6.5,4.086857142857143,0.012,95.32819047619049,0.1303809523809523,0.1276190476190476,0.0546571428571428,0.2311428571428571,0.0291523809523809,287.0,11.57496133141254,26.378,105.0,87.47268936234741,0.4182534687997574,1.993972249601941,0.9523493062400484,1.453547658333333,0.1575375939849623,1.064,16.536015037593984,0.097781954887218,24.20646616541353,12.461766917293232,0.5649624060150376,0.0543233082706766,17.810547305555563,4.549246080555554,24.50735494444445,180.39500000000012,178.51472222222236,205.61111111111092,191.45111111111115,201.2836111111111,42.08881608333332,1.0,380.8872222222209,487.10972222222273,638.5619444444435,65.38305555555566,1472.7333333333331,2.8017939027777787,1229.2702277777796,108588.81916666673,0.0,0.0,0.0,0.0,0.0,0.0,0.0,0.0,0.0,0.0,0.0,0.0,38.74111111111107,37.01250000000012,30.64416666666663,68.14222222222205,60.0,12.19,6.38,86.78999999999999,0.415,7.5,1.02,4.225914338888889,3.483019093078759,55.308,0.2078093585014825,42.54955883416504,0.0235922108917335,3.2504505677298043,0.1175211542633976,0.1182331669921168,0.0194988790048455,0.0555134881029869,4.249942865408259,0.3078919505315686,1.9025421277211247,5676.192872222219,9.31,19.17186531860339,68.34,1.13,21.22,1246.729194444445,96.83916666666612,2191.106658333332,91.864,2.72,1.935943060498221,10.88,5.086666666666667,79.84222222222222,54.08,9.39,33.16,69.8,0.048,2.25,0.22,0.027,0.059,5.62,0.21,1.093827073127325,19.62619047619048,35.94190476190476,0.3696190476190476,0.4692380952380952,8.096095238095238,0.26,0.21,0.4,32.85885714285714,1.4984761904761903,1.340217287121969,0.0,0.9345173119444428,0.2879485011111112,1.3483626833333335,1.02587207736111,,22.0,8.0,0.0,213.760411111111,97.9818671479167,27.318181818181817,28.25
2026-04-01 04:00:00,547.0,201.6308672222221,53.31277777777758,48.56138888888905,74.51444444444454,55.63222222222246,54.03361111111106,53.779166666666434,52.80166666666656,1.1744131694444444,6.151388888888889,4.0882962962962965,0.0124148148148148,95.32728888888887,0.13,0.1288296296296296,0.0545851851851851,0.23,0.0285851851851851,287.0,11.571964025279533,30.855,105.0,87.47550315994167,0.4173359261059795,2.001312591152163,0.952532814778804,1.476721966666667,0.1591004862236628,1.234,16.70006482982172,0.0987520259319287,24.44661264181524,12.585397082658025,0.5705672609400324,0.0548622366288492,18.2341816388889,4.338051397222221,23.933931250000008,164.11361111111103,167.50166666666678,188.5469444444444,174.09625,176.22277777777782,43.2413852777778,1.0,380.76638888889016,486.8602777777784,638.2836111111153,65.33833333333315,1474.2444444444443,2.826151738888887,1216.0653805555585,110782.9811111112,0.0,0.0,0.0,0.0,0.0,0.0,0.0,0.0,0.0,0.0,0.0,0.0,38.1052777777779,36.28111111111112,26.60777777777776,63.458333333333314,60.0,12.19,7.105,86.78999999999999,0.415,7.5,1.02,4.14450439722222,3.4324803844499496,67.42099999999999,0.2110114059417689,43.28293973687724,0.0237412972219338,3.2215828896041296,0.1184986873526052,0.1162106761988104,0.0197082214740214,0.0550911437089334,4.189722193381884,0.2989655448599101,1.8959700983373131,5686.354763888885,9.31,18.418603068688984,68.34,1.13,21.22,1252.0878222222227,91.34813197222132,2210.515416666664,107.557,2.72,1.935943060498221,10.88,5.086666666666667,79.84222222222222,54.08,9.39,33.16,69.8,0.048,2.25,0.22,0.027,0.059,5.62,0.21,1.0989089770865736,19.62585185185185,36.022962962962964,0.4073333333333333,0.4658518518518518,8.036074074074074,0.2724444444444444,0.2058518518518518,0.4,32.78118518518519,1.5124444444444445,1.3440482708765045,0.0,0.8229480191666683,0.3023087861111111,1.349285605555555,1.0297805222222225,,22.0,8.0,0.0,215.2097822222221,98.46608990694445,27.318181818181817,28.25
2026-04-01 05:00:00,546.2722222222222,190.0560775,52.87999999999978,48.21250000000013,71.73805555555546,55.35083333333305,53.50555555555562,53.26888888888894,52.44944444444422,1.1376663027777778,6.348611111111111,4.097185185185185,0.0128592592592592,95.31795555555556,0.13,0.1297185185185185,0.0541407407407407,0.23,0.0281407407407407,287.0,11.573888324108587,26.559,105.0,87.47369667532662,0.4179249971760985,1.996600022591212,0.9524150005647802,1.4329371861111122,0.1571181556195965,1.041,16.49198847262248,0.097521613832853,24.142017291066285,12.428587896253603,0.5634582132564842,0.054178674351585,17.814381111111107,4.328968983333333,24.60609602777777,199.96611111111105,207.19416666666672,227.0541666666667,212.40479166666665,215.4047222222221,41.99824569444447,1.0,380.6066666666689,486.66361111111166,638.0144444444423,65.03472222222254,1475.5777777777778,2.815875708333332,1183.456858333335,110123.22805555556,0.0,0.0,0.0,0.0,0.0,0.0,0.0,0.0,0.0,0.0,0.0,0.0,38.02388888888884,35.65500000000001,28.535,59.51944444444428,60.0,12.19,6.006,86.78999999999999,0.415,7.5,1.02,4.160222352777776,3.412472527472527,59.332,0.2131413065462145,43.76060742938044,0.0238684689543585,3.212691802062968,0.1192577361289017,0.1153674239870558,0.0198593676262387,0.0549770781365873,4.166081878244454,0.2948132879390548,1.8962853097822423,5671.390144444442,9.31,17.913973735586264,68.34,1.13,21.22,1286.0961472222214,94.25625305555624,2198.2274916666674,91.914,2.72,1.935943060498221,10.88,5.086666666666667,79.84222222222222,54.08,9.39,33.16,69.8,0.048,2.25,0.22,0.027,0.059,5.62,0.21,1.1044568311991991,19.621407407407407,36.11185185185185,0.4473333333333333,0.4614074074074074,7.978296296296296,0.2857777777777777,0.2014074074074074,0.4,32.69674074074074,1.525777777777778,1.3484639580233375,0.0,0.7836540186111098,0.2952708958333335,1.3830030972222194,1.0386347636111122,,22.0,8.0,0.0,210.0642125,96.93243026875,27.318181818181817,28.25
2026-04-01 06:00:00,540.0,177.71023934426205,52.50450819672125,47.9020491803279,73.72745901639344,54.7237704918033,53.23729508196728,52.853688524590176,52.10901639344263,1.1372475696721307,6.5,4.090888888888888,0.013,95.26033333333334,0.1345555555555555,0.1272666666666666,0.0476222222222222,0.2892222222222222,0.0371111111111111,287.0,11.574133829843827,26.317,105.0,87.47346620055477,0.4180001519930083,1.9959987840559328,0.9523999696013984,1.4219350450819666,0.1591325536062378,1.026,16.70343079922027,0.0987719298245613,24.451539961013644,12.58793372319688,0.5706822612085769,0.0548732943469785,18.089673893442622,4.224655627049181,24.172999262295075,172.3262295081967,168.9434426229509,193.5622950819672,178.4252049180328,178.86885245901638,42.80440045081968,1.0,380.47049180327895,486.494262295082,637.7795081967221,64.85737704918031,1474.1777777777777,2.8195024139344245,1174.776790983607,110031.29139344265,0.0,0.0,0.0,0.0,0.0,0.0,0.0,0.0,0.0,0.0,0.0,0.0,37.62581967213109,35.814754098360666,26.270491803278684,62.60163934426231,60.0,12.19,6.206,86.78999999999999,0.415,7.5,1.02,4.154222790983606,3.4144911369193154,58.896,0.2131088698723172,43.75205412931268,0.0238700590872045,3.214125747079598,0.1192598818255908,0.1154434936158652,0.0198585642488454,0.0549998302091822,4.168509406411301,0.2951013651181743,1.896870755229557,5656.885045081968,9.31,17.153480852704927,68.34,1.13,21.22,1290.0284426229512,96.52499999999986,2212.239725409837,92.174,2.72,1.935943060498221,10.88,5.086666666666667,79.84222222222222,54.08,9.39,33.16,69.8,0.048,2.25,0.22,0.027,0.059,5.62,0.21,1.1016335005116071,19.515222222222224,36.19011111111112,0.4281111111111111,0.4417777777777777,7.937222222222222,0.2672222222222222,0.1954444444444444,0.4045555555555555,32.852222222222224,1.5026666666666666,1.3432507812638117,0.0,0.9866234147540976,0.2846875118852456,1.3983931598360653,1.0068592787909834,,22.0,8.0,0.0,208.39040327868855,95.29660671311473,27.318181818181817,28.25
2026-04-01 07:00:00,532.2572614107884,190.8002970954355,52.50622406639003,48.03360995850627,72.07593360995851,54.6755186721993,53.17634854771793,52.97136929460565,52.10290456431543,1.1288346900414932,6.074688796680498,4.085076923076923,0.0130846153846153,95.18662307692308,0.1408461538461538,0.1242538461538461,0.0399153846153846,0.3616923076923077,0.0485076923076923,287.0,11.57279196458972,26.433,105.0,87.47472591079332,0.4175893769152196,1.999284984678243,0.952482124616956,1.4274152116182577,0.158585086042065,1.0459999999999998,16.645965583174,0.0984321223709369,24.367418738049714,12.544627151051628,0.5687189292543021,0.0546845124282982,18.18003659751039,4.228487082987551,24.637506099585064,179.90248962655616,188.5659751037345,199.7439834024897,189.87458506224067,191.2858921161824,42.45993419087137,1.0,380.2514522821575,486.2153526970968,637.4049792531105,64.83070539419066,1472.7615384615383,2.82577287551867,1181.6158921161816,108415.40207468884,0.0,0.0,0.0,0.0,0.0,0.0,0.0,0.0,0.0,0.0,0.0,0.0,37.83485477178412,35.876763485477134,26.56929460580915,61.8410788381741,60.0,12.19,6.458,86.78999999999999,0.415,7.5,1.02,4.350531265560167,3.687509377983904,58.648,0.2137535806847633,43.68841460919384,0.0244828297640158,3.4228752898649573,0.121721286318374,0.1254835629518483,0.0201483085527213,0.0583871572773155,4.498004535534033,0.3304553607966172,1.9930756377029053,5843.575435684651,9.31,17.21193016644896,68.34,1.13,21.22,1268.7327966804976,90.2091371369291,2218.2104273858927,92.181,2.72,1.935943060498221,10.88,5.086666666666667,79.84222222222222,54.08,9.39,33.16,69.8,0.048,2.25,0.22,0.027,0.059,5.62,0.21,1.0954755797190054,19.410307692307693,36.22461538461538,0.3874615384615384,0.4233846153846153,7.911692307692308,0.2408461538461538,0.1908461538461538,0.4091538461538461,33.06746153846154,1.4733846153846153,1.3347347744330518,0.0,0.7451554518672199,0.2985804580912864,1.398327800829875,1.00021108526971,,22.0,8.0,0.0,205.48962655601645,97.0310393651452,27.318181818181817,28.25
2026-04-01 08:00:00,539.6083333333333,167.59848250000005,52.2647222222222,47.818333333333136,72.9622222222222,54.550277777777794,52.65083333333357,52.83111111111097,51.84749999999983,1.1279674080555546,6.348611111111111,4.112769230769231,0.0135461538461538,95.14093076923076,0.1454615384615384,0.1256384615384615,0.0394538461538461,0.3709230769230769,0.051276923076923,291.84722222222223,11.669676059535004,30.839,105.0,87.37779694542624,0.4474010181912513,2.451619702324978,0.9525269950387496,1.4104103722222223,0.1336943907156672,0.517,16.862205029013538,0.0724177949709864,25.44649903288201,12.47257253384913,0.5737717601547387,0.055705996131528,18.613859583333312,3.928272891666665,24.077353888888897,147.12305555555548,136.00027777777785,151.28916666666672,148.36159722222223,159.0338888888889,43.60429219444442,1.0,380.10944444444647,486.02083333333326,637.1786111111134,64.72305555555562,1476.9153846153847,2.8088066527777764,1198.9066194444467,107103.7480555556,0.0,0.0,0.0,0.0,0.0,0.0,0.0,0.0,0.0,0.0,0.0,0.0,37.67527777777793,35.68444444444435,26.188055555555533,62.5563888888889,60.0,12.345,7.669,86.64500000000001,0.385,6.050000000000001,1.01,4.313871380555552,4.1933115858904495,69.74,0.1450057355893318,61.06178806997419,0.0193016203039862,3.626693432750215,0.0924770576426727,0.0576577287066246,0.0204951247490679,0.073596171494121,4.214752652710066,0.3411691998852882,3.6563378262116433,5724.7627277777765,9.36,15.797204978247215,68.17,1.2,21.27,1267.3317916666665,94.25625305555624,2268.737069444444,107.466,2.65,1.96830985915493,11.18,5.086666666666667,79.84222222222222,53.78,9.06,33.16,69.8,0.052,2.32,0.22,0.028,0.058,5.68,0.21,1.0917442255074166,19.52107692307692,36.08615384615385,0.3736153846153846,0.4418461538461538,7.920923076923077,0.2454615384615384,0.1954615384615384,0.4045384615384615,33.053615384615384,1.4918461538461538,1.3313830396282618,0.0,0.9087263811111116,0.282442953611111,1.398338180555554,0.9929195005555552,,22.0,8.0,0.0,206.5497086111112,95.16860448680556,27.318181818181817,28.25
2026-04-01 09:00:00,540.0,165.8823300000003,52.481666666666825,48.18083333333345,77.21750000000004,54.84499999999967,52.57944444444457,53.012222222222015,52.07583333333336,1.0942346091666662,6.848611111111111,4.140079999999999,0.0139976,95.0958424,0.15,0.126992,0.03896,0.38008,0.054048,292.0,11.67039671476472,26.543,105.0,87.37713634479901,0.4476212184003316,2.4480164261763933,0.9524669404362732,1.3818695833333343,0.0,0.0,0.0,0.0,0.0,0.0,0.0,0.0,17.813247833333353,4.223468030555559,24.15977047222221,186.1286111111112,189.09722222222223,199.7219444444445,200.29486111111112,226.23166666666648,42.441253527777775,1.0,380.053055555556,485.87361111110806,636.8861111111083,64.92138888888837,1481.064,2.7802532777777804,1190.281563888888,106209.36666666676,0.0,0.0,0.0,0.0,0.0,0.0,0.0,0.0,0.0,0.0,0.0,0.0,37.736666666666615,35.72222222222208,28.79750000000003,61.00027777777775,60.0,12.345,6.631,86.64500000000001,0.385,6.050000000000001,1.01,4.397959366666668,4.340946869968748,52.795,0.1484746661615683,60.72897547116204,0.0196141680083341,3.7906047921204657,0.090048678852164,0.0614745714556302,0.0209807368121981,0.0732248447769675,4.411689553935032,0.3603455440856142,3.482935884079932,5783.708150000006,9.36,16.870543990368795,68.17,1.2,21.27,1282.554377777777,93.47700250305392,2231.364344444446,92.195,2.65,1.96830985915493,11.18,5.086666666666667,79.84222222222222,53.78,9.06,33.16,69.8,0.052,2.32,0.22,0.028,0.058,5.68,0.21,1.088366114921176,19.63568,35.95224,0.3606399999999999,0.45984,7.929119999999999,0.24976,0.19992,0.399888,33.03344,1.50944,1.3283997757547612,0.0,0.6036072516666665,0.2876350102777775,1.3983122611111107,0.953224871875,,22.0,8.0,0.0,205.38342194444456,94.97940872500004,27.318181818181817,28.25
2026-04-01 10:00:00,541.1944444444445,172.81229833333316,53.09111111111103,48.726111111111294,86.0200000000001,55.36611111111089,53.15722222222217,53.615000000000045,52.79444444444445,1.126041604166667,6.651388888888889,4.14488,0.0138536,95.0863864,0.15,0.126512,0.03656,0.38488,0.056928,292.0,11.670479307025984,31.17,105.0,87.37706063522617,0.447646454924607,2.4476034648700677,0.9524600577478344,1.4055427916666667,0.0,0.0,0.0,0.0,0.0,0.0,0.0,0.0,17.812741000000003,4.239567247222221,24.273389944444443,164.73000000000005,153.29833333333335,162.47388888888898,165.93798611111117,183.24972222222223,42.32409611111114,1.0,379.9183333333309,485.6491666666692,636.5922222222242,65.52027777777786,1484.904,2.8039037444444426,1218.518486111112,108100.03277777776,0.0,0.0,0.0,0.0,0.0,0.0,0.0,0.0,0.0,0.0,0.0,0.0,38.0802777777778,36.1527777777778,30.843611111111123,61.2225,60.0,12.345,7.629,86.64500000000001,0.385,6.050000000000001,1.01,4.357579241666666,4.313097724524568,63.679,0.1474454686788423,60.78979647921607,0.019548108481603,3.755763438496208,0.0907592769986965,0.0604211749556368,0.0208336971372037,0.0734846834906327,4.372532074938363,0.3568154179556839,3.5378397901977108,5828.86806388889,9.36,17.06921074481574,68.17,1.2,21.27,1284.7929305555565,98.77312500000076,2250.5730305555558,107.744,2.65,1.96830985915493,11.18,5.086666666666667,79.84222222222222,53.78,9.06,33.16,69.8,0.052,2.32,0.22,0.028,0.058,5.68,0.21,1.105829378230477,19.97648,36.08664,0.39904,0.45024,7.87632,0.23536,0.19512,0.393168,32.63984,1.47584,1.3471562968273507,0.0,0.8356409061111114,0.2795012149999998,1.398228480555556,0.9472365326388889,,22.0,8.0,0.0,211.0079475000001,95.89762952916664,27.318181818181817,28.25
2026-04-01 11:00:00,542.0,177.64533777777763,53.120833333333415,48.71638888888887,80.59194444444458,55.41750000000007,53.32555555555545,53.92833333333316,53.07916666666636,1.1232107594444445,6.5,4.14968,0.0137096,95.0769304,0.15,0.126032,0.03416,0.38968,0.059808,292.0,11.670529293530857,26.866,105.0,87.37701481426338,0.4476617285788729,2.447353532345716,0.952455892205762,1.402960958333333,0.32,0.25,0.0,0.54,1.14,0.0,96.49,0.1,17.675347833333326,4.212384241666661,24.169729694444435,173.81805555555547,161.4972222222221,185.94305555555567,178.8392361111111,194.0986111111111,42.24243386111109,1.0,379.31500000000005,485.3174999999979,636.2316666666665,65.68583333333332,1488.744,2.801307641666664,1212.6320611111069,107981.83083333334,0.0,0.0,0.0,0.0,0.0,0.0,0.0,0.0,0.0,0.0,0.0,0.0,37.57083333333331,35.24111111111115,32.25888888888888,52.102777777777696,60.0,12.345,6.408,86.64500000000001,0.385,6.050000000000001,1.01,4.406809211111114,4.155433133664794,58.931,0.1453353922383805,61.15355144151635,0.0192445402250089,3.597400688941304,0.0922784273132986,0.057763316420899,0.0205509154774227,0.0730738769068911,4.1707598717143775,0.3359654341518047,3.628609730023248,5886.55354166667,9.36,17.147216229000044,68.17,1.2,21.27,1284.8956777777776,96.52500000000065,2248.651772222222,92.811,2.65,1.96830985915493,11.18,5.086666666666667,79.84222222222222,53.78,9.06,33.16,69.8,0.052,2.32,0.22,0.028,0.058,5.68,0.21,1.123292641539777,20.31728,36.22104,0.43744,0.44064,7.82352,0.22096,0.19032,0.386448,32.24624,1.44224,1.3659128178999405,0.0,0.7879075133333339,0.2797501869444443,1.398230875,0.9478151684722222,,22.0,8.0,0.0,210.66718805555536,96.53800725555554,27.318181818181817,28.25
2026-04-01 13:00:00,540.0,176.84215861111127,53.74333333333345,49.62472222222222,87.82194444444453,56.63222222222214,55.10444444444432,55.17777777777754,53.62138888888912,1.1317868294444442,6.5,4.335833333333333,0.0138966666666666,94.84296166666668,0.1525833333333333,0.1108416666666666,0.0336416666666666,0.4413333333333333,0.0689083333333333,292.0,11.666863393538538,31.448,105.0,87.38037522258968,0.4465415924701093,2.465683032307301,0.9527613838717884,1.4176688805555553,0.32,0.307,0.0,0.54,1.14,0.0,96.49,0.1,17.782021361111084,4.017513805555555,23.965880888888897,171.27583333333337,154.3969444444445,169.02083333333334,172.64861111111108,195.9008333333332,42.5927036388889,1.0,379.51750000000095,485.1163888888914,635.792222222225,66.31944444444437,1500.9083333333333,2.815931966666668,1201.6044611111122,110369.76666666662,0.0,0.0,0.0,0.0,0.0,0.0,0.0,0.0,0.0,0.0,0.0,0.0,37.45305555555559,32.8463888888889,28.228888888888857,64.62361111111112,60.0,12.345,7.234,86.64500000000001,0.385,6.050000000000001,1.01,4.360560863888894,4.167668030476081,69.169,0.1451534647023955,61.12351718255288,0.0192615478032066,3.606072951755844,0.0923934132342523,0.0576621029652011,0.0205217366161141,0.0732807818531423,4.184565484537872,0.3376638233890904,3.642033280804985,5953.354705555548,9.36,17.06968935993763,68.17,1.2,21.27,1300.7713444444437,96.52500000000065,2246.837258333333,107.553,2.65,1.96830985915493,11.18,5.086666666666667,79.84222222222222,53.78,9.06,33.16,69.8,0.052,2.32,0.22,0.028,0.058,5.68,0.21,1.1059314940557303,20.346833333333333,36.06208333333333,0.2919166666666666,0.4145,7.824833333333333,0.1996666666666666,0.1874166666666666,0.3739916666666666,32.61083333333333,1.3931666666666669,1.345886393183278,0.0,0.7536265413888884,0.2858820380555553,1.3982164250000009,0.953818843680556,,22.0,8.0,0.0,212.4065325000002,96.43158601597224,27.318181818181817,28.25
2026-04-01 14:00:00,538.1666666666666,171.5569797222222,53.89305555555555,49.80333333333302,87.56888888888886,57.21527777777789,55.98138888888893,55.81305555555552,53.95861111111103,1.085410167777778,6.5,4.385833333333333,0.0136966666666666,94.69966166666666,0.1575833333333333,0.1163416666666666,0.0271416666666666,0.5213333333333334,0.0784083333333333,292.0,11.670975013678644,27.415,105.0,87.37660623746123,0.447797920846252,2.4451249316067845,0.9524187488601128,1.3841014305555563,0.32,0.269,0.0,0.54,1.14,0.0,96.49,0.1,17.807991333333362,3.906973402777778,23.766999472222203,192.0369444444444,186.85416666666677,193.49222222222204,196.68076388888883,214.33972222222215,42.834074138888894,1.0,379.4377777777765,484.9127777777746,635.6158333333362,66.47388888888885,1510.4083333333333,2.7825158444444438,1185.8086666666666,109243.33722222224,0.0,0.0,0.0,0.0,0.0,0.0,0.0,0.0,0.0,0.0,0.0,0.0,37.11305555555569,32.15888888888886,27.67972222222227,66.4138888888889,60.0,12.345,6.25,86.64500000000001,0.385,6.050000000000001,1.01,4.401231466666669,4.10301806284047,59.293,0.1445104818443998,61.27383552864588,0.0191412814328841,3.543462128750442,0.0928666115730356,0.0567699391159158,0.0204386521174506,0.0729997989644646,4.103020086688142,0.3290626380854401,3.666093805339584,5942.636194444448,9.36,16.559537467687484,68.17,1.2,21.27,1318.5550888888897,96.52500000000065,2249.851602777778,92.458,2.65,1.96830985915493,11.18,5.086666666666667,79.84222222222222,53.78,9.06,33.16,69.8,0.052,2.32,0.22,0.028,0.058,5.68,0.21,1.122968783868997,20.456833333333336,36.33708333333333,0.2569166666666667,0.3845,7.814833333333333,0.1796666666666666,0.1824166666666666,0.3584916666666666,32.36083333333333,1.2831666666666666,1.3644680145295949,0.0,0.4649643078611106,0.2986912783333333,1.3982664750000016,0.9432571699999998,,22.0,8.0,0.0,210.32612333333336,95.73129981319444,27.318181818181817,28.25
2026-04-01 15:00:00,537.0,179.187612777778,53.95277777777749,49.78027777777774,78.93583333333339,57.32805555555564,56.7963888888888,55.99694444444436,53.96944444444458,1.0941670597222215,6.152777777777778,4.35048,0.0132528,94.7852512,0.15256,0.116024,0.028712,0.48312,0.0706,292.0,11.669532563613943,26.763,105.0,87.37792848335388,0.4473571722153719,2.452337181930277,0.9525389530321712,1.3799840124999996,0.32,0.272,0.0,0.54,1.14,0.0,96.49,0.1,17.50470194444445,3.929591022222224,23.88618858333332,180.48666666666657,176.83694444444444,187.1225,185.3639583333333,197.00972222222225,42.2907934722222,1.0,379.39888888888646,484.7283333333356,635.3991666666617,66.51888888888872,1505.824,2.7782921222222217,1214.367672222222,110105.74166666664,0.0,0.0,0.0,0.0,0.0,0.0,0.0,0.0,0.0,0.0,0.0,0.0,37.21027777777766,30.63527777777785,27.87333333333332,58.01249999999998,60.0,12.345,6.223,86.64500000000001,0.385,6.050000000000001,1.01,4.322705777777778,4.10339301580915,59.649,0.1445355328672735,61.2730751563312,0.0191423829402001,3.544048349511308,0.0928495029254472,0.0567940786936914,0.0204422873811799,0.0729906325336552,4.1036072691914365,0.3291075625743935,3.664691780247783,5871.860327777778,9.36,16.372149439347865,68.17,1.2,21.27,1332.8338527777782,91.36875694444356,2266.0305861111133,92.56,2.65,1.96830985915493,11.18,5.086666666666667,79.84222222222222,53.78,9.06,33.16,69.8,0.052,2.32,0.22,0.028,0.058,5.68,0.21,1.1051894204747643,20.29672,36.13272,0.28464,0.39976,7.72072,0.19728,0.18744,0.355712,32.72856,1.30936,1.3413657550830045,0.0,0.8250578907222224,0.2858169402777779,1.3982767055555567,1.0439532930555546,,22.0,8.0,0.0,215.5959119444445,96.7423586930556,27.318181818181817,28.25
2026-04-01 16:00:00,539.4444444444445,169.91925472222226,54.15444444444488,49.82444444444435,88.08333333333343,57.46111111111107,57.2583333333333,55.69916666666667,54.12305555555584,1.1177958436111102,6.697222222222222,4.23528,0.0125808,95.0849632,0.13816,0.110264,0.037832,0.33432,0.0466,292.0,11.655154985445124,31.261,105.0,87.40734909311922,0.4400489427721442,1.849592143565465,0.9374959214356546,1.405984319444444,0.32,0.485,0.0,0.54,1.14,0.0,96.49,0.1,17.909239861111104,3.87433287777778,23.99720286111109,160.86361111111117,160.9636111111111,155.74972222222218,163.94597222222225,178.20694444444453,42.737197,1.0,379.28888888888935,484.59055555555767,635.1922222222249,66.5686111111109,1488.064,2.804165002777782,1219.5030972222223,110925.3927777778,0.0,0.0,0.0,0.0,0.0,0.0,0.0,0.0,0.0,0.0,0.0,0.0,36.60305555555557,30.709444444444543,25.421111111111127,73.11638888888895,60.0,12.345,7.821,86.64500000000001,0.385,6.050000000000001,1.01,4.304424344444444,4.100875921908893,69.15,0.1446776572668112,61.27980130151844,0.0191408676789587,3.5433596529284164,0.0927553145336225,0.0569080260303687,0.0204637744034707,0.0728950542299349,4.101327982646421,0.3287337960954447,3.655731019522776,5900.774344444444,9.38,16.899107593807997,68.18,1.22,21.22,1316.2303333333343,99.453753027778,2268.732791666669,108.052,2.76,1.940409683426443,11.21,5.086666666666667,79.84222222222222,53.74,9.12,33.16,69.8,0.051,2.18,0.22,0.026,0.057,5.8,0.22,1.0548396395638382,19.88392,35.47992,0.37104,0.45736,7.54792,0.25008,0.20184,0.364832,33.67416,1.46296,1.2792688974753077,0.0,0.8848090491666663,0.2881884208333333,1.3981187861111122,1.2602405847916665,,22.0,8.0,0.0,216.7265897222224,95.51430125069444,27.318181818181817,28.25
2026-04-01 17:00:00,540.5222222222222,173.6536155555553,54.06888888888905,49.98388888888896,89.25277777777775,57.52222222222228,57.20083333333371,55.4191666666664,54.58083333333365,1.1071549530555556,6.651388888888889,4.172363636363636,0.0122236363636363,95.25004909090907,0.1323636363636363,0.1055818181818181,0.0437090909090909,0.25,0.0337090909090909,292.0,11.65375480787184,26.779,105.0,87.40871242391425,0.4396067814332126,1.8532768213898951,0.937532768213899,1.3920724833333329,0.32,0.455,0.0,0.54,1.14,0.0,96.49,0.1,17.879026777777746,3.9517987999999984,24.013624222222248,169.2249999999999,181.10194444444448,188.9358333333334,183.11798611111112,193.2091666666667,42.68049072222225,1.0,379.18944444444384,484.40888888888526,634.9341666666623,66.76694444444412,1477.7636363636364,2.7903082694444463,1210.0536611111104,110716.22805555558,0.0,0.0,0.0,0.0,0.0,0.0,0.0,0.0,0.0,0.0,0.0,0.0,36.8108333333334,30.68444444444448,25.45111111111108,74.69666666666673,60.0,12.345,7.001,86.64500000000001,0.385,6.050000000000001,1.01,4.299701958333329,4.128953869550523,59.18,0.1448938830686042,61.214187563366,0.0191919060493409,3.569892531260561,0.0925922608989523,0.057239438999662,0.0204905373436971,0.0730489996620479,4.1364060493409935,0.3324840148698884,3.6490131801284216,5882.271577777776,9.38,17.152310275970844,68.18,1.22,21.22,1326.9404138888897,98.77312500000076,2253.9041083333336,92.655,2.76,1.940409683426443,11.21,5.086666666666667,79.84222222222222,53.74,9.12,33.16,69.8,0.051,2.18,0.22,0.026,0.057,5.8,0.22,1.0243672700757842,19.68072727272727,35.05563636363637,0.4483636363636363,0.4876363636363636,7.428727272727273,0.2847272727272727,0.2076363636363636,0.37,34.22181818181818,1.5476363636363637,1.2414438090665738,0.0,0.696812315,0.2849175227777778,1.398192333333334,1.238166463888888,,22.0,8.0,0.0,216.3040486111112,96.00910406111107,27.318181818181817,28.25
2026-04-01 18:00:00,542.7388888888889,181.77629555555555,53.53972222222241,49.82999999999971,94.33750000000002,57.323333333333416,57.22194444444456,55.23500000000006,54.60388888888891,1.1273059019444436,6.5,4.177818181818181,0.0122781818181818,95.23908545454546,0.1378181818181818,0.1023090909090909,0.0453454545454545,0.25,0.0353454545454545,290.725,11.655070245489505,27.048,105.0,87.40743160307602,0.4400221827861579,1.849815143448684,0.9374981514344868,1.387896161111112,0.2825,0.8640000000000001,14.1890625,0.3478125,22.018125,10.4953125,51.74312499999999,0.0999999999999999,17.348693444444436,4.155767744444447,24.38886522222224,180.11277777777778,189.2616666666668,193.49333333333328,191.62381944444445,203.62749999999983,41.56658530555556,1.0,379.1005555555566,484.2125000000021,634.7005555555584,66.78527777777752,1477.2181818181818,2.785919769444445,1220.971519444446,110846.36972222233,0.0,0.0,0.0,0.0,0.0,0.0,0.0,0.0,0.0,0.0,0.0,0.0,35.93805555555531,30.74944444444448,26.478888888888847,78.75750000000006,60.0,12.345,6.966,86.64500000000001,0.385,6.050000000000001,1.01,4.265370805555555,4.149384599454664,57.946000000000005,0.145415386739378,61.16834742691471,0.0192359438097539,3.593009353536051,0.0922282815034687,0.0578045076450488,0.0205638698098229,0.0729766251337452,4.163881544886618,0.3351281192834707,3.622562385669416,5840.205377777781,9.38,17.46817182202684,68.18,1.22,21.22,1333.5659166666678,96.09708333333326,2246.5982833333333,91.961,2.76,1.940409683426443,11.21,5.086666666666667,79.84222222222222,53.74,9.12,33.16,69.8,0.051,2.18,0.22,0.026,0.057,5.8,0.22,1.0198884386022549,19.751636363636365,34.93018181818182,0.5138181818181818,0.4821818181818181,7.379636363636364,0.2956363636363636,0.2021818181818181,0.37,34.24909090909091,1.5421818181818183,1.235358726533407,0.0,0.8212938883333332,0.2605902605555556,1.398083819444445,1.190464189861112,,22.0,8.0,0.0,217.5918083333333,96.76660916111112,27.318181818181817,28.25
2026-04-01 19:00:00,545.2333333333333,183.43150527777772,53.25805555555549,49.803333333333015,95.90722222222227,57.13527777777781,56.59472222222209,55.28333333333312,54.51194444444441,1.1502329944444432,6.5,4.2088,0.0123,95.10294,0.1436,0.10496,0.0409599999999999,0.3399999999999999,0.0464399999999999,289.0,11.654334826215855,31.706000000000003,105.0,87.40814766921086,0.4397899451207973,1.851750457326689,0.9375175045732668,1.4168194694444445,0.261910569105691,1.968,21.979588414634147,0.2422916666666667,33.4812906504065,16.25777947154472,27.174786585365855,0.1,17.625723749999995,4.171521311111109,24.130980222222195,164.6819444444445,170.25194444444455,180.19750000000016,176.78840277777783,192.02222222222215,42.21020572222228,1.0,378.941944444442,483.9997222222205,634.4644444444411,66.80944444444408,1485.28,2.815148316666665,1220.179658333333,111273.92722222222,0.0,0.0,0.0,0.0,0.0,0.0,0.0,0.0,0.0,0.0,0.0,0.0,35.75861111111089,33.41250000000001,28.039722222222235,70.60638888888872,60.0,12.345,8.101,86.64500000000001,0.385,6.050000000000001,1.01,4.210447922222226,4.133733052080302,68.74000000000001,0.1455205120744835,61.20610197846959,0.0192117689845795,3.580580157113761,0.0921671515856851,0.0578204829793424,0.0205823247017748,0.0727765528076811,4.145536950829211,0.332985132382892,3.6129458830375327,5792.123988888888,9.38,17.58649556850694,68.18,1.22,21.22,1311.9169583333332,95.875,2241.2226472222223,106.568,2.76,1.940409683426443,11.21,5.086666666666667,79.84222222222222,53.74,9.12,33.16,69.8,0.051,2.18,0.22,0.026,0.057,5.8,0.22,1.0530907594986334,19.8412,35.4164,0.4788,0.4548,7.5652,0.2748,0.1964,0.3664,33.666,1.4572,1.2781242417553738,0.0,0.7591628049999981,0.2665864880555555,1.3981278361111111,1.177388456666666,,22.0,8.0,0.0,216.79605055555555,96.55467444930557,27.318181818181817,28.25
2026-04-01 20:00:00,543.5333333333333,190.70376166666648,52.87805555555526,49.63305555555567,94.48611111111111,56.8861111111111,55.26944444444445,55.29833333333298,54.503055555555655,1.1345067266666664,6.151388888888889,4.2568,0.0123,94.88334,0.1495999999999999,0.11156,0.03256,0.49,0.06384,289.0,11.654947118417637,26.947,105.0,87.40755148996178,0.4399833005529373,1.8501391620588563,0.9375013916205888,1.4316372861111106,0.2602368137782562,1.858,22.612895586652314,0.233713670613563,34.413153928955865,16.72622174381055,25.1775780409042,0.1,17.569010222222207,4.133688586111109,24.337336166666653,195.14416666666665,212.23083333333335,226.19638888888895,212.42180555555564,216.11583333333343,41.9259539166667,1.0,378.77388888888873,483.7991666666691,634.236111111115,66.73277777777776,1499.08,2.8298610194444414,1212.5024555555533,110049.74527777793,0.0,0.0,0.0,0.0,0.0,0.0,0.0,0.0,0.0,0.0,0.0,0.0,35.9486111111111,35.02416666666658,30.721944444444485,67.66777777777769,60.0,12.345,6.687,86.64500000000001,0.385,6.050000000000001,1.01,4.281271247222222,4.123898474576271,59.0,0.1454674576271186,61.22920237288135,0.0191943220338983,3.57152406779661,0.0922089830508474,0.0577245762711864,0.0205763050847457,0.0727111477966101,4.133372033898304,0.3316663050847457,3.61395593220339,5816.079763888888,9.38,17.28366732628489,68.18,1.22,21.22,1282.370277777778,90.63097222222204,2234.4330916666686,91.142,2.76,1.940409683426443,11.21,5.086666666666667,79.84222222222222,53.74,9.12,33.16,69.8,0.051,2.18,0.22,0.026,0.057,5.8,0.22,1.1114138486416176,19.9432,36.3104,0.3768,0.4127999999999999,7.9072,0.2328,0.1904,0.3604,32.676,1.3192,1.3534568221474297,0.0,0.536530676027778,0.2971305858333331,1.3982851305555564,1.1361866534722225,,22.0,8.0,0.0,212.49766083333336,97.51824842083332,27.318181818181817,28.25
2026-04-01 21:00:00,540.0,171.7000441666666,52.61000000000018,49.4447222222221,92.24888888888884,56.35777777777742,54.46888888888878,55.28444444444404,54.4675,1.151185438333333,6.348611111111111,4.229454545454545,0.0126563636363636,94.92332545454546,0.15,0.1094545454545454,0.032,0.4796363636363636,0.0634727272727272,289.0,11.654104467975207,30.976,105.0,87.40837196539256,0.4397172004132231,1.8523566632231403,0.9375235666322314,1.43053841388889,0.2525893635571055,2.294,25.506499564080208,0.1945204882301656,38.67087183958152,18.8665518744551,16.05225806451613,0.1,17.520351250000033,4.1633712583333295,24.425323361111133,171.33833333333325,171.0169444444443,168.96222222222218,170.94090277777772,172.44611111111115,41.76974558333333,1.0,378.6444444444447,483.5555555555555,633.9941666666651,66.68916666666642,1493.8909090909092,2.828571061111112,1188.4318916666664,108867.58722222217,0.0,0.0,0.0,0.0,0.0,0.0,0.0,0.0,0.0,0.0,0.0,0.0,36.16638888888897,35.7916666666666,29.850833333333355,63.60111111111105,60.0,12.345,7.651,86.64500000000001,0.385,6.050000000000001,1.01,4.306634961111114,4.111015302475529,68.551,0.1453939402780411,61.259442604776,0.0191713906434625,3.5596186780645067,0.0922664877244679,0.0575953669530714,0.0205678254146547,0.072627501859929,4.117414625607212,0.3299395924202419,3.6155169144140857,5773.184730555553,9.38,16.045636216332607,68.18,1.22,21.22,1270.231905555556,93.45155555555571,2234.6824249999977,106.319,2.76,1.940409683426443,11.21,5.086666666666667,79.84222222222222,53.74,9.12,33.16,69.8,0.051,2.18,0.22,0.026,0.057,5.8,0.22,1.102462699407484,20.143454545454546,36.1510909090909,0.3343636363636363,0.41,7.782363636363636,0.2249090909090909,0.1950909090909091,0.3701818181818181,32.79327272727273,1.3252727272727274,1.339809973707981,0.0,0.7229070205555549,0.2793529330555553,1.3981736500000002,1.0941973029166654,,22.0,8.0,0.0,206.60819499999997,95.00025585208331,27.318181818181817,28.25
2026-04-01 22:00:00,540.0,165.29778499999964,52.030000000000086,49.14555555555559,88.10750000000007,55.72611111111114,54.27000000000008,55.22055555555573,54.34611111111091,1.1246792305555562,6.847222222222222,4.210736842105264,0.013,94.96393684210526,0.15,0.1071263157894736,0.0318736842105263,0.4612631578947369,0.0620631578947368,289.0,11.653560169748408,26.392,105.0,87.40890193998182,0.4395453167626554,1.8537890269778723,0.9375378902697786,1.426604599999998,0.2527355163727959,1.985,25.451198992443324,0.1952695214105793,38.589501259445846,18.825647355163728,16.22665491183879,0.1,17.84114627777778,4.006606863888894,24.17848238888885,166.76027777777762,174.4525,197.9227777777778,179.11062499999997,177.30694444444444,42.459655416666656,1.0,378.4147222222204,483.32027777778,633.8299999999991,66.4947222222222,1488.5684210526315,2.824805422222223,1185.604694444445,110310.64638888888,0.0,0.0,0.0,0.0,0.0,0.0,0.0,0.0,0.0,0.0,0.0,0.0,36.47166666666681,36.56972222222213,34.5602777777778,61.62083333333323,60.0,12.345,6.763,86.64500000000001,0.385,6.050000000000001,1.01,4.21952256111111,4.101572614246192,60.002,0.1446721775940802,61.27811656278124,0.0191419286023799,3.5439045365154502,0.0927585747141762,0.0569066031132295,0.0204628345721809,0.072904365187827,4.102140261991266,0.3288293723542548,3.6562064597846735,5752.513597222221,9.38,16.660547414355626,68.18,1.22,21.22,1289.982655555555,94.07611477570654,2237.897386111108,90.881,2.76,1.940409683426443,11.21,5.086666666666667,79.84222222222222,53.74,9.12,33.16,69.8,0.051,2.18,0.22,0.026,0.057,5.8,0.22,1.0908994529291058,20.306631578947368,35.948842105263154,0.3,0.4106315789473684,7.668421052631579,0.22,0.1993684210526315,0.3806315789473684,32.95357894736842,1.3418947368421053,1.323610474739757,0.0,0.5221836471555551,0.3019253961111111,1.3981850749999998,1.0838531377777774,,22.0,8.0,0.0,209.50418083333344,94.15195651249996,27.318181818181817,28.25
2026-04-01 23:00:00,536.9333333333333,172.19503222222295,51.77333333333366,49.0644444444445,89.15277777777783,55.389722222221785,54.55555555555575,55.21916666666667,54.18833333333341,1.1217897102777776,6.651388888888889,4.318105263157895,0.013,94.84330526315787,0.15,0.1083894736842105,0.0306105263157894,0.4738947368421052,0.0626947368421052,289.0,11.65650015183723,26.344,105.0,87.40603932584268,0.4404737321591254,1.8460522320072883,0.9374605223200728,1.4252420361111104,0.2529512317747612,1.989,25.369577677224736,0.196375062845651,38.46940170940171,18.765274007038716,16.484057315233784,0.1,17.87041836111109,4.124123875,24.171826722222203,179.22972222222194,195.1316666666667,208.3841666666667,194.45249999999996,195.06444444444443,42.50632544444447,1.0,378.2549999999997,483.0872222222223,633.6647222222244,66.44083333333344,1494.252631578947,2.8232622666666662,1188.0900777777745,111088.028888889,0.0,0.0,0.0,0.0,0.0,0.0,0.0,0.0,0.0,0.0,0.0,0.0,36.90138888888875,36.742222222222125,31.69055555555557,63.37277777777781,60.0,12.345,6.863,86.64500000000001,0.385,6.050000000000001,1.01,4.185209047222224,4.459602410722317,55.585,0.1423513537824952,60.41491823333633,0.0196965188450121,3.829101016461275,0.0941003867949986,0.056615813618782,0.0200530898623729,0.077438534856526,4.522223261671313,0.3778307636952415,3.871215255914365,5750.61933611111,9.38,16.8593477459388,68.18,1.22,21.22,1303.1603500000003,97.90844444444473,2232.0278833333336,93.357,2.76,1.940409683426443,11.21,5.086666666666667,79.84222222222222,53.74,9.12,33.16,69.8,0.051,2.18,0.22,0.026,0.057,5.8,0.22,1.0990750559235296,20.07294736842105,36.037263157894735,0.3,0.4169473684210526,7.952631578947368,0.22,0.1930526315789473,0.3869473684210526,32.78936842105263,1.360842105263158,1.3416381824042354,0.0,0.4609640199722221,0.3034523224999998,1.3981061111111108,1.0782442230555542,,22.0,8.0,0.0,211.0527055555557,95.06584176944456,27.318181818181817,28.25
2026-04-02 00:00:00,531.6601671309193,172.75082896935928,51.76295264623964,49.21114206128152,80.25543175487468,55.54456824512532,54.56211699164359,55.0284122562674,54.2222841225628,1.156513458495822,6.151810584958217,4.392842105263158,0.0133263157894736,94.79381052631578,0.15,0.1086736842105263,0.03,0.4506315789473684,0.0607157894736842,289.0,11.686101058044102,30.339,105.0,87.36149609413627,0.4254533768416889,1.9961139127855236,0.952402847819638,1.4378474958217269,0.4379245283018867,2.067,25.19621190130624,0.3380986937590711,37.38458635703919,18.25094339622641,17.760478955007255,0.1825834542815674,18.30165827298051,3.937587044568245,23.804985459610048,163.51587743732594,164.08718662952646,177.29749303621196,169.89428969359338,174.6766016713092,43.46428961002782,1.0,378.1295264623967,482.8894150417794,633.4782729805002,66.47938718662975,1495.3684210526317,2.836083339832874,1208.5073732590529,109044.82367688025,0.0,0.0,0.0,0.0,0.0,0.0,0.0,0.0,0.0,0.0,0.0,0.0,37.5997214484679,35.59164345403901,33.76378830083564,58.60501392757666,60.0,12.15,7.693,86.82,0.42,6.5,1.03,4.245742192200559,4.374593564834919,71.389,0.1291565927523848,60.03262883637535,0.0250398100547703,4.024229503144742,0.0860038661418425,0.0805500847469498,0.015415778341201,0.0662542968804718,4.7563191808261776,0.3399141044138453,3.416275616691647,5724.485284122558,9.56,15.643391167310217,68.08,1.04,21.32,1265.537735376045,90.5546518105848,2281.357139275767,106.116,2.75,1.940409683426443,11.23,5.086666666666667,79.84222222222222,53.74,9.74,33.16,69.8,0.049,2.34,0.22,0.027,0.058,5.66,0.22,1.0998820017243522,19.842526315789478,36.073473684210526,0.2934736842105263,0.4167368421052631,8.145473684210526,0.2167368421052631,0.1932631578947368,0.39,32.79810526315789,1.3634736842105264,1.3482282963219685,0.0,0.6708304284122558,0.2813340194986068,1.3980725403899712,1.0486694425487453,,22.0,8.0,0.0,209.54627715877467,95.1394848384401,27.318181818181817,28.25
2026-04-02 01:00:00,530.25,165.50509833333354,51.62694444444455,48.98083333333327,65.01222222222215,55.5511111111113,54.7341666666667,54.3727777777777,53.87361111111098,1.110936616388889,6.347222222222222,4.437052631578948,0.0139578947368421,94.81086315789472,0.15,0.1080421052631579,0.03,0.3937894736842105,0.0562947368421052,289.0,11.685633147113592,25.776,105.0,87.36192271880817,0.4252607076350093,1.9977653631284915,0.9524441340782122,1.3775285222222229,0.4435937499999999,1.664,24.75270432692308,0.3537980769230769,36.74730769230769,17.9296875,19.115132211538462,0.1811298076923077,17.799238333333335,4.036514561111109,24.080681305555537,183.81638888888892,177.18361111111105,188.765,188.17131944444444,202.92027777777776,42.50211113888886,1.0,377.9408333333314,482.7222222222241,633.3691666666618,66.3197222222219,1492.2105263157894,2.755686494444441,1209.2209416666667,107527.80658333332,0.0,0.0,0.0,0.0,0.0,0.0,0.0,0.0,0.0,0.0,0.0,0.0,38.64666666666644,35.29694444444447,40.057499999999976,42.50361111111109,60.0,12.15,6.694,86.82,0.42,6.5,1.03,3.714504152777776,3.966280024100703,61.40899999999999,0.1232345421680861,60.94717842661501,0.0239563581885391,3.6975912325554887,0.0844324121871387,0.0701073132602713,0.0152192349655587,0.0605840837662232,4.2700452702372615,0.2860631992053282,3.218959761598463,4970.413211111107,9.56,15.463325231837082,68.08,1.04,21.32,1304.6778222222215,93.43111111111126,2252.671638888889,90.284,2.75,1.940409683426443,11.23,5.086666666666667,79.84222222222222,53.74,9.74,33.16,69.8,0.049,2.34,0.22,0.027,0.058,5.66,0.22,1.0937956875698704,19.615157894736843,36.06084210526316,0.2808421052631579,0.4104210526315789,8.252842105263158,0.2104210526315789,0.199578947368421,0.39,32.96863157894737,1.350842105263158,1.3441187257669394,0.0,0.8040943244444447,0.2665919113888887,1.3782788333333318,1.0665574416666668,,22.0,8.0,0.0,212.01341416666668,94.17942552916668,27.318181818181817,28.25
2026-04-02 10:00:00,549.0,224.87176528925613,44.422314049586745,43.00165289256197,64.84958677685951,48.496694214876,47.12314049586775,46.50909090909092,47.34628099173556,1.0146516669421488,6.776859504132231,4.15921052631579,0.0117847368421052,95.31286263157897,0.1118421052631579,0.1077736842105263,0.056078947368421,0.2117894736842105,0.0286578947368421,289.0,11.680657823982791,44.632,105.0,87.36645904283921,0.4232120451693851,2.0153253271195557,0.9528831331779888,1.2345512966942145,0.5436858860983375,2.827,16.922419525999292,0.6309762999646268,25.4959250088433,12.25779978776088,43.03201980898479,0.1554651574106827,16.304809421487622,4.675136818181816,24.31072074380165,143.76280991735538,146.00495867768595,161.93388429752065,151.99628099173557,156.2834710743802,40.14426396694217,1.0,377.9305785123973,482.3950413223148,632.3958677685958,61.80661157024796,1413.061818181818,2.448897041322313,1225.5431900826443,96874.08834710743,0.0,0.0,0.0,0.0,0.0,0.0,0.0,0.0,0.0,0.0,0.0,0.0,36.85454545454543,36.61322314049591,34.99504132231405,44.48099173553719,60.0,12.15,4.034,86.82,0.42,6.5,1.03,2.5695864876033068,3.99738064221232,43.755,0.1213762998514455,60.84229368072221,0.0238443149354359,3.750146497543138,0.0831696948920123,0.07242509427494,0.0153736487258599,0.0609361215861044,4.331089475488516,0.291428431036453,3.178653868129357,3012.322669421487,9.3,18.515680971709585,69.365,1.29,20.14,1311.564834710744,82.33884297520663,2091.2391570247933,89.575,2.75,1.940409683426443,11.23,5.086666666666667,79.84222222222222,53.74,9.74,33.16,69.8,0.049,2.34,0.22,0.027,0.058,5.66,0.22,1.0729550123169844,20.103789473684213,35.07526315789474,0.6148947368421053,0.6015263157894737,8.15663157894737,0.3077894736842105,0.2477894736842105,0.3792631578947368,32.69078947368421,1.5333684210526315,1.3224655916802508,0.0,1.5283588983471073,0.2198996438016527,1.214363033057851,24.952168638016538,,22.0,8.0,0.0,208.7332652892562,102.04550890082643,27.318181818181817,28.25
2026-04-02 17:00:00,549.5934959349594,126.21095650406504,51.51626016260164,47.58943089430901,80.0991869918699,54.23983739837398,53.42682926829266,52.869105691056944,52.81219512195129,1.0564564268292682,6.654471544715447,4.18,0.012,95.378,0.1,0.104,0.085,0.13,0.011,350.0,11.688178828115484,32.836,105.0,87.35960165671824,0.4263089292240224,1.988780606651236,0.952219515166281,1.3279179024390246,0.2076190476190476,3.885,17.12015444015444,0.0841698841698841,25.262187902187907,12.4010296010296,0.8585328185328186,0.1122265122265122,17.870723983739847,3.215710650406504,23.04433422764228,148.51219512195115,150.75040650406504,157.87886178861788,156.60020325203251,169.259349593496,43.6722293495935,1.0,376.7471544715441,481.800000000001,632.6975609756083,65.19837398373998,1414.0,2.6756341382113824,1190.2228699186985,112369.874796748,0.0,0.0,0.0,0.0,0.0,0.0,0.0,0.0,0.0,0.0,0.0,0.0,34.648780487804814,32.097560975609774,31.196747967479677,56.452845528455306,60.0,12.15,7.574,86.82,0.42,6.5,1.03,3.1443021707317063,4.12664361341316,67.814,0.1231297372224024,60.55091662488573,0.0241770873271006,3.8550072256466223,0.0835945380010027,0.0758110419677352,0.0154431975698233,0.0627269885274427,4.486294422980507,0.3085428230158965,3.238211873654408,4327.216804878049,9.3,11.758141061626675,69.365,1.29,20.14,1414.325227642276,93.16260162601624,2317.399227642276,89.52,2.75,1.940409683426443,11.23,5.086666666666667,79.84222222222222,53.74,9.74,33.16,69.8,0.049,2.34,0.22,0.027,0.058,5.66,0.22,1.070948012232416,20.12,35.02,0.63,0.61,8.15,0.31,0.25,0.38,32.7,1.54,1.320183486238532,0.0,1.0326332691056914,0.2714614317073171,1.3478925853658537,23.459675397357728,,22.0,8.0,16.545,223.0041349593496,104.22295173678862,27.318181818181817,28.25
2026-04-02 18:00:00,549.344262295082,136.62854672131155,52.38278688524591,47.64918032786883,85.03852459016393,54.19426229508191,54.039344262295046,52.88770491803282,52.94918032786895,1.1013892836065564,6.151639344262295,4.18,0.012,95.378,0.1,0.104,0.085,0.13,0.011,350.0,11.688945978217609,27.637,105.0,87.358902196331,0.426624814560191,1.9860730180555053,0.9521518254513875,1.38340943442623,0.2021893147502903,3.444,16.672421602787455,0.0819686411149825,24.60152148664344,12.0767131242741,0.8360801393728223,0.1092915214866434,18.23841680327869,3.588176401639343,23.75391360655737,147.12868852459022,173.8680327868852,173.69590163934436,168.82090163934427,180.59098360655727,43.44421196721311,1.0,376.6254098360648,481.709016393442,632.6032786885241,65.16229508196714,1414.0,2.734280081967213,1188.896885245902,113790.20737704924,0.0,0.0,0.0,0.0,0.0,0.0,0.0,0.0,0.0,0.0,0.0,0.0,34.435245901639384,31.270491803278723,26.18196721311474,67.17049180327874,60.0,12.15,6.971,86.82,0.42,6.5,1.03,3.6765736885245897,4.100785471975156,59.251000000000005,0.1243027121905115,60.63244670976017,0.0242388989215371,3.8157695228772495,0.0844216975240924,0.0741292130090631,0.0153372770079829,0.0624214274864559,4.439407436161415,0.3042855310458894,3.262809066513645,5091.226475409836,9.3,11.76685360984279,69.365,1.29,20.14,1372.419950819672,86.12295081967213,2294.5224180327864,76.854,2.75,1.940409683426443,11.23,5.086666666666667,79.84222222222222,53.74,9.74,33.16,69.8,0.049,2.34,0.22,0.027,0.058,5.66,0.22,1.070948012232416,20.12,35.02,0.63,0.61,8.15,0.31,0.25,0.38,32.7,1.54,1.320183486238532,0.0,0.8309781926229509,0.2820202147540984,1.351137352459017,1.133627457172131,,22.0,8.0,14.86,221.86874590163936,105.60328244057378,27.318181818181817,28.25
2026-04-02 19:00:00,530.4098360655738,126.61957516393448,54.021311475409824,47.787704918032816,87.29672131147544,53.95409836065564,56.17868852459016,53.23032786885233,53.09016393442632,1.0824936795081963,6.344262295081967,4.18,0.012,95.378,0.1,0.104,0.085,0.13,0.011,329.0983606557377,11.689939325702134,31.974,105.0,87.35799649715395,0.427033839994996,1.9825670857571775,0.9520641771439294,1.3343579098360658,0.209641197728446,3.874,17.286899845121322,0.0849896747547754,25.5082343830666,12.521812080536916,0.8668946824987094,0.1133195663397005,18.132186721311477,3.539674393442621,24.16453213114756,140.16147540983616,144.70983606557377,152.23852459016382,150.29856557377047,164.08442622950818,42.86852942622951,1.0,376.5532786885244,481.5360655737703,632.5008196721312,65.26885245901632,1414.0,2.731967598360656,1168.5800327868842,110957.16721311472,0.0,0.0,0.0,0.0,0.0,0.0,0.0,0.0,0.0,0.0,0.0,0.0,34.54836065573771,30.67622950819669,24.558196721311468,71.16639344262293,60.0,12.15,8.427,86.82,0.42,6.5,1.03,4.266197008196722,4.15200588991064,69.271,0.1242545942746603,60.50565662398406,0.0243081664765919,3.866223960964906,0.0841453133345844,0.0759606473127282,0.0154096952548685,0.0631053687690375,4.508630018333791,0.3114735748004215,3.2686073537266678,5822.508139344265,9.3,11.724931145565565,69.365,1.29,20.14,1388.2943606557378,92.5996721311478,2343.567024590164,89.304,2.75,1.940409683426443,11.23,5.086666666666667,79.84222222222222,53.74,9.74,33.16,69.8,0.049,2.34,0.22,0.027,0.058,5.66,0.22,1.070948012232416,20.12,35.02,0.63,0.61,8.15,0.31,0.25,0.38,32.7,1.54,1.320183486238532,0.0,1.0323955680327876,0.2518641713114755,1.3977528196721314,1.2750590897540983,,22.0,8.0,17.424,213.2195499999999,99.05168387315574,27.318181818181817,28.25
2026-04-02 20:00:00,525.5859375,147.29030468750008,56.122656249999984,48.24218749999994,76.60468749999997,54.31718750000002,62.0875,53.96874999999999,53.56406249999999,1.0794518953125,6.5,4.18,0.012,95.378,0.1,0.104,0.085,0.13,0.011,300.0,11.687669972472566,26.519,105.0,87.36006561333383,0.4260994004298804,1.9905765677438816,0.952264414193597,1.3332665937499997,0.2271650678134303,3.023,18.73190869996692,0.0920939464108501,27.640463116109828,13.568508104531922,0.9393582533906716,0.1227919285478002,18.1403271875,3.814516453125,24.158528984375007,147.24843750000002,144.30859375000006,157.35781249999994,152.3125,160.33515624999995,42.88730875,1.0,376.4460937500007,481.4945312500001,632.5015624999999,65.60312499999996,1414.0,2.7310519453125,1203.6827890625,109995.12578124995,0.0,0.0,0.0,0.0,0.0,0.0,0.0,0.0,0.0,0.0,0.0,0.0,36.98906249999999,32.094531249999974,25.57265625,64.46015625000003,60.0,12.15,7.158,86.82,0.42,6.5,1.03,4.241897656250002,4.145547968302141,59.31,0.1242289664474793,60.52115899511044,0.0242967627718765,3.860242454897994,0.0841611869836452,0.0757506322711178,0.0154024785027819,0.0630180408025627,4.500231832743213,0.3105846400269769,3.2671168437025795,5766.2995390625,9.3,14.198048920351612,69.365,1.29,20.14,1375.6244765625004,96.39500000000028,2328.768671875001,75.842,2.75,1.940409683426443,11.23,5.086666666666667,79.84222222222222,53.74,9.74,33.16,69.8,0.049,2.34,0.22,0.027,0.058,5.66,0.22,1.070948012232416,20.12,35.02,0.63,0.61,8.15,0.31,0.25,0.38,32.7,1.54,1.320183486238532,0.0,1.0042860531249995,0.2538146914062502,1.397937546875,1.3307060951171874,,22.0,8.0,15.01,217.42901640625,94.51596537109376,27.318181818181817,28.25
2026-04-02 21:00:00,537.84,165.80164880000007,59.46079999999998,48.68959999999991,78.26959999999998,54.52319999999998,79.0472,54.44720000000001,53.85439999999989,1.0928702872,6.5,4.18,0.012,95.378,0.1,0.104,0.085,0.13,0.011,300.0,11.686207433352791,30.834,105.0,87.36139910488423,0.4254971784393851,1.9957384705195564,0.9523934617629888,1.3636636463999998,0.2277659574468085,3.478,18.781457734330075,0.0923375503162737,27.713576768257624,13.604399079930998,0.941843013225992,0.1231167337550316,18.290277759999995,4.064282392000001,24.195347200000004,134.776,129.09200000000004,140.748,137.40279999999998,144.9951999999999,43.04879456000001,1.0,376.18399999999934,481.2143999999992,632.4416000000006,65.89119999999994,1414.0,2.761689688000001,1211.036376,110842.5008,0.0,0.0,0.0,0.0,0.0,0.0,0.0,0.0,0.0,0.0,0.0,0.0,38.034400000000026,32.78879999999999,25.59360000000001,66.76960000000004,60.0,12.15,8.107,86.82,0.42,6.5,1.03,4.186501679999999,4.160526300464426,68.687,0.1237796089507476,60.477442310772055,0.0242803441699302,3.8802134319449095,0.0838197912268697,0.0765731506689766,0.0154499395809978,0.0632029932883952,4.524999344854193,0.3129247892614323,3.2583822266222136,5741.424488000001,9.3,15.982449936076051,69.365,1.29,20.14,1357.6292559999995,96.39500000000028,2278.4145040000008,88.257,2.75,1.940409683426443,11.23,5.086666666666667,79.84222222222222,53.74,9.74,33.16,69.8,0.049,2.34,0.22,0.027,0.058,5.66,0.22,1.070948012232416,20.12,35.02,0.63,0.61,8.15,0.31,0.25,0.38,32.7,1.54,1.320183486238532,0.0,0.9932847247999996,0.2707933864000001,1.3977328240000002,1.3984642401999998,,22.0,8.0,17.614,217.8968456,96.968718466,27.318181818181817,28.25
2026-04-02 22:00:00,539.3359375,172.53501406250012,63.888281249999984,48.81328125000001,81.29453124999989,54.55390625000004,81.15937499999997,54.39062499999996,53.92109374999993,1.0988248718750009,6.5,4.18,0.012,95.378,0.1,0.104,0.085,0.13,0.011,296.40625,11.68734062136068,26.619,105.0,87.36036590405348,0.4259637852661633,1.991738983432886,0.952293474585822,1.37040075,0.2062433460076045,2.63,17.00671482889734,0.0836121673003802,25.09479847908745,12.318859315589355,0.8528441064638784,0.1114828897338403,18.691135234375,4.162868882812501,24.215156171875005,156.54296875000006,156.96562499999993,168.4546875,161.6873046875,164.78593750000002,43.56264968749999,1.0,376.01171875000017,481.0867187499993,632.6218749999989,65.93593749999994,1414.0,2.7689389140625016,1215.214390625001,110372.38046875002,0.0,0.0,0.0,0.0,0.0,0.0,0.0,0.0,0.0,0.0,0.0,0.0,37.85859375000001,33.88203125000002,29.384374999999988,69.33281250000003,60.0,12.15,6.78,86.82,0.42,6.5,1.03,4.158589351562497,4.122259438074163,59.652,0.1243292764701938,60.58000335277946,0.0242718768859384,3.836362234292228,0.0843338027224569,0.0748662240997787,0.0153648159324079,0.0627097834104472,4.467942902165896,0.307273519747871,3.2663598873466104,5677.639648437501,9.3,16.63151268055475,69.365,1.29,20.14,1345.0847578125,96.39500000000028,2258.8929062500006,75.012,2.75,1.940409683426443,11.23,5.086666666666667,79.84222222222222,53.74,9.74,33.16,69.8,0.049,2.34,0.22,0.027,0.058,5.66,0.22,1.070948012232416,20.12,35.02,0.63,0.61,8.15,0.31,0.25,0.38,32.7,1.54,1.320183486238532,0.0,0.8003946984374999,0.2715759093750002,1.3984563515624997,1.4271511626953126,,22.0,8.0,15.219,217.09195625,96.96245186328127,27.318181818181817,28.25
2026-04-02 23:00:00,535.0,165.8866664122137,63.33435114503815,48.68854961832056,83.03206106870233,54.384732824427466,73.96488549618316,54.18015267175571,53.77404580152668,1.0742065251908397,6.847328244274809,4.18,0.012,95.378,0.1,0.104,0.085,0.13,0.011,290.0,11.686627554638644,31.022,105.0,87.36101605312359,0.4256701695570885,1.9942556895106696,0.9523563922377668,1.3558889007633586,0.2246044211751018,3.438,18.520759162303666,0.0910558464223385,27.328894706224556,13.41556137289122,0.9287696335078536,0.1214077952297847,18.886107099236646,4.133667290076339,23.843366259541988,140.68473282442744,154.31374045801522,162.5778625954199,152.3746183206107,151.92213740458018,44.19868519083968,1.0,375.9343511450387,481.0755725190832,632.897709923665,65.86793893129766,1414.0,2.7540110916030542,1208.8225419847329,110780.24045801524,0.0,0.0,0.0,0.0,0.0,0.0,0.0,0.0,0.0,0.0,0.0,0.0,38.000763358778656,34.11068702290073,28.83893129770994,69.53511450381687,60.0,12.15,8.003,86.82,0.42,6.5,1.03,4.142562259541986,4.123155154460257,63.382000000000005,0.1216886497743839,60.5375204316683,0.0240506768483165,3.868880754788426,0.082748729923322,0.0766384778012685,0.0155254804203086,0.06263046290745,4.496594143447666,0.3088435202423401,3.203207535262377,5674.557839694656,9.3,16.862480945635955,69.365,1.29,20.14,1363.0724961832063,94.96928845816905,2249.226167938932,87.574,2.75,1.940409683426443,11.23,5.086666666666667,79.84222222222222,53.74,9.74,33.16,69.8,0.049,2.34,0.22,0.027,0.058,5.66,0.22,1.070948012232416,20.12,35.02,0.63,0.61,8.15,0.31,0.25,0.38,32.7,1.54,1.320183486238532,0.0,0.8271111847328237,0.2816823580152672,1.3979936870229015,1.3339282599236637,,22.0,8.0,17.848,217.93596259541985,94.47998329961833,27.318181818181817,28.25
